match_id,gw_id,home_team_id,away_team_id,home_team_elo,away_team_elo,home_possession,away_possession,home_expected_goals_xg,away_expected_goals_xg,home_total_shots,away_total_shots,home_shots_on_target,away_shots_on_target,home_big_chances,away_big_chances,home_big_chances_missed,away_big_chances_missed,home_accurate_passes,away_accurate_passes,home_fouls_committed,away_fouls_committed,home_corners,away_corners,home_xg_open_play,away_xg_open_play,home_xg_set_play,away_xg_set_play,home_non_penalty_xg,away_non_penalty_xg,home_xg_on_target_xgot,away_xg_on_target_xgot,home_shots_off_target,away_shots_off_target,home_blocked_shots,away_blocked_shots,home_hit_woodwork,away_hit_woodwork,home_shots_inside_box,away_shots_inside_box,home_shots_outside_box,away_shots_outside_box,home_passes,away_passes,home_own_half,away_own_half,home_opposition_half,away_opposition_half,home_accurate_long_balls,away_accurate_long_balls,home_accurate_crosses,away_accurate_crosses,home_throws,away_throws,home_touches_in_opposition_box,away_touches_in_opposition_box,home_offsides,away_offsides,home_yellow_cards,away_yellow_cards,home_red_cards,away_red_cards,home_tackles_won,away_tackles_won,home_interceptions,away_interceptions,home_blocks,away_blocks,home_clearances,away_clearances,home_keeper_saves,away_keeper_saves,home_duels_won,away_duels_won,home_ground_duels_won,away_ground_duels_won,home_aerial_duels_won,away_aerial_duels_won,home_successful_dribbles,away_successful_dribbles,gameweek,home_score,away_score,finished,home_team_name,away_team_name,season
20252716,202501,27,16,1735.78,1959.96,42.0,58.0,0.56,2.47,9.0,15.0,3.0,4.0,0.0,3.0,0.0,2.0,326.0,510.0,13.0,7.0,4.0,5.0,0.46,1.96,0.1,0.51,0.56,2.47,0.74,2.27,3.0,7.0,3.0,4.0,0.0,0.0,6.0,8.0,3.0,7.0,394.0,563.0,185.0,246.0,141.0,264.0,24.0,13.0,4.0,6.0,24.0,17.0,19.0,28.0,4.0,0.0,1.0,2.0,0.0,0.0,25.0,18.0,6.0,7.0,4.0,3.0,20.0,22.0,0.0,3.0,42.0,55.0,37.0,45.0,5.0,10.0,5.0,14.0,1.0,0.0,4.0,True,Wolves,Man City,2025-26
20251701,202501,17,1,1799.46,1993.36,61.0,39.0,1.52,1.31,22.0,9.0,7.0,3.0,0.0,1.0,0.0,0.0,393.0,219.0,10.0,19.0,3.0,4.0,1.29,0.28,0.23,1.02,1.52,1.31,0.75,1.21,7.0,3.0,8.0,3.0,1.0,0.0,15.0,5.0,7.0,4.0,475.0,294.0,196.0,109.0,197.0,110.0,41.0,20.0,3.0,2.0,20.0,15.0,36.0,20.0,1.0,2.0,1.0,4.0,0.0,0.0,22.0,18.0,4.0,4.0,3.0,8.0,23.0,30.0,2.0,7.0,70.0,53.0,47.0,37.0,23.0,16.0,9.0,9.0,1.0,0.0,1.0,True,Man Utd,Arsenal,2025-26
20252826,202501,28,26,1547.12,1750.14,37.0,63.0,0.75,0.56,10.0,12.0,5.0,4.0,2.0,0.0,2.0,0.0,250.0,468.0,8.0,10.0,5.0,7.0,0.52,0.43,0.23,0.13,0.75,0.56,1.64,0.37,4.0,2.0,1.0,6.0,0.0,0.0,9.0,7.0,1.0,5.0,323.0,550.0,124.0,199.0,126.0,269.0,18.0,26.0,5.0,5.0,17.0,20.0,15.0,28.0,0.0,0.0,0.0,1.0,0.0,0.0,14.0,12.0,9.0,4.0,6.0,1.0,32.0,16.0,4.0,2.0,42.0,46.0,24.0,27.0,18.0,19.0,1.0,7.0,1.0,3.0,0.0,True,Sunderland,West Ham,2025-26
20252004,202501,20,4,1802.85,1811.3,54.0,46.0,1.83,1.49,11.0,10.0,5.0,3.0,4.0,1.0,2.0,0.0,343.0,271.0,7.0,15.0,5.0,5.0,1.76,0.45,0.07,0.25,1.83,0.7,2.43,1.47,4.0,4.0,2.0,3.0,0.0,0.0,6.0,7.0,5.0,3.0,417.0,346.0,139.0,194.0,204.0,77.0,18.0,14.0,5.0,3.0,19.0,19.0,25.0,19.0,2.0,0.0,1.0,2.0,0.0,0.0,12.0,20.0,9.0,5.0,3.0,2.0,24.0,27.0,2.0,2.0,53.0,48.0,33.0,32.0,20.0,16.0,9.0,7.0,1.0,3.0,1.0,True,Nott'm Forest,Brentford,2025-26
20251403,202501,14,3,1993.42,1808.1,61.0,39.0,2.21,1.7,19.0,10.0,10.0,3.0,3.0,3.0,2.0,2.0,401.0,209.0,7.0,10.0,6.0,7.0,1.73,1.56,0.48,0.14,2.21,1.7,3.05,0.81,7.0,4.0,2.0,3.0,0.0,0.0,15.0,8.0,4.0,2.0,489.0,299.0,224.0,132.0,177.0,77.0,29.0,24.0,5.0,5.0,27.0,17.0,36.0,28.0,2.0,2.0,1.0,2.0,0.0,0.0,16.0,20.0,4.0,11.0,3.0,2.0,41.0,45.0,1.0,6.0,63.0,52.0,34.0,34.0,29.0,18.0,8.0,8.0,1.0,4.0,2.0,True,Liverpool,Bournemouth,2025-26
20250218,202501,2,18,1872.85,1868.57,40.0,60.0,0.2,1.43,3.0,16.0,3.0,3.0,1.0,2.0,1.0,2.0,227.0,376.0,13.0,11.0,3.0,6.0,0.15,1.37,0.05,0.07,0.2,1.43,0.2,0.64,0.0,6.0,0.0,7.0,0.0,0.0,3.0,9.0,0.0,7.0,310.0,451.0,116.0,159.0,111.0,217.0,17.0,21.0,3.0,6.0,18.0,12.0,14.0,33.0,2.0,1.0,1.0,1.0,1.0,0.0,11.0,10.0,10.0,12.0,7.0,0.0,20.0,22.0,3.0,3.0,40.0,43.0,30.0,23.0,10.0,20.0,9.0,2.0,1.0,0.0,0.0,True,Aston Villa,Newcastle,2025-26
20250510,202501,5,10,1827.14,1781.73,50.0,50.0,1.48,0.76,10.0,7.0,4.0,2.0,2.0,1.0,1.0,0.0,374.0,349.0,16.0,15.0,4.0,3.0,0.57,0.61,0.11,0.15,0.69,0.76,1.02,0.73,5.0,4.0,1.0,1.0,0.0,0.0,6.0,5.0,4.0,2.0,427.0,423.0,241.0,209.0,133.0,140.0,28.0,29.0,4.0,3.0,10.0,20.0,25.0,19.0,3.0,2.0,3.0,3.0,0.0,0.0,19.0,15.0,9.0,2.0,1.0,1.0,27.0,15.0,1.0,3.0,51.0,44.0,37.0,34.0,14.0,10.0,4.0,5.0,1.0,1.0,1.0,True,Brighton,Fulham,2025-26
20250708,202501,7,8,1902.82,1835.05,72.0,28.0,1.6,0.66,19.0,11.0,3.0,4.0,2.0,1.0,2.0,1.0,510.0,168.0,10.0,12.0,11.0,2.0,1.0,0.36,0.6,0.3,1.6,0.66,0.65,0.26,7.0,3.0,9.0,4.0,0.0,0.0,11.0,4.0,8.0,7.0,568.0,226.0,256.0,107.0,254.0,61.0,21.0,18.0,6.0,0.0,21.0,18.0,31.0,8.0,0.0,0.0,2.0,3.0,0.0,0.0,13.0,16.0,11.0,7.0,4.0,10.0,19.0,41.0,4.0,2.0,52.0,47.0,35.0,31.0,17.0,16.0,12.0,5.0,1.0,0.0,0.0,True,Chelsea,Crystal Palace,2025-26
20252306,202501,23,6,1774.01,1729.6,67.0,33.0,2.32,0.94,16.0,14.0,6.0,4.0,2.0,0.0,1.0,0.0,451.0,181.0,14.0,8.0,6.0,5.0,1.66,0.75,0.67,0.19,2.32,0.94,2.61,1.07,9.0,7.0,1.0,3.0,0.0,0.0,12.0,7.0,4.0,7.0,511.0,246.0,250.0,70.0,201.0,111.0,20.0,18.0,8.0,3.0,17.0,15.0,26.0,25.0,0.0,4.0,0.0,0.0,0.0,0.0,12.0,6.0,1.0,7.0,2.0,1.0,26.0,25.0,4.0,3.0,47.0,45.0,30.0,27.0,17.0,18.0,11.0,7.0,1.0,3.0,0.0,True,Spurs,Burnley,2025-26
20251209,202501,12,9,1722.37,1794.0,54.0,46.0,2.13,0.8,21.0,7.0,3.0,1.0,3.0,1.0,2.0,1.0,401.0,324.0,6.0,8.0,7.0,2.0,1.04,0.05,0.3,0.76,1.34,0.8,1.07,0.1,7.0,3.0,11.0,3.0,0.0,0.0,12.0,5.0,9.0,2.0,481.0,411.0,207.0,204.0,194.0,120.0,25.0,18.0,7.0,4.0,23.0,21.0,28.0,14.0,1.0,2.0,0.0,2.0,0.0,0.0,15.0,16.0,9.0,2.0,3.0,10.0,30.0,31.0,1.0,2.0,45.0,47.0,27.0,28.0,18.0,19.0,6.0,6.0,1.0,1.0,0.0,True,Leeds,Everton,2025-26
20250402,202502,4,2,1799.19,1845.85,24.0,76.0,1.21,1.19,9.0,17.0,2.0,2.0,2.0,1.0,1.0,1.0,128.0,514.0,11.0,9.0,2.0,9.0,0.94,0.98,0.28,0.21,1.21,1.19,1.36,0.13,4.0,7.0,3.0,8.0,0.0,0.0,8.0,12.0,1.0,5.0,178.0,587.0,64.0,211.0,64.0,303.0,23.0,25.0,5.0,4.0,13.0,23.0,25.0,43.0,1.0,0.0,1.0,2.0,0.0,0.0,28.0,14.0,11.0,6.0,8.0,3.0,45.0,12.0,2.0,1.0,62.0,52.0,45.0,31.0,17.0,21.0,8.0,8.0,2.0,1.0,0.0,True,Brentford,Aston Villa,2025-26
20250905,202502,9,5,1785.15,1824.43,42.0,58.0,1.6,2.43,11.0,13.0,3.0,4.0,2.0,3.0,1.0,3.0,272.0,411.0,7.0,15.0,2.0,2.0,1.23,1.64,0.36,0.0,1.6,1.64,1.21,1.54,7.0,5.0,1.0,4.0,0.0,2.0,6.0,7.0,5.0,6.0,362.0,490.0,124.0,262.0,148.0,149.0,31.0,12.0,4.0,3.0,19.0,27.0,18.0,29.0,0.0,6.0,4.0,3.0,0.0,0.0,15.0,17.0,8.0,5.0,3.0,1.0,35.0,24.0,4.0,1.0,70.0,47.0,39.0,31.0,31.0,16.0,9.0,8.0,2.0,2.0,0.0,True,Everton,Brighton,2025-26
20251017,202502,10,17,1784.41,1794.97,52.0,48.0,1.76,1.63,13.0,10.0,4.0,3.0,3.0,2.0,2.0,2.0,353.0,328.0,12.0,10.0,9.0,6.0,1.01,0.52,0.74,0.31,1.76,0.84,1.37,0.54,4.0,6.0,5.0,1.0,0.0,1.0,10.0,8.0,3.0,2.0,419.0,397.0,172.0,178.0,181.0,150.0,21.0,22.0,10.0,4.0,21.0,17.0,38.0,25.0,2.0,1.0,1.0,1.0,0.0,0.0,10.0,17.0,8.0,5.0,1.0,5.0,24.0,27.0,3.0,2.0,41.0,53.0,21.0,30.0,20.0,23.0,2.0,2.0,2.0,1.0,1.0,True,Fulham,Man Utd,2025-26
20250327,202502,3,27,1804.01,1727.97,59.0,41.0,1.29,0.46,14.0,6.0,4.0,1.0,2.0,0.0,2.0,0.0,387.0,225.0,13.0,16.0,8.0,3.0,0.92,0.31,0.37,0.16,1.29,0.46,0.93,0.24,5.0,3.0,5.0,2.0,1.0,0.0,8.0,3.0,6.0,3.0,447.0,307.0,155.0,114.0,232.0,111.0,23.0,29.0,3.0,5.0,24.0,18.0,30.0,14.0,2.0,2.0,2.0,4.0,0.0,1.0,12.0,21.0,6.0,9.0,2.0,5.0,32.0,30.0,1.0,3.0,45.0,64.0,37.0,39.0,8.0,25.0,10.0,5.0,2.0,1.0,0.0,True,Bournemouth,Wolves,2025-26
20251623,202502,16,23,1967.75,1783.94,61.0,39.0,1.55,1.11,10.0,12.0,4.0,5.0,2.0,3.0,2.0,1.0,456.0,259.0,7.0,12.0,7.0,2.0,1.01,0.97,0.54,0.14,1.55,1.11,0.64,2.08,3.0,5.0,3.0,2.0,0.0,0.0,6.0,10.0,4.0,2.0,525.0,331.0,247.0,174.0,209.0,85.0,15.0,20.0,5.0,4.0,23.0,21.0,34.0,26.0,0.0,1.0,1.0,4.0,0.0,0.0,20.0,24.0,6.0,7.0,2.0,3.0,23.0,25.0,3.0,4.0,51.0,47.0,39.0,39.0,12.0,8.0,7.0,8.0,2.0,0.0,2.0,True,Man City,Spurs,2025-26
20251814,202502,18,14,1870.13,1997.5,38.0,62.0,0.98,0.69,10.0,5.0,3.0,4.0,4.0,2.0,2.0,1.0,170.0,370.0,17.0,15.0,7.0,1.0,0.57,0.69,0.41,0.0,0.98,0.69,1.87,2.26,4.0,0.0,3.0,1.0,0.0,0.0,8.0,3.0,2.0,2.0,247.0,445.0,82.0,214.0,88.0,156.0,12.0,15.0,6.0,2.0,22.0,19.0,27.0,17.0,0.0,0.0,2.0,3.0,1.0,0.0,12.0,13.0,8.0,2.0,1.0,3.0,21.0,43.0,1.0,1.0,51.0,51.0,35.0,33.0,16.0,18.0,8.0,5.0,2.0,2.0,3.0,True,Newcastle,Liverpool,2025-26
20250112,202502,1,12,1997.87,1731.2,68.0,32.0,2.88,0.17,18.0,3.0,5.0,1.0,3.0,0.0,1.0,0.0,549.0,219.0,8.0,11.0,2.0,2.0,0.96,0.07,1.13,0.1,2.09,0.17,2.77,0.14,9.0,0.0,4.0,2.0,0.0,0.0,13.0,2.0,5.0,1.0,599.0,290.0,345.0,172.0,204.0,47.0,24.0,13.0,8.0,1.0,28.0,14.0,34.0,6.0,0.0,0.0,0.0,2.0,0.0,0.0,12.0,18.0,5.0,6.0,2.0,3.0,7.0,20.0,1.0,0.0,47.0,34.0,34.0,30.0,13.0,4.0,12.0,4.0,2.0,5.0,0.0,True,Arsenal,Leeds,2025-26
20250628,202502,6,28,1719.67,1567.98,42.0,58.0,1.0,0.77,7.0,9.0,2.0,1.0,2.0,2.0,1.0,2.0,356.0,530.0,9.0,5.0,4.0,3.0,0.97,0.41,0.02,0.37,1.0,0.77,1.58,0.7,4.0,3.0,1.0,5.0,1.0,0.0,4.0,6.0,3.0,3.0,442.0,616.0,181.0,232.0,175.0,298.0,15.0,16.0,4.0,5.0,11.0,19.0,17.0,17.0,0.0,2.0,0.0,1.0,0.0,0.0,22.0,18.0,7.0,7.0,5.0,1.0,29.0,27.0,1.0,0.0,45.0,48.0,30.0,29.0,15.0,19.0,3.0,2.0,2.0,2.0,0.0,True,Burnley,Sunderland,2025-26
20252607,202502,26,7,1729.26,1899.58,41.0,59.0,0.73,2.74,12.0,12.0,4.0,7.0,1.0,7.0,1.0,2.0,339.0,505.0,7.0,10.0,7.0,5.0,0.29,1.8,0.44,0.94,0.73,2.74,0.33,5.14,5.0,4.0,3.0,1.0,0.0,0.0,9.0,10.0,3.0,2.0,392.0,577.0,186.0,263.0,153.0,242.0,15.0,17.0,7.0,3.0,25.0,14.0,19.0,26.0,4.0,2.0,0.0,1.0,0.0,0.0,11.0,19.0,7.0,4.0,1.0,3.0,29.0,17.0,2.0,3.0,39.0,45.0,25.0,30.0,14.0,15.0,5.0,4.0,2.0,1.0,5.0,True,West Ham,Chelsea,2025-26
20250820,202502,8,20,1838.23,1812.67,42.0,58.0,1.1,0.93,8.0,9.0,4.0,1.0,2.0,2.0,1.0,1.0,287.0,442.0,11.0,11.0,1.0,3.0,0.8,0.92,0.3,0.01,1.1,0.93,0.83,0.26,4.0,7.0,0.0,1.0,1.0,1.0,7.0,8.0,1.0,1.0,377.0,514.0,165.0,219.0,122.0,223.0,8.0,31.0,6.0,3.0,14.0,16.0,21.0,20.0,2.0,2.0,3.0,3.0,0.0,0.0,20.0,12.0,7.0,10.0,1.0,0.0,21.0,15.0,0.0,3.0,49.0,45.0,33.0,28.0,16.0,17.0,3.0,6.0,2.0,1.0,1.0,True,Crystal Palace,Nott'm Forest,2025-26
20251706,202503,17,6,1796.21,1724.97,62.0,38.0,3.63,1.2,26.0,6.0,6.0,3.0,4.0,2.0,2.0,0.0,418.0,225.0,9.0,9.0,7.0,1.0,2.23,0.62,0.61,0.59,2.84,1.2,2.18,1.66,13.0,1.0,7.0,2.0,2.0,0.0,19.0,5.0,7.0,1.0,508.0,318.0,212.0,124.0,206.0,101.0,32.0,24.0,13.0,1.0,21.0,13.0,38.0,18.0,1.0,1.0,1.0,5.0,0.0,0.0,16.0,20.0,3.0,9.0,2.0,6.0,17.0,39.0,1.0,5.0,50.0,53.0,29.0,31.0,21.0,22.0,5.0,3.0,3.0,3.0,2.0,True,Man Utd,Burnley,2025-26
20250516,202503,5,16,1813.37,1949.15,36.0,64.0,2.3,1.82,12.0,12.0,7.0,3.0,3.0,3.0,1.0,2.0,235.0,493.0,16.0,14.0,3.0,2.0,1.13,1.67,0.38,0.15,1.51,1.82,3.07,1.1,2.0,8.0,3.0,1.0,0.0,0.0,10.0,8.0,2.0,4.0,315.0,565.0,159.0,256.0,76.0,237.0,14.0,19.0,3.0,1.0,12.0,16.0,22.0,24.0,1.0,0.0,2.0,2.0,0.0,0.0,17.0,15.0,8.0,9.0,1.0,2.0,10.0,15.0,2.0,5.0,47.0,58.0,38.0,44.0,9.0,14.0,8.0,14.0,3.0,2.0,1.0,True,Brighton,Man City,2025-26
20250208,202503,2,8,1862.87,1836.96,58.0,42.0,1.14,2.65,13.0,6.0,4.0,4.0,2.0,4.0,2.0,2.0,475.0,328.0,7.0,14.0,10.0,1.0,1.04,1.35,0.1,0.51,1.14,1.86,1.01,2.45,8.0,1.0,1.0,1.0,0.0,0.0,10.0,5.0,3.0,1.0,531.0,386.0,181.0,161.0,294.0,167.0,29.0,17.0,6.0,2.0,20.0,9.0,20.0,14.0,0.0,2.0,2.0,3.0,0.0,0.0,11.0,26.0,6.0,10.0,1.0,1.0,17.0,37.0,1.0,4.0,37.0,48.0,31.0,39.0,6.0,9.0,7.0,6.0,3.0,0.0,3.0,True,Aston Villa,Crystal Palace,2025-26
20250710,202503,7,10,1909.72,1783.55,54.0,46.0,2.35,1.02,13.0,11.0,6.0,3.0,3.0,1.0,1.0,1.0,429.0,337.0,11.0,17.0,6.0,4.0,0.5,0.37,1.06,0.65,1.56,1.02,3.19,0.1,1.0,6.0,6.0,2.0,0.0,0.0,10.0,8.0,3.0,3.0,494.0,415.0,232.0,203.0,197.0,134.0,17.0,25.0,4.0,5.0,18.0,20.0,27.0,20.0,3.0,1.0,2.0,2.0,0.0,0.0,19.0,29.0,18.0,6.0,3.0,6.0,20.0,20.0,1.0,4.0,60.0,56.0,43.0,43.0,17.0,13.0,8.0,3.0,3.0,2.0,0.0,True,Chelsea,Fulham,2025-26
20252026,202503,20,26,1814.92,1719.5,58.0,42.0,0.73,2.42,11.0,12.0,3.0,8.0,1.0,4.0,1.0,2.0,470.0,316.0,14.0,6.0,9.0,7.0,0.61,1.45,0.12,0.18,0.73,1.63,0.29,3.29,3.0,4.0,5.0,0.0,0.0,0.0,9.0,10.0,2.0,2.0,541.0,385.0,195.0,222.0,275.0,94.0,11.0,13.0,4.0,7.0,17.0,12.0,29.0,18.0,0.0,0.0,0.0,0.0,0.0,0.0,19.0,16.0,6.0,6.0,0.0,5.0,16.0,32.0,5.0,3.0,43.0,47.0,31.0,37.0,12.0,10.0,6.0,8.0,3.0,0.0,3.0,True,Nott'm Forest,West Ham,2025-26
20251401,202503,14,1,2003.53,2002.38,53.0,47.0,0.52,0.49,9.0,11.0,3.0,1.0,0.0,0.0,0.0,0.0,368.0,303.0,7.0,10.0,3.0,8.0,0.45,0.3,0.07,0.19,0.52,0.49,0.27,0.56,2.0,3.0,4.0,7.0,0.0,0.0,4.0,8.0,5.0,3.0,435.0,371.0,246.0,184.0,122.0,119.0,27.0,25.0,1.0,3.0,19.0,16.0,16.0,29.0,1.0,0.0,2.0,2.0,0.0,0.0,11.0,14.0,7.0,9.0,7.0,4.0,29.0,19.0,1.0,2.0,38.0,32.0,28.0,23.0,10.0,9.0,7.0,3.0,3.0,1.0,0.0,True,Liverpool,Arsenal,2025-26
20252709,202503,27,9,1714.15,1805.92,58.0,42.0,1.11,1.93,12.0,10.0,4.0,4.0,2.0,3.0,0.0,1.0,421.0,275.0,15.0,10.0,2.0,2.0,0.92,0.99,0.19,0.94,1.11,1.93,1.16,2.58,3.0,2.0,5.0,4.0,0.0,0.0,6.0,7.0,6.0,3.0,524.0,371.0,245.0,118.0,176.0,157.0,22.0,23.0,8.0,2.0,30.0,23.0,22.0,23.0,2.0,1.0,0.0,1.0,0.0,0.0,23.0,16.0,10.0,16.0,4.0,5.0,19.0,28.0,1.0,2.0,47.0,63.0,35.0,39.0,12.0,24.0,3.0,8.0,3.0,2.0,3.0,True,Wolves,Everton,2025-26
20252303,202503,23,3,1802.91,1809.2,61.0,39.0,0.19,1.59,5.0,20.0,1.0,6.0,0.0,3.0,0.0,3.0,394.0,208.0,17.0,13.0,0.0,8.0,0.15,1.01,0.03,0.58,0.19,1.59,0.22,1.48,3.0,9.0,1.0,5.0,0.0,1.0,3.0,15.0,2.0,5.0,477.0,296.0,228.0,104.0,166.0,104.0,19.0,19.0,5.0,5.0,25.0,15.0,18.0,29.0,2.0,3.0,2.0,4.0,0.0,0.0,16.0,28.0,4.0,9.0,5.0,1.0,33.0,31.0,5.0,1.0,56.0,69.0,39.0,53.0,17.0,16.0,10.0,8.0,3.0,0.0,1.0,True,Spurs,Bournemouth,2025-26
20252804,202503,28,4,1563.05,1810.23,54.0,46.0,1.54,1.2,12.0,7.0,3.0,4.0,2.0,2.0,0.0,1.0,340.0,283.0,11.0,12.0,3.0,4.0,0.36,0.28,0.39,0.13,0.75,0.41,1.08,1.45,6.0,2.0,3.0,1.0,0.0,0.0,9.0,5.0,3.0,2.0,419.0,354.0,187.0,174.0,153.0,109.0,23.0,17.0,3.0,6.0,22.0,16.0,16.0,14.0,0.0,3.0,3.0,2.0,0.0,0.0,28.0,9.0,7.0,4.0,1.0,3.0,34.0,34.0,3.0,1.0,65.0,49.0,41.0,27.0,24.0,22.0,4.0,8.0,3.0,2.0,1.0,True,Sunderland,Brentford,2025-26
20251218,202503,12,18,1727.07,1864.48,43.0,57.0,0.69,0.46,10.0,8.0,1.0,2.0,1.0,0.0,1.0,0.0,328.0,463.0,10.0,15.0,5.0,5.0,0.63,0.43,0.05,0.03,0.69,0.46,0.09,0.14,6.0,3.0,3.0,3.0,0.0,0.0,4.0,4.0,6.0,4.0,414.0,547.0,180.0,246.0,148.0,217.0,16.0,30.0,4.0,2.0,15.0,24.0,19.0,13.0,1.0,0.0,1.0,1.0,0.0,0.0,18.0,10.0,13.0,8.0,3.0,3.0,18.0,6.0,2.0,1.0,47.0,37.0,39.0,25.0,8.0,12.0,7.0,5.0,3.0,0.0,0.0,True,Leeds,Newcastle,2025-26
20250828,202504,8,28,1854.13,1576.12,56.0,44.0,1.77,0.36,14.0,6.0,6.0,0.0,3.0,0.0,3.0,0.0,410.0,310.0,10.0,8.0,5.0,3.0,1.35,0.28,0.42,0.08,1.77,0.36,1.36,0.0,4.0,4.0,4.0,2.0,0.0,0.0,8.0,5.0,6.0,1.0,491.0,386.0,242.0,192.0,168.0,118.0,27.0,21.0,5.0,4.0,23.0,21.0,21.0,17.0,0.0,2.0,1.0,1.0,0.0,0.0,10.0,13.0,6.0,10.0,2.0,4.0,25.0,34.0,0.0,6.0,33.0,53.0,19.0,32.0,14.0,21.0,2.0,11.0,4.0,0.0,0.0,True,Crystal Palace,Sunderland,2025-26
20252623,202504,26,23,1739.5,1793.89,36.0,64.0,0.6,1.29,7.0,14.0,4.0,5.0,1.0,2.0,1.0,1.0,239.0,465.0,8.0,7.0,2.0,13.0,0.37,0.6,0.23,0.69,0.6,1.29,0.29,2.23,3.0,4.0,0.0,5.0,0.0,0.0,6.0,10.0,1.0,4.0,310.0,534.0,127.0,236.0,112.0,229.0,17.0,23.0,3.0,5.0,19.0,21.0,10.0,37.0,0.0,4.0,0.0,1.0,1.0,0.0,13.0,16.0,5.0,3.0,5.0,0.0,41.0,10.0,2.0,4.0,47.0,48.0,25.0,35.0,22.0,13.0,6.0,11.0,4.0,0.0,3.0,True,West Ham,Spurs,2025-26
20251617,202504,16,17,1938.98,1801.47,45.0,55.0,2.63,1.52,13.0,12.0,6.0,2.0,4.0,2.0,2.0,2.0,352.0,420.0,8.0,8.0,2.0,4.0,2.63,1.01,0.0,0.5,2.63,1.52,2.3,0.14,7.0,8.0,0.0,2.0,1.0,0.0,12.0,7.0,1.0,5.0,430.0,501.0,202.0,189.0,150.0,231.0,22.0,36.0,1.0,6.0,26.0,21.0,26.0,29.0,2.0,3.0,0.0,0.0,0.0,0.0,13.0,23.0,10.0,13.0,2.0,0.0,33.0,10.0,2.0,3.0,45.0,48.0,27.0,37.0,18.0,11.0,7.0,6.0,4.0,3.0,0.0,True,Man City,Man Utd,2025-26
20250614,202504,6,14,1719.72,2010.31,19.0,81.0,0.13,2.65,3.0,27.0,0.0,4.0,0.0,3.0,0.0,2.0,80.0,610.0,9.0,9.0,1.0,13.0,0.11,1.04,0.02,0.82,0.13,1.86,0.0,1.18,3.0,11.0,0.0,12.0,0.0,0.0,1.0,14.0,2.0,13.0,168.0,697.0,33.0,160.0,47.0,450.0,15.0,15.0,0.0,10.0,11.0,21.0,2.0,56.0,3.0,1.0,0.0,2.0,1.0,0.0,16.0,10.0,17.0,7.0,12.0,0.0,48.0,12.0,3.0,0.0,41.0,57.0,25.0,30.0,16.0,27.0,2.0,12.0,4.0,0.0,1.0,True,Burnley,Liverpool,2025-26
20250120,202504,1,20,1995.6,1794.92,54.0,46.0,1.84,0.2,16.0,5.0,5.0,1.0,5.0,0.0,4.0,0.0,415.0,350.0,8.0,11.0,8.0,3.0,1.01,0.18,0.82,0.02,1.84,0.2,2.35,0.06,6.0,1.0,5.0,3.0,1.0,1.0,12.0,3.0,4.0,2.0,478.0,409.0,230.0,184.0,185.0,166.0,15.0,18.0,5.0,2.0,12.0,23.0,38.0,14.0,2.0,0.0,1.0,1.0,0.0,0.0,13.0,12.0,7.0,11.0,3.0,5.0,15.0,19.0,1.0,2.0,44.0,32.0,35.0,23.0,9.0,9.0,11.0,5.0,4.0,3.0,0.0,True,Arsenal,Nott'm Forest,2025-26
20250305,202504,3,5,1818.22,1823.54,51.0,49.0,1.45,0.62,13.0,6.0,5.0,2.0,1.0,2.0,0.0,1.0,309.0,293.0,16.0,10.0,4.0,4.0,0.36,0.5,0.3,0.13,0.66,0.62,1.49,1.28,4.0,2.0,4.0,2.0,0.0,0.0,7.0,5.0,6.0,1.0,393.0,374.0,148.0,154.0,161.0,139.0,25.0,24.0,4.0,3.0,17.0,20.0,28.0,24.0,1.0,0.0,4.0,4.0,0.0,0.0,18.0,20.0,3.0,6.0,2.0,4.0,35.0,35.0,1.0,3.0,51.0,55.0,34.0,46.0,17.0,9.0,6.0,10.0,4.0,2.0,1.0,True,Bournemouth,Brighton,2025-26
20251827,202504,18,27,1861.95,1715.68,57.0,43.0,1.55,0.5,16.0,8.0,4.0,3.0,1.0,0.0,1.0,0.0,361.0,259.0,10.0,17.0,9.0,4.0,0.52,0.4,1.04,0.1,1.55,0.5,1.75,0.37,7.0,3.0,5.0,2.0,1.0,0.0,8.0,7.0,8.0,1.0,449.0,343.0,167.0,119.0,194.0,140.0,21.0,22.0,8.0,3.0,28.0,18.0,28.0,22.0,1.0,0.0,1.0,4.0,0.0,0.0,10.0,16.0,6.0,14.0,2.0,5.0,20.0,34.0,3.0,3.0,53.0,46.0,31.0,33.0,22.0,13.0,5.0,8.0,4.0,1.0,0.0,True,Newcastle,Wolves,2025-26
20250407,202504,4,7,1797.16,1915.29,34.0,66.0,1.43,1.25,7.0,16.0,4.0,6.0,1.0,2.0,0.0,1.0,215.0,516.0,13.0,9.0,5.0,6.0,0.58,1.15,0.85,0.11,1.43,1.25,2.3,2.23,2.0,3.0,1.0,7.0,0.0,1.0,7.0,10.0,0.0,6.0,284.0,570.0,128.0,222.0,87.0,294.0,28.0,23.0,6.0,3.0,15.0,20.0,20.0,38.0,0.0,4.0,3.0,2.0,0.0,0.0,17.0,15.0,6.0,13.0,7.0,1.0,33.0,33.0,4.0,3.0,44.0,46.0,37.0,32.0,7.0,14.0,11.0,4.0,4.0,2.0,2.0,True,Brentford,Chelsea,2025-26
20250902,202504,9,2,1804.05,1845.71,48.0,52.0,2.08,0.54,20.0,7.0,2.0,1.0,3.0,0.0,3.0,0.0,281.0,313.0,17.0,15.0,10.0,3.0,1.04,0.24,1.04,0.3,2.08,0.54,0.29,0.13,9.0,1.0,9.0,5.0,1.0,0.0,14.0,3.0,6.0,4.0,343.0,384.0,112.0,154.0,169.0,159.0,25.0,14.0,8.0,3.0,20.0,14.0,46.0,8.0,2.0,2.0,3.0,3.0,0.0,0.0,23.0,16.0,5.0,4.0,5.0,9.0,17.0,19.0,1.0,2.0,66.0,51.0,46.0,34.0,20.0,17.0,8.0,2.0,4.0,0.0,0.0,True,Everton,Aston Villa,2025-26
20251012,202504,10,12,1777.98,1729.6,54.0,46.0,0.85,0.79,5.0,10.0,3.0,3.0,2.0,1.0,2.0,1.0,382.0,313.0,20.0,15.0,3.0,3.0,0.73,0.47,0.12,0.32,0.85,0.79,0.88,0.52,2.0,3.0,0.0,4.0,0.0,1.0,3.0,7.0,2.0,3.0,451.0,388.0,174.0,181.0,208.0,132.0,19.0,23.0,3.0,1.0,25.0,15.0,10.0,21.0,1.0,3.0,1.0,2.0,0.0,0.0,24.0,18.0,6.0,7.0,4.0,0.0,23.0,30.0,3.0,3.0,59.0,60.0,45.0,40.0,14.0,20.0,6.0,4.0,4.0,1.0,0.0,True,Fulham,Leeds,2025-26
20252802,202505,28,2,1584.93,1847.33,29.0,71.0,1.04,0.78,14.0,12.0,4.0,2.0,1.0,2.0,0.0,2.0,151.0,488.0,14.0,8.0,6.0,5.0,0.45,0.51,0.59,0.27,1.04,0.78,0.99,0.15,6.0,4.0,4.0,6.0,1.0,0.0,10.0,6.0,4.0,6.0,218.0,547.0,94.0,172.0,57.0,316.0,16.0,15.0,2.0,4.0,15.0,18.0,16.0,34.0,0.0,3.0,2.0,1.0,1.0,0.0,20.0,11.0,8.0,3.0,6.0,4.0,34.0,28.0,1.0,3.0,47.0,40.0,33.0,23.0,14.0,17.0,5.0,0.0,5.0,1.0,1.0,True,Sunderland,Aston Villa,2025-26
20250318,202505,3,18,1826.64,1858.89,56.0,44.0,0.46,0.14,11.0,4.0,2.0,1.0,0.0,0.0,0.0,0.0,409.0,298.0,7.0,10.0,5.0,2.0,0.22,0.13,0.24,0.01,0.46,0.14,0.26,0.1,3.0,2.0,6.0,1.0,0.0,0.0,4.0,1.0,7.0,3.0,498.0,390.0,219.0,145.0,190.0,153.0,17.0,21.0,0.0,2.0,21.0,28.0,16.0,17.0,3.0,2.0,2.0,1.0,0.0,0.0,15.0,19.0,16.0,8.0,0.0,5.0,28.0,35.0,1.0,2.0,47.0,54.0,28.0,38.0,19.0,16.0,6.0,12.0,5.0,0.0,0.0,True,Bournemouth,Newcastle,2025-26
20251004,202505,10,4,1785.15,1800.67,53.0,47.0,1.01,0.6,14.0,8.0,3.0,3.0,3.0,1.0,1.0,0.0,382.0,324.0,11.0,13.0,2.0,10.0,0.71,0.32,0.29,0.28,1.01,0.6,0.85,0.88,5.0,2.0,6.0,3.0,0.0,0.0,8.0,8.0,6.0,0.0,456.0,398.0,221.0,217.0,161.0,107.0,22.0,17.0,5.0,2.0,16.0,23.0,27.0,17.0,2.0,2.0,4.0,1.0,0.0,0.0,19.0,13.0,6.0,5.0,3.0,5.0,39.0,18.0,2.0,2.0,54.0,36.0,39.0,26.0,15.0,10.0,8.0,4.0,5.0,3.0,1.0,True,Fulham,Brentford,2025-26
20250523,202505,5,23,1818.08,1813.86,36.0,64.0,1.32,1.22,12.0,11.0,4.0,3.0,1.0,1.0,0.0,0.0,236.0,464.0,10.0,13.0,2.0,10.0,1.19,1.18,0.13,0.05,1.32,1.22,1.27,1.55,7.0,6.0,1.0,2.0,0.0,0.0,5.0,9.0,7.0,2.0,307.0,523.0,129.0,211.0,107.0,253.0,22.0,27.0,2.0,3.0,11.0,17.0,17.0,44.0,0.0,1.0,1.0,2.0,0.0,0.0,25.0,26.0,5.0,9.0,2.0,1.0,40.0,17.0,2.0,2.0,57.0,61.0,44.0,49.0,13.0,12.0,6.0,13.0,5.0,2.0,2.0,True,Brighton,Spurs,2025-26
20250620,202505,6,20,1718.4,1791.59,37.0,63.0,0.85,1.1,12.0,17.0,5.0,8.0,2.0,2.0,1.0,2.0,269.0,564.0,12.0,11.0,4.0,5.0,0.42,0.96,0.44,0.14,0.85,1.1,0.98,1.47,4.0,2.0,3.0,7.0,1.0,0.0,9.0,9.0,3.0,8.0,348.0,628.0,135.0,243.0,134.0,321.0,16.0,19.0,8.0,5.0,17.0,20.0,23.0,29.0,1.0,2.0,1.0,1.0,0.0,0.0,11.0,11.0,10.0,7.0,7.0,3.0,35.0,29.0,7.0,4.0,45.0,36.0,31.0,25.0,14.0,11.0,11.0,4.0,5.0,1.0,1.0,True,Burnley,Nott'm Forest,2025-26
20252608,202505,26,8,1727.66,1848.29,57.0,43.0,0.66,2.31,8.0,18.0,3.0,3.0,1.0,4.0,1.0,2.0,375.0,284.0,15.0,5.0,8.0,8.0,0.29,0.84,0.37,1.47,0.66,2.31,1.55,1.37,4.0,9.0,1.0,6.0,0.0,2.0,7.0,14.0,1.0,4.0,450.0,345.0,185.0,165.0,190.0,119.0,21.0,22.0,7.0,8.0,19.0,12.0,20.0,27.0,1.0,2.0,3.0,3.0,0.0,0.0,9.0,22.0,7.0,10.0,6.0,1.0,22.0,35.0,1.0,2.0,46.0,70.0,28.0,41.0,18.0,29.0,14.0,5.0,5.0,1.0,2.0,True,West Ham,Crystal Palace,2025-26
20252712,202505,27,12,1713.62,1725.39,56.0,44.0,1.78,0.48,16.0,6.0,6.0,4.0,1.0,1.0,0.0,0.0,425.0,351.0,11.0,9.0,4.0,0.0,1.6,0.4,0.19,0.08,1.78,0.48,1.31,1.54,6.0,2.0,4.0,0.0,0.0,0.0,13.0,2.0,3.0,4.0,507.0,416.0,201.0,206.0,224.0,145.0,24.0,16.0,14.0,0.0,28.0,15.0,39.0,13.0,0.0,2.0,1.0,1.0,0.0,0.0,28.0,20.0,3.0,7.0,0.0,3.0,16.0,49.0,1.0,5.0,75.0,57.0,46.0,39.0,29.0,18.0,9.0,8.0,5.0,1.0,3.0,True,Wolves,Leeds,2025-26
20250116,202505,1,16,2009.17,1952.46,67.0,33.0,0.89,0.87,12.0,5.0,3.0,3.0,2.0,2.0,1.0,1.0,517.0,229.0,11.0,10.0,11.0,1.0,0.57,0.87,0.32,0.0,0.89,0.87,1.24,1.11,6.0,2.0,3.0,0.0,0.0,0.0,11.0,4.0,1.0,1.0,582.0,300.0,245.0,108.0,272.0,121.0,33.0,19.0,5.0,0.0,20.0,24.0,39.0,7.0,4.0,2.0,1.0,2.0,0.0,0.0,20.0,13.0,5.0,5.0,0.0,2.0,18.0,60.0,2.0,2.0,51.0,51.0,36.0,34.0,15.0,17.0,6.0,10.0,5.0,1.0,1.0,True,Arsenal,Man City,2025-26
20251409,202505,14,9,2017.05,1805.39,57.0,43.0,0.9,0.7,11.0,9.0,3.0,2.0,1.0,0.0,0.0,0.0,404.0,263.0,11.0,10.0,5.0,4.0,0.83,0.64,0.08,0.06,0.9,0.7,1.18,0.57,3.0,4.0,5.0,3.0,0.0,0.0,9.0,6.0,2.0,3.0,475.0,345.0,209.0,119.0,195.0,144.0,14.0,23.0,2.0,5.0,23.0,23.0,26.0,21.0,1.0,1.0,2.0,3.0,0.0,0.0,18.0,18.0,12.0,10.0,3.0,5.0,37.0,23.0,1.0,1.0,57.0,56.0,37.0,41.0,20.0,15.0,10.0,12.0,5.0,2.0,1.0,True,Liverpool,Everton,2025-26
20251707,202505,17,7,1796.44,1907.12,41.0,59.0,1.84,0.43,11.0,5.0,4.0,1.0,3.0,1.0,1.0,0.0,292.0,466.0,13.0,14.0,5.0,5.0,0.75,0.1,1.08,0.32,1.84,0.43,1.87,0.59,3.0,2.0,4.0,2.0,0.0,0.0,6.0,4.0,5.0,1.0,371.0,550.0,137.0,259.0,155.0,207.0,13.0,21.0,8.0,2.0,23.0,20.0,21.0,16.0,3.0,2.0,0.0,5.0,1.0,1.0,21.0,16.0,10.0,8.0,2.0,3.0,19.0,29.0,0.0,2.0,51.0,53.0,39.0,37.0,12.0,16.0,5.0,8.0,5.0,2.0,1.0,True,Man Utd,Chelsea,2025-26
20250814,202506,8,14,1842.24,1974.46,28.0,72.0,2.92,2.14,16.0,20.0,7.0,4.0,7.0,6.0,5.0,5.0,175.0,609.0,10.0,8.0,2.0,6.0,1.65,1.52,1.27,0.61,2.92,2.14,2.65,1.79,7.0,11.0,2.0,5.0,1.0,1.0,12.0,13.0,4.0,7.0,270.0,688.0,94.0,242.0,81.0,367.0,23.0,19.0,2.0,8.0,20.0,18.0,33.0,28.0,2.0,1.0,1.0,3.0,0.0,0.0,24.0,7.0,9.0,10.0,4.0,1.0,32.0,36.0,3.0,5.0,48.0,45.0,36.0,23.0,12.0,22.0,6.0,6.0,6.0,2.0,1.0,True,Crystal Palace,Liverpool,2025-26
20250705,202506,7,5,1899.05,1818.2,60.0,40.0,1.81,2.28,13.0,12.0,3.0,3.0,2.0,4.0,1.0,1.0,396.0,266.0,9.0,16.0,5.0,7.0,1.21,1.43,0.6,0.85,1.81,2.28,2.12,1.77,4.0,7.0,6.0,2.0,0.0,0.0,7.0,8.0,6.0,4.0,470.0,316.0,237.0,126.0,159.0,140.0,15.0,16.0,3.0,5.0,21.0,19.0,17.0,27.0,2.0,2.0,3.0,5.0,1.0,0.0,21.0,21.0,10.0,12.0,2.0,6.0,8.0,26.0,0.0,2.0,54.0,48.0,46.0,37.0,8.0,11.0,10.0,7.0,6.0,1.0,3.0,True,Chelsea,Brighton,2025-26
20251203,202506,12,3,1739.44,1827.83,41.0,59.0,1.84,0.82,19.0,12.0,8.0,5.0,3.0,1.0,3.0,0.0,280.0,436.0,12.0,13.0,7.0,4.0,1.22,0.39,0.62,0.44,1.84,0.82,2.04,1.31,5.0,4.0,6.0,3.0,0.0,0.0,16.0,7.0,3.0,5.0,357.0,509.0,168.0,179.0,112.0,257.0,32.0,24.0,9.0,3.0,14.0,28.0,35.0,21.0,0.0,2.0,2.0,2.0,0.0,0.0,27.0,23.0,9.0,7.0,3.0,6.0,25.0,30.0,3.0,6.0,65.0,63.0,47.0,44.0,18.0,19.0,8.0,11.0,6.0,2.0,2.0,True,Leeds,Bournemouth,2025-26
20251801,202506,18,1,1860.71,2007.88,37.0,63.0,0.61,2.04,8.0,20.0,3.0,7.0,1.0,4.0,0.0,3.0,194.0,405.0,8.0,9.0,7.0,12.0,0.18,1.42,0.43,0.62,0.61,2.04,0.93,2.73,1.0,7.0,4.0,6.0,0.0,1.0,7.0,18.0,1.0,2.0,279.0,495.0,117.0,168.0,77.0,237.0,20.0,22.0,3.0,9.0,21.0,19.0,17.0,43.0,1.0,0.0,2.0,1.0,0.0,0.0,12.0,13.0,8.0,10.0,6.0,3.0,41.0,29.0,5.0,2.0,49.0,54.0,23.0,32.0,26.0,22.0,3.0,11.0,6.0,1.0,2.0,True,Newcastle,Arsenal,2025-26
20251606,202506,16,6,1956.76,1720.74,68.0,32.0,2.03,0.41,21.0,9.0,8.0,2.0,5.0,0.0,2.0,0.0,566.0,242.0,5.0,7.0,10.0,2.0,1.61,0.26,0.42,0.15,2.03,0.41,2.75,0.61,7.0,2.0,6.0,5.0,0.0,0.0,13.0,5.0,8.0,4.0,638.0,295.0,175.0,150.0,391.0,92.0,10.0,31.0,9.0,1.0,22.0,14.0,64.0,11.0,1.0,1.0,1.0,3.0,0.0,0.0,8.0,20.0,4.0,10.0,5.0,6.0,19.0,31.0,1.0,5.0,39.0,40.0,28.0,25.0,11.0,15.0,14.0,1.0,6.0,5.0,1.0,True,Man City,Burnley,2025-26
20252327,202506,23,27,1816.76,1702.59,51.0,49.0,0.87,1.15,10.0,9.0,3.0,3.0,1.0,1.0,1.0,0.0,325.0,321.0,9.0,11.0,10.0,9.0,0.68,0.3,0.19,0.85,0.87,1.15,1.5,1.43,5.0,5.0,2.0,1.0,1.0,1.0,7.0,6.0,3.0,3.0,398.0,394.0,133.0,182.0,192.0,139.0,26.0,22.0,9.0,4.0,24.0,25.0,24.0,16.0,2.0,0.0,3.0,2.0,0.0,0.0,17.0,31.0,10.0,10.0,1.0,2.0,19.0,41.0,2.0,2.0,56.0,64.0,38.0,48.0,18.0,16.0,11.0,8.0,6.0,1.0,1.0,True,Spurs,Wolves,2025-26
20252028,202506,20,28,1793.3,1592.02,65.0,35.0,1.68,1.66,22.0,11.0,6.0,3.0,1.0,3.0,1.0,2.0,521.0,258.0,11.0,6.0,7.0,4.0,1.35,0.98,0.32,0.68,1.68,1.66,1.69,1.39,10.0,5.0,6.0,3.0,0.0,0.0,15.0,8.0,7.0,3.0,578.0,318.0,207.0,163.0,314.0,95.0,23.0,33.0,8.0,3.0,24.0,13.0,36.0,21.0,0.0,1.0,4.0,2.0,0.0,0.0,16.0,10.0,1.0,6.0,3.0,6.0,20.0,42.0,2.0,6.0,46.0,40.0,31.0,27.0,15.0,13.0,9.0,7.0,6.0,0.0,1.0,True,Nott'm Forest,Sunderland,2025-26
20250926,202506,9,26,1804.22,1723.09,52.0,48.0,0.73,1.19,12.0,14.0,6.0,3.0,0.0,1.0,0.0,1.0,380.0,332.0,7.0,16.0,3.0,5.0,0.51,0.57,0.23,0.62,0.73,1.19,0.41,1.19,3.0,5.0,3.0,6.0,0.0,0.0,9.0,10.0,3.0,4.0,447.0,416.0,157.0,147.0,223.0,185.0,25.0,19.0,3.0,4.0,19.0,22.0,30.0,29.0,0.0,2.0,3.0,4.0,0.0,0.0,11.0,16.0,5.0,6.0,5.0,3.0,37.0,36.0,2.0,5.0,52.0,50.0,31.0,27.0,21.0,23.0,4.0,4.0,6.0,1.0,1.0,True,Everton,West Ham,2025-26
20250210,202506,2,10,1847.11,1796.9,48.0,52.0,1.11,0.92,9.0,11.0,4.0,4.0,3.0,1.0,1.0,1.0,340.0,357.0,10.0,13.0,2.0,8.0,1.02,0.79,0.09,0.13,1.11,0.92,1.7,0.76,3.0,4.0,2.0,3.0,0.0,0.0,4.0,9.0,5.0,2.0,403.0,414.0,190.0,209.0,150.0,148.0,17.0,26.0,1.0,7.0,11.0,18.0,18.0,27.0,2.0,4.0,1.0,4.0,0.0,0.0,10.0,16.0,7.0,9.0,4.0,2.0,26.0,23.0,3.0,1.0,38.0,46.0,24.0,37.0,14.0,9.0,5.0,11.0,6.0,3.0,1.0,True,Aston Villa,Fulham,2025-26
20250417,202506,4,17,1791.94,1807.52,44.0,56.0,2.02,2.08,10.0,14.0,8.0,6.0,6.0,4.0,4.0,3.0,274.0,370.0,14.0,10.0,4.0,2.0,1.29,0.95,0.74,0.35,2.02,1.29,3.03,2.43,1.0,4.0,1.0,4.0,0.0,0.0,7.0,9.0,3.0,5.0,359.0,458.0,136.0,217.0,138.0,153.0,21.0,18.0,7.0,4.0,22.0,17.0,23.0,17.0,2.0,1.0,2.0,2.0,0.0,0.0,14.0,16.0,7.0,4.0,4.0,1.0,24.0,29.0,5.0,5.0,52.0,51.0,30.0,32.0,22.0,19.0,6.0,2.0,6.0,3.0,1.0,True,Brentford,Man Utd,2025-26
20251223,202507,12,23,1741.78,1811.6,56.0,44.0,1.68,0.53,16.0,9.0,4.0,3.0,4.0,1.0,3.0,1.0,401.0,298.0,10.0,12.0,4.0,1.0,1.25,0.44,0.43,0.09,1.68,0.53,1.66,0.6,10.0,4.0,2.0,2.0,1.0,1.0,11.0,4.0,5.0,5.0,478.0,374.0,227.0,157.0,174.0,141.0,16.0,11.0,10.0,1.0,15.0,14.0,22.0,18.0,1.0,2.0,2.0,3.0,0.0,0.0,19.0,15.0,6.0,6.0,2.0,2.0,25.0,34.0,1.0,3.0,48.0,44.0,34.0,34.0,14.0,10.0,3.0,10.0,7.0,1.0,2.0,True,Leeds,Spurs,2025-26
20250126,202507,1,26,2015.99,1727.58,68.0,32.0,2.77,0.49,21.0,4.0,5.0,0.0,4.0,2.0,2.0,2.0,498.0,210.0,14.0,14.0,8.0,3.0,1.61,0.03,0.37,0.46,1.99,0.49,2.2,0.0,7.0,3.0,9.0,1.0,1.0,0.0,16.0,4.0,5.0,0.0,566.0,268.0,242.0,110.0,256.0,100.0,10.0,14.0,3.0,2.0,16.0,18.0,46.0,8.0,1.0,1.0,0.0,2.0,0.0,0.0,23.0,17.0,7.0,12.0,1.0,9.0,27.0,50.0,0.0,3.0,54.0,45.0,42.0,33.0,12.0,12.0,5.0,3.0,7.0,2.0,0.0,True,Arsenal,West Ham,2025-26
20251728,202507,17,28,1798.29,1606.97,50.0,50.0,1.84,0.71,15.0,8.0,6.0,3.0,2.0,2.0,1.0,2.0,351.0,341.0,10.0,12.0,2.0,3.0,1.17,0.47,0.67,0.24,1.84,0.71,2.07,0.94,7.0,4.0,2.0,1.0,1.0,0.0,11.0,5.0,4.0,3.0,448.0,428.0,197.0,171.0,154.0,170.0,19.0,16.0,5.0,4.0,23.0,20.0,32.0,14.0,1.0,2.0,1.0,4.0,0.0,0.0,17.0,21.0,10.0,10.0,1.0,2.0,24.0,31.0,3.0,4.0,48.0,61.0,34.0,41.0,14.0,20.0,7.0,11.0,7.0,2.0,0.0,True,Man Utd,Sunderland,2025-26
20250908,202507,9,8,1801.4,1870.49,50.0,50.0,2.03,1.53,14.0,15.0,7.0,8.0,5.0,5.0,3.0,4.0,351.0,349.0,13.0,16.0,2.0,4.0,1.03,0.83,0.21,0.7,1.24,1.53,2.62,1.4,5.0,4.0,2.0,3.0,0.0,1.0,10.0,11.0,4.0,4.0,433.0,432.0,183.0,219.0,168.0,130.0,24.0,17.0,6.0,3.0,31.0,22.0,28.0,23.0,0.0,1.0,2.0,3.0,0.0,0.0,19.0,31.0,11.0,14.0,5.0,2.0,35.0,38.0,5.0,5.0,62.0,73.0,38.0,46.0,24.0,27.0,6.0,2.0,7.0,2.0,1.0,True,Everton,Crystal Palace,2025-26
20250206,202507,2,6,1865.17,1716.6,55.0,45.0,1.16,0.4,15.0,5.0,7.0,2.0,2.0,1.0,1.0,0.0,434.0,331.0,9.0,15.0,6.0,4.0,0.81,0.01,0.35,0.39,1.16,0.4,2.05,0.29,5.0,1.0,3.0,2.0,0.0,1.0,12.0,3.0,3.0,2.0,496.0,409.0,269.0,190.0,165.0,141.0,21.0,23.0,8.0,3.0,9.0,17.0,23.0,12.0,3.0,5.0,3.0,1.0,0.0,0.0,15.0,27.0,5.0,13.0,2.0,3.0,23.0,5.0,1.0,5.0,56.0,44.0,36.0,37.0,20.0,7.0,6.0,2.0,7.0,2.0,1.0,True,Aston Villa,Burnley,2025-26
20250714,202507,7,14,1888.21,1997.75,53.0,47.0,1.0,1.95,12.0,12.0,6.0,2.0,2.0,4.0,1.0,3.0,422.0,370.0,9.0,8.0,7.0,2.0,0.91,1.95,0.09,0.0,1.0,1.95,1.66,0.96,4.0,5.0,2.0,5.0,2.0,0.0,6.0,8.0,6.0,4.0,508.0,450.0,224.0,220.0,198.0,150.0,29.0,16.0,3.0,3.0,17.0,24.0,22.0,25.0,2.0,2.0,0.0,2.0,0.0,0.0,21.0,16.0,13.0,9.0,5.0,2.0,12.0,26.0,1.0,4.0,41.0,32.0,34.0,26.0,7.0,6.0,6.0,2.0,7.0,2.0,1.0,True,Chelsea,Liverpool,2025-26
20252705,202507,27,5,1707.45,1834.56,42.0,58.0,0.56,0.92,6.0,17.0,3.0,6.0,1.0,2.0,1.0,2.0,270.0,427.0,13.0,9.0,2.0,8.0,0.42,0.51,0.14,0.41,0.56,0.92,0.67,1.46,3.0,6.0,0.0,5.0,2.0,0.0,4.0,10.0,2.0,7.0,353.0,492.0,160.0,197.0,110.0,230.0,31.0,26.0,3.0,13.0,16.0,23.0,8.0,28.0,1.0,3.0,2.0,4.0,0.0,0.0,26.0,19.0,9.0,9.0,4.0,0.0,32.0,16.0,5.0,3.0,56.0,52.0,41.0,40.0,15.0,12.0,6.0,8.0,7.0,1.0,1.0,True,Wolves,Brighton,2025-26
20251820,202507,18,20,1872.67,1766.48,51.0,49.0,3.45,0.3,18.0,5.0,9.0,4.0,6.0,0.0,5.0,0.0,387.0,372.0,16.0,15.0,8.0,1.0,1.64,0.23,1.02,0.07,2.66,0.3,3.84,0.25,4.0,1.0,5.0,0.0,1.0,0.0,13.0,4.0,5.0,1.0,464.0,452.0,147.0,232.0,240.0,140.0,13.0,20.0,5.0,3.0,25.0,17.0,33.0,18.0,0.0,2.0,0.0,4.0,0.0,0.0,16.0,13.0,9.0,9.0,0.0,5.0,16.0,38.0,4.0,7.0,47.0,54.0,35.0,41.0,12.0,13.0,5.0,13.0,7.0,2.0,0.0,True,Newcastle,Nott'm Forest,2025-26
20250310,202507,3,10,1827.55,1789.83,54.0,46.0,1.12,0.88,11.0,12.0,6.0,4.0,1.0,1.0,0.0,0.0,460.0,383.0,8.0,10.0,4.0,3.0,0.91,0.79,0.21,0.09,1.12,0.88,1.81,1.06,2.0,4.0,3.0,4.0,0.0,0.0,6.0,5.0,5.0,7.0,536.0,473.0,193.0,208.0,267.0,175.0,25.0,22.0,1.0,3.0,28.0,19.0,30.0,17.0,2.0,2.0,0.0,1.0,0.0,0.0,10.0,11.0,8.0,7.0,4.0,3.0,23.0,38.0,3.0,3.0,40.0,33.0,29.0,27.0,11.0,6.0,10.0,9.0,7.0,3.0,1.0,True,Bournemouth,Fulham,2025-26
20250416,202507,4,16,1802.83,1958.74,30.0,70.0,0.7,0.85,6.0,10.0,1.0,4.0,1.0,2.0,1.0,1.0,249.0,698.0,10.0,6.0,3.0,2.0,0.54,0.79,0.16,0.06,0.7,0.85,0.23,0.65,3.0,2.0,2.0,4.0,0.0,0.0,4.0,6.0,2.0,4.0,311.0,764.0,159.0,256.0,90.0,442.0,17.0,18.0,2.0,2.0,16.0,17.0,8.0,23.0,1.0,1.0,3.0,2.0,0.0,0.0,16.0,14.0,11.0,6.0,3.0,2.0,14.0,21.0,3.0,1.0,31.0,51.0,23.0,34.0,8.0,17.0,2.0,10.0,7.0,0.0,1.0,True,Brentford,Man City,2025-26
20250518,202508,5,18,1832.16,1878.91,46.0,54.0,0.91,1.45,13.0,16.0,5.0,3.0,1.0,1.0,0.0,1.0,341.0,419.0,9.0,9.0,8.0,4.0,0.88,0.89,0.03,0.56,0.91,1.45,1.44,1.06,3.0,8.0,5.0,5.0,0.0,0.0,6.0,10.0,7.0,6.0,421.0,491.0,186.0,202.0,155.0,217.0,16.0,17.0,4.0,7.0,15.0,23.0,30.0,25.0,3.0,1.0,0.0,1.0,0.0,0.0,21.0,17.0,5.0,7.0,5.0,5.0,30.0,22.0,2.0,3.0,57.0,49.0,41.0,36.0,16.0,13.0,11.0,10.0,8.0,2.0,1.0,True,Brighton,Newcastle,2025-26
20252302,202508,23,2,1818.39,1868.92,53.0,47.0,0.75,0.32,10.0,8.0,3.0,2.0,3.0,0.0,2.0,0.0,336.0,292.0,11.0,7.0,6.0,6.0,0.16,0.26,0.59,0.05,0.75,0.32,1.0,0.97,5.0,4.0,2.0,2.0,0.0,0.0,7.0,2.0,3.0,6.0,382.0,348.0,181.0,170.0,155.0,122.0,25.0,15.0,5.0,0.0,23.0,21.0,28.0,7.0,6.0,1.0,2.0,0.0,0.0,0.0,25.0,24.0,6.0,2.0,2.0,1.0,29.0,29.0,0.0,2.0,48.0,55.0,37.0,41.0,11.0,14.0,5.0,7.0,8.0,1.0,2.0,True,Spurs,Aston Villa,2025-26
20252604,202508,26,4,1724.66,1797.77,44.0,56.0,0.35,2.37,7.0,22.0,1.0,7.0,0.0,5.0,0.0,4.0,257.0,371.0,10.0,10.0,6.0,10.0,0.29,1.33,0.06,1.04,0.35,2.37,0.2,1.75,3.0,10.0,3.0,5.0,0.0,2.0,2.0,20.0,5.0,2.0,344.0,451.0,128.0,230.0,129.0,141.0,19.0,22.0,2.0,13.0,26.0,23.0,14.0,42.0,3.0,2.0,1.0,1.0,0.0,0.0,16.0,11.0,2.0,7.0,6.0,3.0,39.0,26.0,4.0,1.0,43.0,62.0,28.0,26.0,15.0,36.0,2.0,6.0,8.0,0.0,2.0,True,West Ham,Brentford,2025-26
20252827,202508,28,27,1602.3,1709.86,41.0,59.0,0.65,0.83,8.0,16.0,2.0,3.0,2.0,0.0,1.0,0.0,248.0,393.0,5.0,12.0,2.0,2.0,0.37,0.75,0.28,0.08,0.65,0.83,0.22,0.27,3.0,8.0,3.0,5.0,1.0,0.0,5.0,8.0,3.0,8.0,341.0,466.0,132.0,164.0,116.0,229.0,15.0,29.0,3.0,11.0,17.0,26.0,17.0,38.0,2.0,2.0,0.0,0.0,0.0,0.0,14.0,15.0,7.0,8.0,4.0,3.0,36.0,40.0,3.0,1.0,60.0,60.0,33.0,26.0,27.0,34.0,8.0,7.0,8.0,2.0,0.0,True,Sunderland,Wolves,2025-26
20251001,202508,10,1,1780.81,2018.12,37.0,63.0,0.44,1.87,9.0,16.0,0.0,5.0,0.0,3.0,0.0,2.0,248.0,475.0,11.0,4.0,6.0,10.0,0.3,1.34,0.14,0.53,0.44,1.87,0.0,1.42,6.0,7.0,3.0,4.0,0.0,0.0,6.0,14.0,3.0,2.0,313.0,546.0,150.0,207.0,98.0,268.0,19.0,20.0,2.0,5.0,17.0,17.0,16.0,46.0,0.0,2.0,0.0,0.0,0.0,0.0,20.0,9.0,7.0,1.0,4.0,2.0,35.0,29.0,4.0,0.0,38.0,52.0,30.0,30.0,8.0,22.0,6.0,10.0,8.0,0.0,1.0,True,Fulham,Arsenal,2025-26
20251609,202508,16,9,1963.8,1810.44,71.0,29.0,2.38,0.81,19.0,5.0,7.0,1.0,6.0,1.0,5.0,1.0,685.0,237.0,8.0,14.0,11.0,3.0,1.89,0.81,0.49,0.0,2.38,0.81,1.48,0.07,5.0,2.0,7.0,2.0,1.0,0.0,16.0,4.0,3.0,1.0,749.0,300.0,320.0,113.0,365.0,124.0,23.0,25.0,5.0,1.0,23.0,11.0,46.0,15.0,0.0,1.0,0.0,2.0,0.0,0.0,15.0,18.0,5.0,7.0,2.0,7.0,26.0,28.0,1.0,5.0,60.0,49.0,43.0,31.0,17.0,18.0,15.0,5.0,8.0,2.0,0.0,True,Man City,Everton,2025-26
20252007,202508,20,7,1760.24,1897.49,50.0,50.0,2.35,1.67,12.0,17.0,2.0,6.0,4.0,4.0,4.0,2.0,367.0,397.0,13.0,16.0,5.0,2.0,1.34,0.85,1.01,0.83,2.35,1.67,0.55,2.16,8.0,6.0,2.0,5.0,1.0,0.0,8.0,11.0,4.0,6.0,445.0,463.0,212.0,235.0,155.0,162.0,15.0,28.0,5.0,3.0,21.0,12.0,23.0,20.0,1.0,2.0,2.0,2.0,0.0,1.0,19.0,15.0,9.0,13.0,5.0,2.0,15.0,19.0,3.0,2.0,47.0,53.0,42.0,40.0,5.0,13.0,8.0,12.0,8.0,0.0,3.0,True,Nott'm Forest,Chelsea,2025-26
20251417,202508,14,17,1987.68,1802.18,64.0,36.0,2.75,1.34,19.0,12.0,6.0,4.0,5.0,5.0,4.0,3.0,408.0,200.0,8.0,14.0,9.0,4.0,2.3,0.79,0.45,0.54,2.75,1.34,2.33,1.06,11.0,5.0,2.0,3.0,3.0,1.0,16.0,10.0,3.0,2.0,480.0,294.0,152.0,79.0,256.0,121.0,27.0,18.0,9.0,4.0,31.0,17.0,52.0,16.0,1.0,1.0,0.0,2.0,0.0,0.0,13.0,15.0,5.0,6.0,3.0,2.0,28.0,46.0,2.0,5.0,51.0,45.0,30.0,27.0,21.0,18.0,4.0,4.0,8.0,0.0,1.0,True,Liverpool,Man Utd,2025-26
20250612,202508,6,12,1712.84,1734.2,31.0,69.0,0.45,2.63,4.0,19.0,3.0,4.0,1.0,4.0,0.0,4.0,221.0,526.0,10.0,7.0,1.0,5.0,0.04,2.21,0.41,0.41,0.45,2.63,1.21,0.51,1.0,12.0,0.0,3.0,0.0,1.0,1.0,17.0,3.0,2.0,292.0,615.0,135.0,226.0,86.0,300.0,23.0,13.0,1.0,18.0,20.0,25.0,3.0,44.0,1.0,0.0,2.0,1.0,0.0,0.0,14.0,13.0,17.0,12.0,3.0,0.0,50.0,12.0,4.0,1.0,40.0,54.0,22.0,29.0,18.0,25.0,2.0,6.0,8.0,2.0,0.0,True,Burnley,Leeds,2025-26
20250803,202508,8,3,1861.45,1835.79,52.0,48.0,4.44,2.03,20.0,8.0,7.0,5.0,7.0,3.0,4.0,0.0,308.0,280.0,8.0,16.0,6.0,5.0,2.78,1.05,0.88,0.98,3.66,2.03,3.93,2.81,6.0,3.0,7.0,0.0,0.0,0.0,15.0,5.0,5.0,3.0,404.0,364.0,192.0,152.0,116.0,128.0,36.0,20.0,6.0,2.0,17.0,14.0,41.0,19.0,3.0,3.0,1.0,4.0,0.0,0.0,23.0,18.0,6.0,12.0,0.0,6.0,32.0,47.0,2.0,4.0,73.0,53.0,41.0,31.0,32.0,22.0,4.0,6.0,8.0,3.0,3.0,True,Crystal Palace,Bournemouth,2025-26
20250320,202509,3,20,1840.34,1761.07,52.0,48.0,0.58,0.37,13.0,8.0,5.0,4.0,0.0,0.0,0.0,0.0,359.0,318.0,17.0,7.0,6.0,4.0,0.58,0.25,0.0,0.12,0.58,0.37,0.56,0.81,4.0,2.0,4.0,2.0,0.0,0.0,5.0,3.0,8.0,5.0,447.0,409.0,184.0,145.0,175.0,173.0,17.0,30.0,2.0,3.0,21.0,19.0,16.0,7.0,3.0,0.0,3.0,1.0,0.0,0.0,9.0,19.0,12.0,9.0,2.0,4.0,16.0,18.0,4.0,3.0,40.0,58.0,23.0,37.0,17.0,21.0,7.0,2.0,9.0,2.0,0.0,True,Bournemouth,Nott'm Forest,2025-26
20251810,202509,18,10,1880.46,1779.72,51.0,49.0,2.14,1.53,18.0,12.0,7.0,5.0,4.0,2.0,3.0,1.0,381.0,351.0,11.0,18.0,4.0,3.0,1.38,1.45,0.76,0.07,2.14,1.53,2.15,2.69,6.0,2.0,5.0,5.0,2.0,1.0,10.0,8.0,8.0,4.0,452.0,444.0,214.0,205.0,167.0,146.0,22.0,22.0,6.0,1.0,19.0,23.0,35.0,25.0,0.0,1.0,0.0,2.0,0.0,0.0,14.0,19.0,7.0,9.0,4.0,5.0,20.0,21.0,4.0,5.0,52.0,46.0,38.0,35.0,14.0,11.0,6.0,5.0,9.0,2.0,1.0,True,Newcastle,Fulham,2025-26
20251226,202509,12,26,1733.22,1724.26,41.0,59.0,1.49,0.65,13.0,9.0,5.0,3.0,3.0,0.0,1.0,0.0,296.0,431.0,12.0,11.0,3.0,4.0,1.2,0.63,0.28,0.02,1.49,0.65,1.46,1.03,5.0,3.0,3.0,3.0,1.0,0.0,8.0,4.0,5.0,5.0,369.0,525.0,206.0,195.0,90.0,236.0,20.0,21.0,5.0,3.0,18.0,30.0,10.0,10.0,1.0,1.0,3.0,3.0,0.0,0.0,21.0,12.0,12.0,4.0,3.0,3.0,39.0,12.0,2.0,3.0,52.0,56.0,37.0,30.0,15.0,26.0,5.0,6.0,9.0,2.0,1.0,True,Leeds,West Ham,2025-26
20250216,202509,2,16,1864.16,1979.13,47.0,53.0,0.81,1.18,9.0,18.0,3.0,4.0,2.0,2.0,2.0,2.0,388.0,455.0,8.0,16.0,5.0,6.0,0.48,0.79,0.34,0.39,0.81,1.18,0.81,0.16,1.0,5.0,5.0,9.0,0.0,0.0,8.0,14.0,1.0,4.0,449.0,504.0,234.0,166.0,154.0,289.0,25.0,10.0,3.0,7.0,13.0,14.0,26.0,33.0,1.0,3.0,1.0,4.0,0.0,0.0,18.0,14.0,7.0,11.0,10.0,5.0,19.0,19.0,3.0,2.0,42.0,41.0,39.0,28.0,3.0,13.0,6.0,6.0,9.0,1.0,0.0,True,Aston Villa,Man City,2025-26
20250728,202509,7,28,1912.46,1618.61,68.0,32.0,0.89,1.31,16.0,10.0,7.0,4.0,2.0,2.0,1.0,1.0,567.0,230.0,15.0,13.0,9.0,1.0,0.38,0.38,0.51,0.92,0.89,1.31,0.99,1.58,5.0,2.0,4.0,4.0,0.0,0.0,10.0,7.0,6.0,3.0,629.0,293.0,262.0,122.0,305.0,108.0,19.0,19.0,4.0,1.0,15.0,13.0,26.0,17.0,3.0,2.0,1.0,1.0,0.0,0.0,8.0,14.0,3.0,8.0,4.0,4.0,18.0,33.0,2.0,6.0,40.0,48.0,30.0,31.0,10.0,17.0,9.0,4.0,9.0,1.0,2.0,True,Chelsea,Sunderland,2025-26
20252706,202509,27,6,1698.68,1726.14,57.0,43.0,2.28,1.43,15.0,11.0,7.0,7.0,3.0,2.0,1.0,0.0,414.0,308.0,12.0,7.0,4.0,3.0,1.43,1.34,0.06,0.1,1.49,1.43,2.3,1.88,6.0,1.0,2.0,3.0,1.0,0.0,10.0,6.0,5.0,5.0,493.0,391.0,153.0,157.0,261.0,151.0,28.0,27.0,12.0,1.0,14.0,18.0,35.0,20.0,2.0,2.0,1.0,0.0,0.0,0.0,14.0,19.0,9.0,5.0,3.0,2.0,24.0,42.0,4.0,5.0,49.0,52.0,28.0,34.0,21.0,18.0,7.0,3.0,9.0,2.0,3.0,True,Wolves,Burnley,2025-26
20250923,202509,9,23,1807.93,1813.8,54.0,46.0,1.74,1.72,12.0,7.0,2.0,4.0,3.0,4.0,3.0,1.0,374.0,329.0,9.0,8.0,9.0,8.0,1.24,0.69,0.5,1.04,1.74,1.72,1.2,3.23,5.0,2.0,5.0,1.0,0.0,0.0,8.0,5.0,4.0,2.0,442.0,395.0,171.0,220.0,203.0,109.0,16.0,14.0,3.0,4.0,17.0,15.0,31.0,16.0,2.0,2.0,2.0,0.0,0.0,0.0,19.0,20.0,6.0,6.0,1.0,5.0,27.0,54.0,1.0,2.0,54.0,48.0,35.0,37.0,19.0,11.0,8.0,8.0,9.0,0.0,3.0,True,Everton,Spurs,2025-26
20250414,202509,4,14,1810.49,1985.57,34.0,66.0,2.75,2.3,17.0,18.0,8.0,5.0,7.0,3.0,4.0,2.0,201.0,490.0,7.0,10.0,5.0,4.0,1.48,2.24,0.49,0.05,1.96,2.3,2.49,2.06,7.0,7.0,2.0,6.0,0.0,0.0,12.0,12.0,5.0,6.0,288.0,586.0,98.0,226.0,103.0,264.0,22.0,24.0,6.0,7.0,23.0,15.0,34.0,36.0,2.0,0.0,3.0,2.0,0.0,0.0,15.0,21.0,14.0,4.0,6.0,2.0,35.0,41.0,3.0,5.0,59.0,63.0,32.0,37.0,27.0,26.0,7.0,9.0,9.0,3.0,2.0,True,Brentford,Liverpool,2025-26
20251705,202509,17,5,1818.1,1842.79,44.0,56.0,1.29,1.12,13.0,17.0,9.0,5.0,4.0,1.0,3.0,0.0,361.0,485.0,4.0,13.0,1.0,6.0,1.21,0.47,0.08,0.64,1.29,1.12,3.04,1.7,3.0,8.0,1.0,4.0,1.0,0.0,7.0,10.0,6.0,7.0,442.0,568.0,164.0,301.0,197.0,184.0,27.0,20.0,1.0,5.0,16.0,14.0,21.0,20.0,2.0,2.0,2.0,2.0,0.0,0.0,21.0,18.0,14.0,12.0,4.0,1.0,15.0,18.0,3.0,5.0,61.0,57.0,46.0,39.0,15.0,18.0,13.0,17.0,9.0,4.0,2.0,True,Man Utd,Brighton,2025-26
20250108,202509,1,8,2029.79,1845.27,60.0,40.0,0.92,0.45,10.0,7.0,3.0,1.0,2.0,0.0,2.0,0.0,449.0,265.0,6.0,11.0,4.0,3.0,0.17,0.4,0.75,0.06,0.92,0.45,1.02,0.48,4.0,3.0,3.0,3.0,1.0,0.0,7.0,5.0,3.0,2.0,540.0,360.0,233.0,146.0,216.0,119.0,18.0,19.0,4.0,3.0,17.0,19.0,25.0,15.0,2.0,1.0,0.0,0.0,0.0,0.0,12.0,16.0,6.0,12.0,3.0,3.0,28.0,44.0,1.0,2.0,48.0,42.0,27.0,26.0,21.0,16.0,5.0,4.0,9.0,1.0,0.0,True,Arsenal,Crystal Palace,2025-26
20250512,202510,5,12,1832.26,1732.75,50.0,50.0,3.07,0.5,14.0,5.0,7.0,2.0,3.0,1.0,0.0,1.0,431.0,423.0,10.0,7.0,4.0,7.0,3.01,0.43,0.06,0.06,3.07,0.5,4.48,0.88,5.0,2.0,2.0,1.0,0.0,0.0,8.0,3.0,6.0,2.0,491.0,486.0,281.0,261.0,150.0,162.0,19.0,22.0,2.0,4.0,22.0,18.0,26.0,18.0,3.0,1.0,0.0,1.0,0.0,0.0,24.0,12.0,3.0,6.0,1.0,2.0,14.0,19.0,2.0,4.0,49.0,43.0,39.0,33.0,10.0,10.0,9.0,11.0,10.0,3.0,0.0,True,Brighton,Leeds,2025-26
20252809,202510,28,9,1634.46,1792.02,61.0,39.0,1.22,0.89,17.0,8.0,3.0,2.0,1.0,1.0,1.0,1.0,449.0,267.0,10.0,12.0,4.0,1.0,0.6,0.84,0.62,0.05,1.22,0.89,1.37,0.74,7.0,3.0,7.0,3.0,0.0,1.0,12.0,5.0,5.0,3.0,529.0,347.0,234.0,132.0,215.0,135.0,29.0,13.0,6.0,2.0,17.0,21.0,29.0,19.0,2.0,0.0,3.0,2.0,0.0,0.0,14.0,14.0,5.0,8.0,3.0,7.0,21.0,45.0,1.0,2.0,52.0,50.0,33.0,30.0,19.0,20.0,7.0,6.0,10.0,1.0,1.0,True,Sunderland,Everton,2025-26
20251027,202510,10,27,1775.26,1690.02,63.0,37.0,1.39,0.24,19.0,5.0,6.0,2.0,2.0,1.0,1.0,1.0,477.0,243.0,13.0,14.0,10.0,1.0,1.3,0.13,0.08,0.11,1.39,0.24,1.92,0.1,5.0,2.0,8.0,1.0,1.0,0.0,11.0,3.0,8.0,2.0,549.0,316.0,244.0,137.0,233.0,106.0,19.0,31.0,6.0,4.0,31.0,13.0,37.0,17.0,3.0,0.0,1.0,3.0,0.0,1.0,6.0,17.0,4.0,10.0,1.0,8.0,22.0,31.0,2.0,4.0,40.0,46.0,26.0,31.0,14.0,15.0,7.0,2.0,10.0,3.0,0.0,True,Fulham,Wolves,2025-26
20252618,202510,26,18,1710.39,1884.94,37.0,63.0,1.75,0.52,15.0,12.0,9.0,4.0,2.0,0.0,2.0,0.0,245.0,467.0,5.0,10.0,7.0,6.0,1.57,0.51,0.18,0.01,1.75,0.52,1.92,0.79,3.0,6.0,3.0,2.0,1.0,0.0,10.0,6.0,5.0,6.0,320.0,545.0,121.0,194.0,124.0,273.0,20.0,22.0,6.0,2.0,17.0,25.0,21.0,22.0,4.0,0.0,1.0,2.0,0.0,0.0,21.0,8.0,7.0,9.0,2.0,3.0,41.0,19.0,3.0,7.0,41.0,31.0,36.0,20.0,5.0,11.0,7.0,7.0,10.0,3.0,1.0,True,West Ham,Newcastle,2025-26
20250601,202510,6,1,1734.8,2032.83,46.0,54.0,0.42,2.42,3.0,12.0,0.0,8.0,1.0,4.0,1.0,2.0,348.0,426.0,10.0,13.0,1.0,6.0,0.02,1.37,0.4,1.06,0.42,2.42,0.0,2.58,3.0,3.0,0.0,1.0,1.0,0.0,2.0,9.0,1.0,3.0,427.0,494.0,184.0,244.0,164.0,182.0,27.0,13.0,1.0,4.0,19.0,21.0,12.0,23.0,0.0,1.0,2.0,1.0,0.0,0.0,14.0,16.0,7.0,6.0,2.0,0.0,28.0,28.0,5.0,0.0,49.0,47.0,31.0,31.0,18.0,16.0,6.0,5.0,10.0,0.0,2.0,True,Burnley,Arsenal,2025-26
20252017,202510,20,17,1753.99,1828.63,41.0,59.0,1.93,1.12,17.0,18.0,3.0,7.0,1.0,0.0,0.0,0.0,263.0,442.0,10.0,7.0,8.0,5.0,1.62,0.57,0.3,0.55,1.93,1.12,1.56,1.42,8.0,6.0,6.0,5.0,0.0,1.0,11.0,8.0,6.0,10.0,350.0,525.0,119.0,264.0,144.0,178.0,23.0,31.0,5.0,5.0,15.0,12.0,24.0,17.0,2.0,1.0,1.0,1.0,0.0,0.0,17.0,12.0,11.0,10.0,6.0,6.0,17.0,22.0,4.0,1.0,45.0,59.0,28.0,30.0,17.0,29.0,5.0,8.0,10.0,2.0,2.0,True,Nott'm Forest,Man Utd,2025-26
20251402,202510,14,2,1974.46,1873.86,53.0,47.0,1.19,0.41,16.0,10.0,4.0,3.0,4.0,0.0,3.0,0.0,408.0,336.0,13.0,11.0,1.0,4.0,0.99,0.3,0.2,0.11,1.19,0.41,1.01,0.3,7.0,6.0,5.0,1.0,0.0,2.0,7.0,4.0,9.0,6.0,467.0,398.0,177.0,205.0,231.0,131.0,19.0,21.0,1.0,1.0,17.0,12.0,21.0,22.0,8.0,0.0,2.0,3.0,0.0,0.0,12.0,11.0,6.0,6.0,1.0,5.0,25.0,26.0,3.0,2.0,42.0,36.0,32.0,30.0,10.0,6.0,9.0,6.0,10.0,2.0,0.0,True,Liverpool,Aston Villa,2025-26
20252307,202510,23,7,1829.71,1896.62,48.0,52.0,0.1,3.68,3.0,15.0,1.0,9.0,0.0,6.0,0.0,5.0,294.0,343.0,14.0,12.0,6.0,5.0,0.1,3.65,0.0,0.03,0.1,3.68,0.16,3.17,1.0,5.0,1.0,1.0,0.0,0.0,2.0,12.0,1.0,3.0,387.0,425.0,183.0,159.0,111.0,184.0,13.0,26.0,0.0,3.0,25.0,22.0,15.0,36.0,1.0,1.0,4.0,2.0,0.0,0.0,30.0,20.0,4.0,17.0,1.0,1.0,20.0,19.0,8.0,1.0,69.0,64.0,50.0,42.0,19.0,22.0,9.0,8.0,10.0,0.0,1.0,True,Spurs,Chelsea,2025-26
20250804,202510,8,4,1842.23,1821.6,36.0,64.0,0.7,0.54,10.0,6.0,3.0,2.0,1.0,1.0,1.0,1.0,178.0,392.0,7.0,11.0,6.0,5.0,0.43,0.24,0.27,0.3,0.7,0.54,0.82,0.77,3.0,2.0,4.0,2.0,1.0,0.0,6.0,2.0,4.0,4.0,268.0,493.0,95.0,243.0,83.0,149.0,17.0,27.0,2.0,1.0,23.0,19.0,24.0,16.0,1.0,3.0,0.0,3.0,0.0,0.0,13.0,16.0,12.0,4.0,2.0,4.0,31.0,38.0,2.0,2.0,42.0,53.0,26.0,28.0,16.0,25.0,2.0,6.0,10.0,2.0,0.0,True,Crystal Palace,Brentford,2025-26
20251603,202510,16,3,1969.44,1847.42,48.0,52.0,2.22,0.72,15.0,8.0,8.0,5.0,4.0,1.0,2.0,0.0,425.0,461.0,8.0,11.0,9.0,4.0,1.89,0.36,0.33,0.36,2.22,0.72,1.39,1.54,4.0,2.0,3.0,1.0,0.0,0.0,13.0,4.0,2.0,4.0,493.0,521.0,189.0,254.0,236.0,207.0,16.0,26.0,4.0,1.0,19.0,7.0,43.0,17.0,0.0,3.0,2.0,2.0,0.0,0.0,10.0,23.0,9.0,5.0,1.0,4.0,23.0,27.0,4.0,4.0,42.0,42.0,34.0,35.0,8.0,7.0,13.0,4.0,10.0,3.0,1.0,True,Man City,Bournemouth,2025-26
20252801,202511,28,1,1642.51,2046.11,35.0,65.0,0.44,1.91,6.0,17.0,2.0,7.0,2.0,4.0,0.0,3.0,226.0,460.0,13.0,13.0,2.0,2.0,0.3,1.56,0.13,0.35,0.44,1.91,0.82,1.38,2.0,6.0,2.0,4.0,0.0,1.0,6.0,12.0,0.0,5.0,287.0,529.0,109.0,134.0,117.0,326.0,12.0,10.0,0.0,4.0,17.0,21.0,14.0,32.0,2.0,0.0,2.0,1.0,0.0,0.0,16.0,12.0,6.0,3.0,4.0,2.0,39.0,25.0,5.0,0.0,50.0,60.0,29.0,29.0,21.0,31.0,2.0,8.0,11.0,2.0,2.0,True,Sunderland,Arsenal,2025-26
20250727,202511,7,27,1902.66,1686.77,64.0,36.0,3.31,0.17,20.0,3.0,8.0,0.0,6.0,0.0,3.0,0.0,543.0,279.0,12.0,14.0,10.0,1.0,3.14,0.17,0.17,0.0,3.31,0.17,3.19,0.0,6.0,3.0,6.0,0.0,1.0,0.0,13.0,1.0,7.0,2.0,614.0,346.0,220.0,174.0,323.0,105.0,25.0,29.0,4.0,1.0,12.0,19.0,36.0,8.0,0.0,0.0,1.0,2.0,0.0,0.0,9.0,10.0,7.0,12.0,0.0,5.0,15.0,30.0,0.0,5.0,38.0,35.0,31.0,26.0,7.0,9.0,9.0,4.0,11.0,3.0,0.0,True,Chelsea,Wolves,2025-26
20251614,202511,16,14,1985.6,1990.92,48.0,52.0,1.51,0.61,14.0,7.0,6.0,1.0,1.0,2.0,1.0,2.0,377.0,410.0,14.0,15.0,7.0,7.0,0.63,0.61,0.09,0.0,0.72,0.61,2.13,0.06,3.0,2.0,5.0,4.0,0.0,0.0,8.0,5.0,6.0,2.0,452.0,471.0,230.0,213.0,147.0,197.0,14.0,18.0,4.0,1.0,21.0,13.0,28.0,22.0,1.0,7.0,2.0,4.0,0.0,0.0,17.0,8.0,9.0,9.0,4.0,5.0,23.0,13.0,2.0,3.0,49.0,31.0,41.0,26.0,8.0,5.0,9.0,4.0,11.0,3.0,0.0,True,Man City,Liverpool,2025-26
20250418,202511,4,18,1817.65,1878.56,49.0,51.0,2.35,0.44,15.0,5.0,7.0,1.0,4.0,1.0,1.0,0.0,321.0,362.0,10.0,13.0,6.0,2.0,0.59,0.38,0.98,0.06,1.57,0.44,2.75,0.22,4.0,3.0,4.0,1.0,0.0,0.0,13.0,2.0,2.0,3.0,423.0,440.0,160.0,191.0,161.0,171.0,28.0,23.0,5.0,2.0,26.0,14.0,35.0,16.0,2.0,0.0,2.0,1.0,0.0,1.0,17.0,10.0,10.0,5.0,1.0,4.0,16.0,56.0,0.0,4.0,53.0,39.0,34.0,25.0,19.0,14.0,6.0,7.0,11.0,3.0,1.0,True,Brentford,Newcastle,2025-26
20252317,202511,23,17,1831.65,1832.85,55.0,45.0,0.92,0.63,10.0,5.0,4.0,2.0,3.0,2.0,2.0,1.0,385.0,305.0,10.0,8.0,5.0,3.0,0.43,0.52,0.5,0.1,0.92,0.63,1.98,1.22,3.0,2.0,3.0,1.0,0.0,0.0,6.0,5.0,4.0,0.0,464.0,396.0,188.0,171.0,197.0,134.0,14.0,29.0,5.0,4.0,18.0,26.0,18.0,19.0,2.0,3.0,5.0,1.0,0.0,0.0,26.0,21.0,7.0,6.0,1.0,2.0,17.0,23.0,0.0,2.0,59.0,52.0,45.0,34.0,14.0,18.0,12.0,3.0,11.0,2.0,2.0,True,Spurs,Man Utd,2025-26
20252606,202511,26,6,1731.11,1735.84,43.0,57.0,3.02,1.06,15.0,16.0,6.0,7.0,3.0,4.0,0.0,2.0,308.0,440.0,15.0,13.0,7.0,4.0,1.29,0.87,1.73,0.19,3.02,1.06,3.06,2.32,1.0,2.0,8.0,7.0,0.0,0.0,8.0,9.0,7.0,7.0,374.0,517.0,147.0,226.0,161.0,214.0,25.0,21.0,4.0,3.0,15.0,17.0,22.0,25.0,2.0,1.0,2.0,2.0,0.0,0.0,14.0,16.0,13.0,7.0,7.0,8.0,30.0,28.0,5.0,3.0,41.0,54.0,32.0,33.0,9.0,21.0,6.0,3.0,11.0,3.0,2.0,True,West Ham,Burnley,2025-26
20250910,202511,9,10,1793.99,1788.52,50.0,50.0,1.44,0.4,14.0,8.0,5.0,4.0,4.0,0.0,2.0,0.0,342.0,338.0,11.0,14.0,7.0,5.0,0.45,0.2,0.99,0.2,1.44,0.4,1.46,0.91,5.0,1.0,4.0,3.0,0.0,0.0,6.0,5.0,8.0,3.0,406.0,411.0,152.0,217.0,190.0,121.0,16.0,22.0,6.0,2.0,22.0,18.0,26.0,19.0,5.0,1.0,2.0,2.0,0.0,0.0,15.0,17.0,4.0,13.0,2.0,4.0,23.0,34.0,4.0,3.0,50.0,49.0,33.0,37.0,17.0,12.0,6.0,9.0,11.0,2.0,0.0,True,Everton,Fulham,2025-26
20252012,202511,20,12,1755.38,1730.14,46.0,54.0,2.55,0.69,14.0,10.0,6.0,3.0,3.0,1.0,0.0,1.0,277.0,353.0,10.0,11.0,6.0,4.0,1.53,0.29,0.24,0.4,1.76,0.69,3.42,0.93,2.0,5.0,6.0,2.0,0.0,0.0,10.0,5.0,4.0,5.0,348.0,435.0,135.0,241.0,142.0,112.0,23.0,19.0,6.0,2.0,20.0,17.0,24.0,20.0,2.0,1.0,2.0,1.0,0.0,0.0,27.0,15.0,6.0,9.0,2.0,5.0,27.0,28.0,2.0,3.0,58.0,49.0,45.0,30.0,13.0,19.0,7.0,5.0,11.0,3.0,1.0,True,Nott'm Forest,Leeds,2025-26
20250805,202511,8,5,1858.85,1844.89,42.0,58.0,0.75,0.39,10.0,7.0,2.0,3.0,0.0,1.0,0.0,1.0,272.0,423.0,10.0,12.0,4.0,8.0,0.5,0.24,0.24,0.16,0.75,0.39,0.92,0.3,7.0,1.0,1.0,3.0,0.0,0.0,8.0,5.0,2.0,2.0,373.0,503.0,165.0,264.0,107.0,159.0,17.0,25.0,6.0,4.0,23.0,17.0,30.0,28.0,2.0,1.0,1.0,4.0,0.0,0.0,21.0,16.0,14.0,4.0,3.0,1.0,32.0,22.0,3.0,2.0,58.0,49.0,37.0,29.0,21.0,20.0,5.0,4.0,11.0,0.0,0.0,True,Crystal Palace,Brighton,2025-26
20250203,202511,2,3,1873.84,1846.75,52.0,48.0,1.7,1.61,16.0,12.0,8.0,3.0,2.0,2.0,2.0,2.0,271.0,253.0,8.0,20.0,6.0,9.0,0.7,0.26,1.0,0.56,1.7,0.82,2.28,1.06,2.0,5.0,6.0,4.0,0.0,1.0,10.0,6.0,6.0,6.0,346.0,316.0,148.0,122.0,123.0,131.0,20.0,17.0,3.0,2.0,15.0,22.0,27.0,12.0,0.0,2.0,2.0,2.0,0.0,0.0,20.0,16.0,6.0,11.0,4.0,4.0,22.0,35.0,3.0,4.0,54.0,47.0,46.0,36.0,8.0,11.0,7.0,13.0,11.0,4.0,0.0,True,Aston Villa,Bournemouth,2025-26
20251709,202512,17,9,1834.22,1803.58,70.0,30.0,1.71,0.21,25.0,3.0,6.0,1.0,3.0,0.0,3.0,0.0,558.0,190.0,12.0,9.0,9.0,1.0,1.48,0.14,0.22,0.07,1.71,0.21,1.85,0.42,12.0,1.0,7.0,1.0,0.0,0.0,17.0,2.0,8.0,1.0,635.0,281.0,191.0,83.0,367.0,107.0,18.0,26.0,7.0,1.0,19.0,18.0,50.0,10.0,1.0,2.0,2.0,0.0,0.0,1.0,14.0,6.0,8.0,11.0,1.0,6.0,19.0,46.0,0.0,6.0,45.0,49.0,26.0,21.0,19.0,28.0,4.0,4.0,12.0,0.0,1.0,True,Man Utd,Everton,2025-26
20250504,202512,5,4,1846.72,1829.36,64.0,36.0,1.22,1.91,14.0,10.0,5.0,4.0,1.0,3.0,0.0,2.0,479.0,234.0,10.0,9.0,7.0,4.0,1.1,0.13,0.12,0.2,1.22,0.33,1.6,1.83,8.0,5.0,1.0,1.0,0.0,0.0,8.0,7.0,6.0,3.0,576.0,314.0,286.0,147.0,193.0,87.0,20.0,18.0,3.0,3.0,16.0,11.0,35.0,25.0,0.0,1.0,4.0,2.0,0.0,0.0,23.0,20.0,8.0,13.0,1.0,1.0,19.0,29.0,3.0,3.0,55.0,48.0,41.0,39.0,14.0,9.0,10.0,9.0,12.0,2.0,1.0,True,Brighton,Brentford,2025-26
20251202,202512,12,2,1721.38,1886.16,48.0,52.0,1.79,1.58,14.0,14.0,5.0,3.0,3.0,1.0,2.0,1.0,339.0,358.0,18.0,16.0,3.0,3.0,0.6,1.32,1.19,0.26,1.79,1.58,1.71,0.46,5.0,7.0,4.0,4.0,0.0,0.0,9.0,8.0,5.0,6.0,400.0,449.0,177.0,212.0,162.0,146.0,20.0,18.0,4.0,4.0,11.0,15.0,24.0,23.0,4.0,2.0,5.0,1.0,0.0,0.0,26.0,20.0,12.0,7.0,3.0,5.0,21.0,18.0,2.0,3.0,62.0,61.0,51.0,46.0,11.0,15.0,9.0,12.0,12.0,1.0,2.0,True,Leeds,Aston Villa,2025-26
20251420,202512,14,20,1979.06,1764.14,74.0,26.0,1.93,1.58,21.0,15.0,4.0,7.0,1.0,2.0,1.0,1.0,559.0,151.0,11.0,8.0,8.0,6.0,1.81,0.91,0.12,0.67,1.93,1.58,0.67,2.77,8.0,3.0,9.0,5.0,0.0,0.0,16.0,9.0,5.0,6.0,629.0,215.0,190.0,76.0,369.0,75.0,19.0,21.0,9.0,3.0,25.0,17.0,50.0,23.0,0.0,2.0,2.0,0.0,0.0,0.0,15.0,27.0,4.0,7.0,5.0,10.0,17.0,46.0,4.0,3.0,53.0,56.0,36.0,44.0,17.0,12.0,14.0,7.0,12.0,0.0,3.0,True,Liverpool,Nott'm Forest,2025-26
20251028,202512,10,28,1778.93,1650.21,57.0,43.0,2.16,0.17,24.0,4.0,6.0,2.0,4.0,0.0,3.0,0.0,412.0,299.0,5.0,13.0,7.0,4.0,2.01,0.16,0.15,0.01,2.16,0.17,1.27,0.18,13.0,1.0,5.0,1.0,0.0,0.0,18.0,4.0,6.0,0.0,485.0,373.0,213.0,176.0,199.0,123.0,22.0,17.0,8.0,2.0,20.0,17.0,46.0,22.0,1.0,3.0,3.0,3.0,0.0,0.0,11.0,21.0,6.0,9.0,1.0,6.0,28.0,25.0,2.0,4.0,36.0,43.0,24.0,29.0,12.0,14.0,2.0,3.0,12.0,1.0,0.0,True,Fulham,Sunderland,2025-26
20250607,202512,6,7,1728.85,1906.94,44.0,56.0,0.44,1.72,8.0,15.0,2.0,5.0,1.0,2.0,1.0,0.0,329.0,439.0,13.0,8.0,1.0,9.0,0.34,1.55,0.1,0.16,0.44,1.72,0.11,2.3,3.0,5.0,3.0,5.0,0.0,1.0,6.0,10.0,2.0,5.0,418.0,524.0,196.0,306.0,133.0,133.0,21.0,18.0,1.0,1.0,18.0,10.0,17.0,31.0,0.0,3.0,2.0,3.0,0.0,0.0,16.0,15.0,12.0,12.0,5.0,3.0,28.0,19.0,3.0,2.0,39.0,52.0,25.0,36.0,14.0,16.0,1.0,9.0,12.0,0.0,2.0,True,Burnley,Chelsea,2025-26
20250326,202512,3,26,1834.43,1738.1,76.0,24.0,4.05,0.65,28.0,5.0,10.0,2.0,4.0,0.0,2.0,0.0,527.0,115.0,9.0,10.0,9.0,2.0,2.79,0.51,0.47,0.14,3.26,0.65,4.49,0.72,11.0,2.0,7.0,1.0,0.0,0.0,22.0,4.0,6.0,1.0,616.0,202.0,159.0,65.0,368.0,50.0,13.0,24.0,15.0,1.0,27.0,10.0,57.0,8.0,2.0,2.0,3.0,2.0,0.0,0.0,19.0,13.0,7.0,9.0,1.0,7.0,11.0,57.0,0.0,10.0,45.0,42.0,36.0,30.0,9.0,12.0,9.0,8.0,12.0,2.0,2.0,True,Bournemouth,West Ham,2025-26
20252708,202512,27,8,1682.49,1857.01,48.0,52.0,1.79,1.27,8.0,10.0,1.0,4.0,2.0,2.0,2.0,1.0,330.0,364.0,13.0,9.0,1.0,4.0,1.02,0.86,0.77,0.41,1.79,1.27,0.08,1.4,5.0,3.0,2.0,3.0,0.0,0.0,5.0,6.0,3.0,4.0,408.0,437.0,194.0,186.0,136.0,178.0,27.0,24.0,2.0,0.0,19.0,16.0,24.0,23.0,2.0,3.0,2.0,3.0,0.0,0.0,21.0,19.0,8.0,10.0,2.0,2.0,44.0,30.0,2.0,1.0,48.0,52.0,36.0,39.0,12.0,13.0,7.0,7.0,12.0,0.0,2.0,True,Wolves,Crystal Palace,2025-26
20251816,202512,18,16,1866.85,1997.46,33.0,67.0,2.24,2.49,9.0,17.0,5.0,4.0,5.0,3.0,4.0,3.0,220.0,525.0,13.0,8.0,5.0,9.0,1.25,2.26,1.0,0.23,2.24,2.49,2.5,0.83,3.0,9.0,1.0,4.0,1.0,0.0,7.0,14.0,2.0,3.0,285.0,584.0,113.0,171.0,107.0,354.0,25.0,18.0,5.0,6.0,11.0,17.0,14.0,43.0,3.0,2.0,1.0,3.0,0.0,0.0,17.0,13.0,7.0,10.0,4.0,1.0,36.0,15.0,3.0,3.0,45.0,45.0,29.0,34.0,16.0,11.0,4.0,9.0,12.0,2.0,1.0,True,Newcastle,Man City,2025-26
20250123,202512,1,23,2038.41,1830.28,57.0,43.0,1.93,0.07,17.0,3.0,8.0,2.0,3.0,0.0,2.0,0.0,363.0,250.0,11.0,15.0,4.0,1.0,1.22,0.07,0.71,0.0,1.93,0.07,3.15,0.13,7.0,1.0,2.0,0.0,0.0,0.0,12.0,0.0,5.0,3.0,448.0,330.0,179.0,178.0,184.0,72.0,20.0,18.0,4.0,0.0,18.0,22.0,27.0,4.0,3.0,1.0,1.0,3.0,0.0,0.0,23.0,21.0,11.0,8.0,0.0,2.0,17.0,34.0,1.0,4.0,58.0,49.0,43.0,35.0,15.0,14.0,5.0,4.0,12.0,4.0,1.0,True,Arsenal,Spurs,2025-26
20252803,202513,28,3,1633.62,1817.7,42.0,58.0,1.28,1.7,12.0,18.0,6.0,6.0,2.0,2.0,1.0,1.0,240.0,376.0,14.0,13.0,6.0,3.0,0.33,1.63,0.16,0.07,0.49,1.7,1.82,2.95,4.0,8.0,2.0,4.0,0.0,2.0,10.0,13.0,2.0,5.0,334.0,463.0,119.0,150.0,121.0,226.0,13.0,24.0,6.0,5.0,12.0,18.0,29.0,36.0,1.0,2.0,5.0,5.0,0.0,1.0,14.0,19.0,8.0,9.0,4.0,2.0,26.0,21.0,4.0,3.0,56.0,50.0,35.0,35.0,21.0,15.0,9.0,3.0,13.0,3.0,2.0,True,Sunderland,Bournemouth,2025-26
20250701,202513,7,1,1912.06,2037.35,38.0,62.0,0.79,1.26,11.0,8.0,4.0,4.0,1.0,1.0,1.0,0.0,222.0,390.0,12.0,13.0,3.0,3.0,0.38,1.13,0.42,0.13,0.79,1.26,1.15,2.18,5.0,3.0,2.0,1.0,0.0,0.0,6.0,6.0,5.0,2.0,279.0,463.0,123.0,175.0,99.0,215.0,26.0,11.0,5.0,4.0,14.0,15.0,20.0,23.0,1.0,3.0,1.0,6.0,1.0,0.0,13.0,15.0,6.0,10.0,1.0,2.0,30.0,17.0,3.0,3.0,58.0,44.0,29.0,32.0,29.0,12.0,5.0,5.0,13.0,1.0,1.0,True,Chelsea,Arsenal,2025-26
20251612,202513,16,12,1956.28,1703.44,62.0,38.0,3.1,1.54,18.0,9.0,9.0,4.0,6.0,3.0,4.0,1.0,495.0,265.0,17.0,11.0,8.0,1.0,1.34,0.17,1.75,0.58,3.1,0.75,3.68,2.29,3.0,3.0,6.0,2.0,0.0,0.0,14.0,8.0,4.0,1.0,561.0,348.0,192.0,187.0,303.0,78.0,26.0,20.0,9.0,3.0,9.0,10.0,45.0,20.0,2.0,4.0,4.0,1.0,0.0,0.0,6.0,26.0,2.0,8.0,3.0,6.0,25.0,21.0,1.0,6.0,44.0,64.0,24.0,46.0,20.0,18.0,7.0,4.0,13.0,3.0,2.0,True,Man City,Leeds,2025-26
20252614,202513,26,14,1729.46,1918.49,44.0,56.0,0.29,1.24,7.0,9.0,0.0,5.0,0.0,3.0,0.0,2.0,303.0,445.0,12.0,14.0,7.0,2.0,0.23,1.02,0.07,0.22,0.29,1.24,0.0,1.63,2.0,4.0,5.0,0.0,0.0,0.0,4.0,5.0,3.0,4.0,380.0,515.0,129.0,241.0,174.0,204.0,16.0,19.0,2.0,2.0,14.0,23.0,11.0,20.0,2.0,1.0,1.0,0.0,1.0,0.0,13.0,11.0,9.0,4.0,0.0,5.0,21.0,29.0,3.0,0.0,41.0,44.0,31.0,28.0,10.0,16.0,5.0,6.0,13.0,0.0,2.0,True,West Ham,Liverpool,2025-26
20250918,202513,9,18,1801.13,1855.71,49.0,51.0,0.99,1.91,10.0,13.0,2.0,8.0,1.0,5.0,0.0,2.0,458.0,485.0,4.0,6.0,8.0,7.0,0.68,1.35,0.31,0.55,0.99,1.91,0.89,2.77,6.0,1.0,2.0,4.0,1.0,1.0,7.0,10.0,3.0,3.0,520.0,553.0,166.0,268.0,292.0,217.0,30.0,20.0,5.0,7.0,14.0,18.0,31.0,28.0,0.0,0.0,0.0,0.0,0.0,0.0,19.0,16.0,9.0,3.0,5.0,2.0,19.0,30.0,3.0,1.0,46.0,41.0,29.0,23.0,17.0,18.0,4.0,5.0,13.0,1.0,4.0,True,Everton,Newcastle,2025-26
20250817,202513,8,17,1841.87,1811.29,44.0,56.0,1.83,1.19,14.0,14.0,3.0,6.0,3.0,2.0,2.0,2.0,244.0,352.0,14.0,14.0,4.0,4.0,0.69,0.21,0.35,0.98,1.04,1.19,1.07,1.3,6.0,8.0,5.0,0.0,0.0,0.0,11.0,8.0,3.0,6.0,339.0,443.0,127.0,183.0,117.0,169.0,16.0,27.0,4.0,3.0,14.0,23.0,26.0,18.0,3.0,0.0,3.0,2.0,0.0,0.0,14.0,16.0,7.0,10.0,0.0,5.0,44.0,31.0,4.0,2.0,53.0,61.0,30.0,34.0,23.0,27.0,2.0,5.0,13.0,1.0,2.0,True,Crystal Palace,Man Utd,2025-26
20250227,202513,2,27,1879.55,1662.71,52.0,48.0,0.94,0.49,16.0,9.0,6.0,4.0,0.0,1.0,0.0,1.0,401.0,369.0,13.0,21.0,7.0,3.0,0.67,0.22,0.27,0.27,0.94,0.49,1.17,0.98,6.0,2.0,4.0,3.0,1.0,1.0,9.0,7.0,7.0,2.0,461.0,423.0,150.0,176.0,251.0,193.0,14.0,22.0,5.0,5.0,13.0,10.0,28.0,20.0,0.0,2.0,0.0,4.0,0.0,0.0,16.0,22.0,4.0,6.0,3.0,4.0,26.0,28.0,4.0,5.0,59.0,55.0,42.0,42.0,17.0,13.0,7.0,7.0,13.0,1.0,0.0,True,Aston Villa,Wolves,2025-26
20250406,202513,4,6,1810.51,1709.13,52.0,48.0,3.06,0.95,14.0,6.0,4.0,2.0,6.0,1.0,3.0,0.0,321.0,263.0,7.0,7.0,5.0,6.0,1.44,0.04,0.84,0.12,2.27,0.16,2.15,0.96,9.0,1.0,1.0,3.0,0.0,0.0,11.0,2.0,3.0,4.0,406.0,379.0,156.0,159.0,165.0,104.0,19.0,20.0,5.0,1.0,23.0,21.0,35.0,13.0,3.0,1.0,0.0,2.0,0.0,0.0,9.0,26.0,11.0,7.0,3.0,1.0,51.0,37.0,1.0,1.0,52.0,51.0,22.0,35.0,30.0,16.0,7.0,2.0,13.0,3.0,1.0,True,Brentford,Burnley,2025-26
20252310,202513,23,10,1809.21,1770.13,63.0,37.0,0.86,0.45,14.0,7.0,2.0,3.0,3.0,0.0,3.0,0.0,439.0,241.0,11.0,7.0,8.0,2.0,0.57,0.41,0.3,0.04,0.86,0.45,0.46,1.08,6.0,1.0,6.0,3.0,0.0,1.0,10.0,3.0,4.0,4.0,507.0,320.0,218.0,167.0,221.0,74.0,21.0,21.0,6.0,1.0,26.0,23.0,27.0,15.0,3.0,4.0,3.0,2.0,0.0,0.0,14.0,29.0,13.0,9.0,3.0,7.0,18.0,47.0,1.0,0.0,49.0,61.0,25.0,44.0,24.0,17.0,7.0,5.0,13.0,1.0,2.0,True,Spurs,Fulham,2025-26
20252005,202513,20,5,1777.99,1840.19,52.0,48.0,0.89,2.0,19.0,17.0,3.0,6.0,1.0,4.0,1.0,2.0,409.0,392.0,11.0,10.0,9.0,2.0,0.55,1.34,0.34,0.66,0.89,2.0,0.4,1.73,6.0,5.0,10.0,6.0,0.0,0.0,13.0,11.0,6.0,6.0,492.0,476.0,198.0,250.0,211.0,142.0,29.0,26.0,8.0,3.0,14.0,16.0,35.0,28.0,1.0,0.0,0.0,1.0,0.0,0.0,22.0,19.0,7.0,13.0,7.0,8.0,19.0,37.0,3.0,3.0,62.0,48.0,49.0,35.0,13.0,13.0,17.0,6.0,13.0,0.0,2.0,True,Nott'm Forest,Brighton,2025-26
20250309,202514,3,9,1806.24,1787.19,55.0,45.0,0.57,1.35,5.0,13.0,2.0,3.0,1.0,1.0,1.0,1.0,398.0,275.0,14.0,14.0,1.0,6.0,0.22,0.59,0.35,0.76,0.57,1.35,0.61,0.75,1.0,5.0,2.0,5.0,0.0,2.0,5.0,9.0,0.0,4.0,471.0,371.0,219.0,110.0,179.0,165.0,14.0,19.0,3.0,2.0,20.0,25.0,28.0,33.0,1.0,1.0,3.0,3.0,0.0,0.0,15.0,17.0,3.0,4.0,4.0,2.0,53.0,23.0,2.0,2.0,55.0,56.0,36.0,32.0,19.0,24.0,8.0,1.0,14.0,0.0,1.0,True,Bournemouth,Everton,2025-26
20251016,202514,10,16,1780.63,1958.29,57.0,43.0,0.9,2.21,12.0,11.0,6.0,4.0,1.0,3.0,1.0,1.0,520.0,383.0,9.0,7.0,7.0,2.0,0.75,2.16,0.14,0.05,0.9,2.21,2.05,1.96,3.0,3.0,3.0,4.0,0.0,2.0,9.0,9.0,3.0,2.0,594.0,457.0,289.0,205.0,231.0,178.0,27.0,23.0,5.0,4.0,18.0,18.0,23.0,23.0,4.0,1.0,0.0,1.0,0.0,0.0,20.0,19.0,12.0,17.0,4.0,4.0,16.0,26.0,0.0,1.0,40.0,47.0,33.0,35.0,7.0,12.0,6.0,7.0,14.0,4.0,5.0,True,Fulham,Man City,2025-26
20251428,202514,14,28,1925.0,1645.08,68.0,32.0,1.46,0.42,23.0,9.0,4.0,6.0,1.0,1.0,1.0,1.0,546.0,218.0,10.0,5.0,7.0,3.0,1.12,0.25,0.34,0.17,1.46,0.42,0.75,0.46,8.0,2.0,11.0,1.0,1.0,2.0,13.0,4.0,10.0,5.0,628.0,303.0,185.0,134.0,361.0,84.0,15.0,23.0,6.0,3.0,16.0,15.0,33.0,16.0,2.0,2.0,1.0,1.0,0.0,0.0,13.0,17.0,5.0,9.0,2.0,10.0,25.0,46.0,4.0,4.0,35.0,46.0,20.0,29.0,15.0,17.0,3.0,3.0,14.0,1.0,1.0,True,Liverpool,Sunderland,2025-26
20251726,202514,17,26,1821.47,1722.95,65.0,35.0,1.8,0.79,17.0,11.0,4.0,3.0,3.0,1.0,2.0,0.0,446.0,212.0,13.0,9.0,6.0,6.0,1.72,0.37,0.08,0.42,1.8,0.79,0.58,1.06,5.0,3.0,8.0,5.0,1.0,0.0,13.0,10.0,4.0,1.0,547.0,297.0,181.0,93.0,265.0,119.0,22.0,27.0,5.0,3.0,28.0,19.0,43.0,28.0,3.0,2.0,2.0,2.0,0.0,0.0,19.0,15.0,5.0,20.0,6.0,9.0,17.0,39.0,1.0,3.0,47.0,64.0,36.0,39.0,11.0,25.0,9.0,11.0,14.0,1.0,1.0,True,Man Utd,West Ham,2025-26
20250104,202514,1,4,2035.26,1816.66,62.0,38.0,1.72,0.34,15.0,6.0,7.0,1.0,4.0,1.0,3.0,1.0,456.0,249.0,7.0,9.0,4.0,8.0,1.72,0.07,0.0,0.27,1.72,0.34,1.18,0.14,4.0,2.0,4.0,3.0,0.0,0.0,10.0,5.0,5.0,1.0,541.0,326.0,217.0,148.0,239.0,101.0,25.0,29.0,2.0,3.0,17.0,14.0,28.0,12.0,0.0,0.0,0.0,1.0,0.0,0.0,24.0,19.0,6.0,12.0,3.0,4.0,25.0,33.0,1.0,5.0,54.0,49.0,38.0,30.0,16.0,19.0,6.0,4.0,14.0,2.0,0.0,True,Arsenal,Brentford,2025-26
20251823,202514,18,23,1869.65,1798.71,53.0,47.0,1.96,0.79,19.0,8.0,7.0,2.0,1.0,2.0,0.0,1.0,366.0,305.0,5.0,12.0,11.0,8.0,1.06,0.72,0.11,0.08,1.17,0.79,2.47,1.36,5.0,1.0,7.0,5.0,1.0,0.0,13.0,7.0,6.0,1.0,423.0,378.0,188.0,141.0,178.0,164.0,12.0,15.0,10.0,6.0,14.0,15.0,38.0,22.0,3.0,1.0,0.0,3.0,0.0,0.0,16.0,18.0,8.0,7.0,5.0,8.0,28.0,36.0,0.0,4.0,56.0,45.0,35.0,33.0,21.0,12.0,8.0,10.0,14.0,2.0,2.0,True,Newcastle,Spurs,2025-26
20252720,202514,27,20,1660.26,1767.17,50.0,50.0,0.72,0.78,5.0,10.0,1.0,3.0,2.0,2.0,2.0,1.0,323.0,328.0,19.0,11.0,3.0,9.0,0.64,0.35,0.08,0.43,0.72,0.78,0.13,0.37,2.0,3.0,2.0,4.0,0.0,0.0,4.0,7.0,1.0,3.0,407.0,411.0,191.0,149.0,132.0,179.0,25.0,27.0,4.0,8.0,17.0,22.0,10.0,22.0,2.0,2.0,2.0,2.0,0.0,0.0,19.0,17.0,10.0,5.0,4.0,2.0,19.0,19.0,2.0,1.0,48.0,52.0,33.0,39.0,15.0,13.0,3.0,3.0,14.0,0.0,1.0,True,Wolves,Nott'm Forest,2025-26
20250502,202514,5,2,1851.01,1882.01,56.0,44.0,1.7,2.76,16.0,14.0,7.0,10.0,3.0,5.0,2.0,1.0,392.0,297.0,10.0,9.0,5.0,6.0,0.5,1.41,1.2,1.35,1.7,2.76,1.85,4.88,6.0,2.0,3.0,2.0,0.0,1.0,12.0,12.0,4.0,2.0,458.0,357.0,214.0,214.0,178.0,83.0,13.0,15.0,3.0,4.0,11.0,16.0,26.0,25.0,4.0,1.0,2.0,2.0,0.0,0.0,23.0,23.0,10.0,4.0,2.0,3.0,15.0,23.0,6.0,4.0,53.0,53.0,44.0,44.0,9.0,9.0,12.0,11.0,14.0,3.0,4.0,True,Brighton,Aston Villa,2025-26
20251207,202514,12,7,1701.43,1914.14,29.0,71.0,2.82,1.11,17.0,14.0,5.0,2.0,2.0,1.0,1.0,0.0,186.0,598.0,10.0,13.0,4.0,2.0,2.34,0.89,0.48,0.22,2.82,1.11,2.29,0.4,10.0,7.0,2.0,5.0,0.0,0.0,11.0,11.0,6.0,3.0,261.0,672.0,83.0,299.0,103.0,299.0,23.0,14.0,6.0,5.0,12.0,23.0,21.0,33.0,3.0,1.0,1.0,1.0,0.0,0.0,19.0,15.0,9.0,3.0,5.0,2.0,32.0,34.0,1.0,2.0,47.0,49.0,34.0,34.0,13.0,15.0,3.0,10.0,14.0,3.0,1.0,True,Leeds,Chelsea,2025-26
20250608,202514,6,8,1702.98,1831.69,58.0,42.0,0.88,0.59,11.0,3.0,4.0,3.0,2.0,2.0,2.0,1.0,468.0,305.0,9.0,8.0,3.0,3.0,0.52,0.59,0.36,0.0,0.88,0.59,0.48,1.28,1.0,0.0,6.0,0.0,1.0,0.0,8.0,3.0,3.0,0.0,563.0,414.0,271.0,178.0,197.0,127.0,23.0,21.0,5.0,5.0,29.0,20.0,30.0,21.0,0.0,3.0,0.0,0.0,0.0,0.0,13.0,17.0,17.0,11.0,0.0,6.0,43.0,41.0,2.0,3.0,42.0,52.0,24.0,27.0,18.0,25.0,3.0,1.0,14.0,0.0,1.0,True,Burnley,Crystal Palace,2025-26
20251214,202515,12,14,1718.7,1917.61,45.0,55.0,1.51,1.81,12.0,16.0,5.0,7.0,2.0,4.0,0.0,2.0,317.0,402.0,14.0,14.0,5.0,4.0,0.28,1.6,0.44,0.21,0.72,1.81,2.07,3.69,5.0,5.0,2.0,4.0,0.0,1.0,9.0,12.0,3.0,4.0,399.0,487.0,160.0,169.0,157.0,233.0,14.0,15.0,4.0,5.0,23.0,15.0,19.0,26.0,2.0,2.0,3.0,3.0,0.0,0.0,9.0,17.0,9.0,5.0,4.0,2.0,19.0,27.0,4.0,2.0,43.0,54.0,26.0,35.0,17.0,19.0,5.0,5.0,15.0,3.0,3.0,True,Leeds,Liverpool,2025-26
20251008,202515,10,8,1775.79,1837.82,63.0,37.0,0.79,1.65,12.0,11.0,4.0,5.0,2.0,3.0,2.0,1.0,538.0,299.0,5.0,8.0,6.0,4.0,0.59,1.27,0.21,0.38,0.79,1.65,1.42,2.07,5.0,1.0,3.0,5.0,0.0,0.0,9.0,9.0,3.0,2.0,623.0,363.0,295.0,170.0,243.0,129.0,23.0,22.0,7.0,3.0,25.0,14.0,24.0,19.0,4.0,2.0,0.0,0.0,0.0,0.0,11.0,20.0,7.0,10.0,5.0,3.0,22.0,27.0,3.0,3.0,41.0,37.0,27.0,31.0,14.0,6.0,9.0,6.0,15.0,1.0,2.0,True,Fulham,Crystal Palace,2025-26
20250201,202515,2,1,1890.53,2038.72,47.0,53.0,2.27,1.84,15.0,15.0,6.0,9.0,5.0,4.0,4.0,3.0,320.0,373.0,10.0,8.0,3.0,3.0,2.1,1.44,0.17,0.4,2.27,1.84,2.45,1.88,2.0,5.0,7.0,1.0,0.0,0.0,13.0,9.0,2.0,6.0,392.0,441.0,148.0,168.0,172.0,205.0,30.0,17.0,1.0,4.0,17.0,16.0,43.0,32.0,0.0,3.0,0.0,2.0,0.0,0.0,13.0,20.0,5.0,10.0,2.0,7.0,24.0,24.0,7.0,4.0,35.0,47.0,28.0,36.0,7.0,11.0,7.0,6.0,15.0,2.0,1.0,True,Aston Villa,Arsenal,2025-26
20250920,202515,9,20,1797.06,1773.69,42.0,58.0,1.08,0.49,11.0,7.0,5.0,3.0,1.0,0.0,0.0,0.0,236.0,345.0,17.0,15.0,6.0,3.0,0.79,0.43,0.29,0.06,1.08,0.49,1.92,0.41,2.0,2.0,4.0,2.0,1.0,0.0,7.0,6.0,4.0,1.0,299.0,429.0,115.0,209.0,121.0,136.0,16.0,13.0,3.0,3.0,21.0,29.0,27.0,11.0,4.0,1.0,4.0,3.0,0.0,0.0,14.0,24.0,12.0,6.0,3.0,4.0,46.0,35.0,2.0,3.0,53.0,71.0,32.0,48.0,21.0,23.0,4.0,8.0,15.0,3.0,0.0,True,Everton,Nott'm Forest,2025-26
20250307,202515,3,7,1796.38,1896.87,39.0,61.0,1.37,0.88,13.0,11.0,5.0,4.0,1.0,0.0,1.0,0.0,224.0,425.0,15.0,13.0,5.0,0.0,1.34,0.88,0.03,0.0,1.37,0.88,0.76,0.75,6.0,6.0,2.0,1.0,0.0,1.0,8.0,6.0,5.0,5.0,321.0,513.0,116.0,207.0,108.0,218.0,26.0,23.0,1.0,5.0,22.0,20.0,24.0,20.0,4.0,0.0,0.0,2.0,0.0,0.0,18.0,17.0,13.0,10.0,1.0,2.0,23.0,26.0,4.0,5.0,49.0,55.0,35.0,34.0,14.0,21.0,4.0,3.0,15.0,0.0,0.0,True,Bournemouth,Chelsea,2025-26
20251628,202515,16,28,1963.13,1652.47,64.0,36.0,2.31,0.74,18.0,8.0,6.0,1.0,3.0,1.0,2.0,1.0,552.0,280.0,9.0,10.0,6.0,5.0,2.07,0.64,0.24,0.1,2.31,0.74,2.22,0.65,7.0,4.0,5.0,3.0,1.0,1.0,15.0,5.0,3.0,3.0,615.0,350.0,193.0,199.0,359.0,81.0,16.0,19.0,6.0,1.0,25.0,14.0,41.0,7.0,0.0,3.0,1.0,0.0,0.0,1.0,8.0,21.0,4.0,7.0,3.0,5.0,21.0,28.0,1.0,2.0,40.0,42.0,29.0,33.0,11.0,9.0,11.0,3.0,15.0,3.0,0.0,True,Man City,Sunderland,2025-26
20252304,202515,23,4,1802.07,1813.2,53.0,47.0,2.15,0.29,15.0,4.0,7.0,1.0,4.0,1.0,3.0,1.0,330.0,280.0,8.0,9.0,7.0,6.0,1.84,0.27,0.3,0.01,2.15,0.29,3.09,0.45,5.0,2.0,3.0,1.0,0.0,0.0,9.0,3.0,6.0,1.0,400.0,355.0,153.0,141.0,177.0,139.0,24.0,19.0,5.0,2.0,18.0,15.0,24.0,17.0,2.0,1.0,3.0,4.0,0.0,0.0,18.0,23.0,12.0,6.0,1.0,3.0,28.0,32.0,1.0,5.0,49.0,54.0,35.0,38.0,14.0,16.0,8.0,7.0,15.0,2.0,0.0,True,Spurs,Brentford,2025-26
20251806,202515,18,6,1866.28,1696.85,69.0,31.0,1.89,1.61,17.0,9.0,7.0,3.0,2.0,3.0,1.0,2.0,534.0,183.0,9.0,11.0,9.0,9.0,0.85,0.52,0.25,0.3,1.1,0.82,2.6,1.26,7.0,3.0,3.0,3.0,2.0,1.0,6.0,5.0,11.0,4.0,587.0,254.0,204.0,94.0,330.0,89.0,32.0,17.0,1.0,6.0,12.0,13.0,25.0,19.0,3.0,2.0,2.0,2.0,0.0,1.0,19.0,14.0,1.0,7.0,2.0,3.0,27.0,27.0,2.0,6.0,54.0,32.0,38.0,24.0,16.0,8.0,9.0,4.0,15.0,2.0,1.0,True,Newcastle,Burnley,2025-26
20250526,202515,5,26,1842.47,1726.95,68.0,32.0,1.87,1.14,22.0,14.0,4.0,5.0,3.0,3.0,2.0,3.0,515.0,203.0,12.0,8.0,10.0,6.0,1.59,0.89,0.28,0.25,1.87,1.14,1.06,1.59,8.0,6.0,10.0,3.0,1.0,0.0,15.0,12.0,7.0,2.0,586.0,277.0,208.0,77.0,307.0,126.0,19.0,15.0,13.0,3.0,16.0,13.0,44.0,24.0,1.0,1.0,2.0,2.0,0.0,0.0,12.0,14.0,9.0,13.0,3.0,9.0,13.0,41.0,4.0,4.0,40.0,51.0,26.0,39.0,14.0,12.0,6.0,13.0,15.0,1.0,1.0,True,Brighton,West Ham,2025-26
20252717,202515,27,17,1653.75,1817.47,36.0,64.0,0.41,4.1,8.0,27.0,2.0,10.0,0.0,7.0,0.0,3.0,206.0,452.0,17.0,12.0,1.0,9.0,0.31,2.4,0.09,0.9,0.41,3.31,1.17,3.28,3.0,3.0,3.0,14.0,0.0,0.0,4.0,20.0,4.0,7.0,287.0,531.0,82.0,233.0,124.0,219.0,24.0,18.0,5.0,3.0,19.0,23.0,20.0,39.0,2.0,3.0,3.0,2.0,0.0,0.0,26.0,16.0,12.0,7.0,15.0,2.0,24.0,26.0,4.0,1.0,64.0,59.0,47.0,40.0,17.0,19.0,9.0,8.0,15.0,1.0,4.0,True,Wolves,Man Utd,2025-26
20250816,202516,8,16,1855.57,1983.81,38.0,62.0,2.08,1.19,16.0,7.0,4.0,6.0,1.0,2.0,1.0,0.0,269.0,511.0,9.0,6.0,2.0,2.0,1.75,0.31,0.33,0.09,2.08,0.4,1.07,1.76,6.0,1.0,6.0,0.0,2.0,0.0,12.0,5.0,4.0,2.0,355.0,589.0,160.0,279.0,109.0,232.0,23.0,21.0,2.0,3.0,18.0,11.0,32.0,12.0,3.0,2.0,2.0,0.0,0.0,0.0,22.0,14.0,5.0,8.0,0.0,6.0,20.0,39.0,3.0,4.0,44.0,54.0,32.0,37.0,12.0,17.0,5.0,14.0,16.0,0.0,3.0,True,Crystal Palace,Man City,2025-26
20251703,202516,17,3,1835.53,1806.95,56.0,44.0,3.29,1.86,25.0,14.0,9.0,9.0,2.0,6.0,0.0,4.0,300.0,201.0,15.0,12.0,5.0,4.0,2.73,1.49,0.57,0.38,3.29,1.86,3.13,3.55,6.0,5.0,10.0,0.0,1.0,0.0,18.0,9.0,7.0,5.0,383.0,298.0,133.0,68.0,167.0,133.0,15.0,16.0,7.0,3.0,19.0,19.0,48.0,24.0,0.0,1.0,2.0,3.0,0.0,0.0,14.0,12.0,3.0,7.0,0.0,10.0,45.0,28.0,5.0,5.0,55.0,60.0,31.0,35.0,24.0,25.0,7.0,9.0,16.0,4.0,4.0,True,Man Utd,Bournemouth,2025-26
20250709,202516,7,9,1895.75,1817.24,58.0,42.0,2.07,1.03,17.0,11.0,5.0,2.0,5.0,3.0,3.0,3.0,468.0,304.0,13.0,11.0,4.0,7.0,1.66,0.61,0.41,0.43,2.07,1.03,1.21,0.73,9.0,5.0,3.0,4.0,0.0,1.0,12.0,9.0,5.0,2.0,530.0,368.0,306.0,149.0,162.0,155.0,22.0,26.0,3.0,5.0,7.0,21.0,25.0,25.0,0.0,1.0,1.0,0.0,0.0,0.0,15.0,22.0,9.0,7.0,4.0,3.0,32.0,12.0,2.0,3.0,45.0,55.0,34.0,41.0,11.0,14.0,8.0,6.0,16.0,2.0,0.0,True,Chelsea,Everton,2025-26
20251405,202516,14,5,1933.28,1847.02,49.0,51.0,1.89,1.9,18.0,14.0,4.0,1.0,3.0,3.0,1.0,3.0,448.0,470.0,8.0,15.0,2.0,2.0,1.54,1.9,0.35,0.0,1.89,1.9,1.22,0.62,8.0,7.0,6.0,6.0,0.0,1.0,10.0,11.0,8.0,3.0,519.0,526.0,227.0,250.0,221.0,220.0,29.0,28.0,2.0,4.0,9.0,7.0,38.0,28.0,2.0,0.0,1.0,2.0,0.0,0.0,22.0,13.0,8.0,6.0,6.0,5.0,31.0,6.0,1.0,2.0,70.0,36.0,52.0,28.0,18.0,8.0,17.0,7.0,16.0,2.0,0.0,True,Liverpool,Brighton,2025-26
20250412,202516,4,12,1812.33,1731.86,57.0,43.0,0.71,1.43,7.0,18.0,2.0,4.0,1.0,2.0,0.0,1.0,402.0,270.0,8.0,9.0,0.0,3.0,0.56,1.22,0.15,0.21,0.71,1.43,0.84,1.72,4.0,6.0,1.0,8.0,0.0,0.0,4.0,11.0,3.0,7.0,494.0,361.0,217.0,122.0,185.0,148.0,32.0,18.0,1.0,6.0,25.0,21.0,14.0,30.0,2.0,0.0,0.0,0.0,0.0,0.0,12.0,14.0,7.0,6.0,7.0,1.0,44.0,42.0,3.0,1.0,53.0,55.0,22.0,29.0,31.0,26.0,4.0,7.0,16.0,1.0,1.0,True,Brentford,Leeds,2025-26
20250610,202516,6,10,1702.69,1777.06,53.0,47.0,2.52,2.23,16.0,6.0,8.0,4.0,5.0,2.0,3.0,0.0,434.0,389.0,8.0,8.0,10.0,4.0,1.79,0.83,0.73,1.39,2.52,2.23,2.96,3.59,4.0,2.0,4.0,0.0,0.0,0.0,10.0,6.0,6.0,0.0,524.0,473.0,215.0,265.0,219.0,124.0,22.0,18.0,3.0,4.0,23.0,19.0,27.0,14.0,1.0,0.0,1.0,2.0,0.0,0.0,13.0,22.0,8.0,9.0,0.0,4.0,10.0,40.0,1.0,6.0,36.0,51.0,25.0,33.0,11.0,18.0,5.0,3.0,16.0,2.0,3.0,True,Burnley,Fulham,2025-26
20252818,202516,28,18,1658.87,1880.38,46.0,54.0,0.29,0.25,5.0,6.0,1.0,2.0,1.0,0.0,1.0,0.0,297.0,374.0,10.0,10.0,3.0,6.0,0.27,0.14,0.02,0.12,0.29,0.25,0.24,0.42,2.0,1.0,2.0,3.0,0.0,0.0,3.0,2.0,2.0,4.0,386.0,443.0,121.0,191.0,176.0,183.0,18.0,33.0,1.0,2.0,19.0,22.0,14.0,14.0,0.0,0.0,5.0,4.0,0.0,0.0,10.0,9.0,11.0,3.0,3.0,2.0,27.0,50.0,2.0,1.0,53.0,52.0,27.0,25.0,26.0,27.0,7.0,6.0,16.0,1.0,0.0,True,Sunderland,Newcastle,2025-26
20252602,202516,26,2,1740.52,1912.17,41.0,59.0,1.04,0.62,10.0,7.0,3.0,4.0,2.0,1.0,0.0,0.0,316.0,490.0,18.0,13.0,5.0,3.0,0.95,0.62,0.09,0.0,1.04,0.62,0.62,0.92,4.0,2.0,3.0,1.0,0.0,0.0,7.0,4.0,3.0,3.0,379.0,551.0,152.0,294.0,164.0,196.0,16.0,25.0,0.0,3.0,18.0,12.0,18.0,13.0,1.0,1.0,1.0,2.0,0.0,0.0,17.0,21.0,9.0,5.0,1.0,2.0,14.0,13.0,2.0,1.0,42.0,61.0,34.0,44.0,8.0,17.0,4.0,8.0,16.0,2.0,3.0,True,West Ham,Aston Villa,2025-26
20250127,202516,1,27,2042.27,1653.79,69.0,31.0,1.02,0.38,16.0,3.0,2.0,2.0,2.0,1.0,2.0,1.0,491.0,176.0,7.0,15.0,8.0,0.0,0.76,0.38,0.26,0.0,1.02,0.38,0.31,0.6,11.0,0.0,3.0,1.0,1.0,1.0,12.0,3.0,4.0,0.0,567.0,258.0,134.0,71.0,357.0,105.0,11.0,20.0,6.0,5.0,20.0,12.0,39.0,14.0,1.0,1.0,0.0,4.0,0.0,0.0,5.0,7.0,8.0,5.0,1.0,3.0,18.0,52.0,1.0,2.0,48.0,31.0,29.0,17.0,19.0,14.0,9.0,4.0,16.0,2.0,1.0,True,Arsenal,Wolves,2025-26
20252023,202516,20,23,1776.16,1826.74,48.0,52.0,1.91,0.37,15.0,6.0,6.0,1.0,3.0,0.0,2.0,0.0,317.0,330.0,9.0,13.0,3.0,3.0,1.7,0.3,0.2,0.07,1.91,0.37,1.81,0.52,7.0,1.0,2.0,4.0,1.0,0.0,10.0,5.0,5.0,1.0,390.0,417.0,156.0,166.0,161.0,164.0,22.0,21.0,5.0,3.0,22.0,24.0,24.0,13.0,4.0,1.0,1.0,3.0,0.0,0.0,17.0,27.0,11.0,13.0,4.0,2.0,24.0,17.0,1.0,3.0,47.0,55.0,35.0,45.0,12.0,10.0,6.0,9.0,16.0,3.0,0.0,True,Nott'm Forest,Spurs,2025-26
20251626,202517,16,26,1994.5,1735.41,66.0,34.0,2.43,0.99,17.0,7.0,8.0,3.0,6.0,2.0,3.0,2.0,688.0,311.0,16.0,10.0,6.0,0.0,1.97,0.96,0.46,0.04,2.43,0.99,2.93,0.78,7.0,4.0,2.0,0.0,0.0,0.0,14.0,5.0,3.0,2.0,744.0,385.0,303.0,233.0,385.0,78.0,25.0,19.0,6.0,1.0,12.0,14.0,40.0,12.0,1.0,2.0,1.0,1.0,0.0,0.0,11.0,25.0,9.0,13.0,0.0,2.0,10.0,13.0,4.0,5.0,36.0,52.0,29.0,48.0,7.0,4.0,10.0,8.0,17.0,3.0,0.0,True,Man City,West Ham,2025-26
20251807,202517,18,7,1868.0,1902.66,47.0,53.0,2.26,1.25,11.0,13.0,5.0,4.0,7.0,1.0,5.0,0.0,275.0,345.0,13.0,14.0,6.0,4.0,1.87,1.14,0.39,0.11,2.26,1.25,2.67,1.78,6.0,5.0,0.0,4.0,0.0,0.0,10.0,10.0,1.0,3.0,356.0,424.0,141.0,173.0,134.0,172.0,16.0,16.0,8.0,2.0,19.0,14.0,22.0,22.0,2.0,0.0,3.0,6.0,0.0,0.0,13.0,11.0,14.0,13.0,4.0,0.0,19.0,25.0,2.0,3.0,43.0,39.0,29.0,27.0,14.0,12.0,3.0,5.0,17.0,2.0,2.0,True,Newcastle,Chelsea,2025-26
20252704,202517,27,4,1652.87,1808.6,44.0,56.0,1.29,1.28,9.0,7.0,2.0,6.0,2.0,4.0,2.0,2.0,278.0,388.0,12.0,15.0,3.0,4.0,0.36,1.28,0.14,0.0,0.51,1.28,0.99,1.73,1.0,1.0,6.0,0.0,0.0,0.0,6.0,7.0,3.0,0.0,358.0,470.0,140.0,214.0,138.0,174.0,24.0,21.0,4.0,10.0,21.0,22.0,21.0,27.0,2.0,2.0,2.0,4.0,0.0,0.0,14.0,12.0,10.0,17.0,0.0,6.0,36.0,36.0,4.0,2.0,49.0,47.0,34.0,28.0,15.0,19.0,6.0,4.0,17.0,0.0,2.0,True,Wolves,Brentford,2025-26
20250901,202517,9,1,1810.32,2043.19,35.0,65.0,0.2,1.81,5.0,13.0,1.0,2.0,0.0,2.0,0.0,1.0,250.0,570.0,4.0,5.0,2.0,3.0,0.12,1.0,0.09,0.02,0.2,1.02,0.0,0.83,2.0,9.0,2.0,2.0,0.0,2.0,4.0,12.0,1.0,1.0,340.0,652.0,155.0,322.0,95.0,248.0,19.0,23.0,2.0,2.0,19.0,17.0,12.0,38.0,0.0,1.0,2.0,2.0,0.0,0.0,24.0,14.0,8.0,6.0,3.0,1.0,22.0,29.0,0.0,1.0,53.0,44.0,31.0,24.0,22.0,20.0,2.0,7.0,17.0,0.0,1.0,True,Everton,Arsenal,2025-26
20250306,202517,3,6,1809.34,1695.19,65.0,35.0,1.71,0.38,16.0,4.0,1.0,1.0,2.0,1.0,2.0,0.0,403.0,178.0,11.0,11.0,5.0,3.0,1.16,0.03,0.55,0.36,1.71,0.38,0.36,0.94,12.0,1.0,3.0,2.0,0.0,0.0,11.0,1.0,5.0,3.0,501.0,270.0,158.0,93.0,245.0,85.0,19.0,30.0,6.0,2.0,26.0,18.0,37.0,17.0,2.0,2.0,1.0,1.0,0.0,0.0,21.0,15.0,8.0,9.0,2.0,3.0,30.0,36.0,0.0,0.0,51.0,47.0,36.0,26.0,15.0,21.0,4.0,2.0,17.0,1.0,1.0,True,Bournemouth,Burnley,2025-26
20252314,202517,23,14,1813.06,1939.62,35.0,65.0,1.01,0.6,15.0,8.0,4.0,4.0,2.0,2.0,1.0,0.0,245.0,538.0,9.0,7.0,2.0,6.0,0.71,0.45,0.31,0.15,1.01,0.6,0.84,1.32,4.0,1.0,7.0,3.0,1.0,0.0,11.0,7.0,4.0,1.0,318.0,606.0,112.0,175.0,133.0,363.0,17.0,24.0,4.0,5.0,14.0,27.0,20.0,30.0,1.0,6.0,3.0,3.0,2.0,0.0,12.0,4.0,6.0,7.0,3.0,6.0,33.0,23.0,2.0,4.0,32.0,35.0,23.0,19.0,9.0,16.0,4.0,7.0,17.0,1.0,2.0,True,Spurs,Liverpool,2025-26
20250217,202517,2,17,1917.28,1833.14,43.0,57.0,1.02,1.31,12.0,15.0,4.0,6.0,3.0,3.0,3.0,2.0,281.0,392.0,11.0,14.0,5.0,5.0,0.58,1.24,0.45,0.08,1.02,1.31,1.68,0.87,3.0,6.0,5.0,3.0,1.0,0.0,8.0,5.0,4.0,10.0,350.0,455.0,206.0,194.0,75.0,198.0,16.0,21.0,1.0,4.0,8.0,19.0,19.0,34.0,3.0,1.0,1.0,2.0,0.0,0.0,18.0,26.0,7.0,8.0,3.0,5.0,22.0,21.0,5.0,2.0,44.0,57.0,34.0,45.0,10.0,12.0,3.0,8.0,17.0,2.0,1.0,True,Aston Villa,Man Utd,2025-26
20251020,202517,10,20,1784.56,1789.85,50.0,50.0,1.5,0.6,11.0,12.0,1.0,2.0,2.0,0.0,1.0,0.0,392.0,414.0,5.0,9.0,1.0,5.0,0.66,0.59,0.05,0.01,0.71,0.6,0.75,0.09,4.0,6.0,6.0,4.0,0.0,0.0,8.0,6.0,3.0,6.0,490.0,490.0,249.0,194.0,143.0,220.0,27.0,28.0,4.0,2.0,18.0,22.0,23.0,21.0,2.0,2.0,5.0,4.0,0.0,0.0,19.0,8.0,11.0,8.0,4.0,6.0,29.0,16.0,2.0,0.0,53.0,31.0,36.0,16.0,17.0,15.0,8.0,3.0,17.0,1.0,0.0,True,Fulham,Nott'm Forest,2025-26
20251208,202517,12,8,1735.59,1844.89,53.0,47.0,3.05,1.58,20.0,9.0,8.0,3.0,4.0,2.0,1.0,1.0,324.0,281.0,5.0,10.0,9.0,5.0,0.14,0.74,2.91,0.05,3.05,0.79,3.05,0.89,7.0,3.0,5.0,3.0,0.0,1.0,14.0,5.0,6.0,4.0,395.0,358.0,208.0,157.0,116.0,124.0,19.0,14.0,5.0,2.0,34.0,8.0,35.0,19.0,2.0,3.0,1.0,3.0,0.0,0.0,15.0,22.0,9.0,6.0,3.0,7.0,29.0,59.0,2.0,2.0,57.0,53.0,31.0,31.0,26.0,22.0,6.0,4.0,17.0,4.0,1.0,True,Leeds,Crystal Palace,2025-26
20250528,202517,5,28,1840.67,1671.25,57.0,43.0,1.13,1.38,16.0,14.0,4.0,6.0,0.0,2.0,0.0,2.0,364.0,255.0,11.0,15.0,3.0,4.0,1.01,0.87,0.11,0.51,1.13,1.38,0.24,0.63,7.0,4.0,5.0,4.0,0.0,1.0,7.0,9.0,9.0,5.0,441.0,334.0,184.0,133.0,180.0,122.0,17.0,24.0,8.0,5.0,22.0,17.0,37.0,26.0,1.0,1.0,2.0,2.0,0.0,0.0,12.0,25.0,7.0,9.0,4.0,5.0,30.0,22.0,6.0,4.0,59.0,57.0,38.0,37.0,21.0,20.0,13.0,2.0,17.0,0.0,0.0,True,Brighton,Sunderland,2025-26
20250105,202518,1,5,2047.2,1834.97,53.0,47.0,2.8,0.8,24.0,8.0,6.0,3.0,2.0,1.0,2.0,0.0,376.0,320.0,7.0,13.0,7.0,2.0,2.71,0.57,0.08,0.23,2.8,0.8,1.75,1.53,8.0,3.0,10.0,2.0,0.0,1.0,21.0,7.0,3.0,1.0,445.0,393.0,196.0,190.0,180.0,130.0,17.0,23.0,6.0,3.0,20.0,12.0,56.0,19.0,1.0,1.0,2.0,3.0,0.0,0.0,13.0,17.0,9.0,5.0,2.0,9.0,16.0,25.0,2.0,5.0,42.0,44.0,32.0,26.0,10.0,18.0,7.0,3.0,18.0,2.0,1.0,True,Arsenal,Brighton,2025-26
20250702,202518,7,2,1903.27,1921.72,63.0,37.0,2.14,1.05,14.0,11.0,3.0,8.0,2.0,4.0,1.0,3.0,464.0,256.0,16.0,8.0,6.0,7.0,1.15,0.84,0.99,0.21,2.14,1.05,1.39,2.85,4.0,1.0,7.0,2.0,0.0,0.0,8.0,7.0,6.0,4.0,523.0,320.0,179.0,175.0,285.0,81.0,26.0,18.0,4.0,1.0,6.0,13.0,44.0,17.0,0.0,0.0,5.0,3.0,0.0,0.0,26.0,8.0,9.0,4.0,2.0,7.0,7.0,29.0,6.0,2.0,50.0,33.0,39.0,27.0,11.0,6.0,5.0,4.0,18.0,1.0,2.0,True,Chelsea,Aston Villa,2025-26
20251427,202518,14,27,1945.69,1645.19,67.0,33.0,1.54,1.07,14.0,9.0,4.0,4.0,1.0,1.0,0.0,1.0,581.0,252.0,5.0,13.0,6.0,4.0,1.4,0.27,0.14,0.8,1.54,1.07,1.64,1.17,7.0,4.0,3.0,1.0,1.0,0.0,11.0,4.0,3.0,5.0,660.0,327.0,179.0,129.0,402.0,123.0,18.0,17.0,8.0,2.0,12.0,16.0,41.0,13.0,1.0,0.0,0.0,1.0,0.0,0.0,19.0,16.0,9.0,8.0,1.0,3.0,21.0,24.0,3.0,2.0,66.0,41.0,45.0,23.0,21.0,18.0,13.0,2.0,18.0,2.0,1.0,True,Liverpool,Wolves,2025-26
20252016,202518,20,16,1783.23,1997.73,34.0,66.0,0.59,1.39,7.0,16.0,2.0,5.0,1.0,1.0,0.0,0.0,217.0,529.0,5.0,13.0,5.0,5.0,0.54,1.25,0.04,0.14,0.59,1.39,0.58,1.14,2.0,4.0,3.0,7.0,0.0,1.0,5.0,9.0,2.0,7.0,290.0,588.0,104.0,200.0,113.0,329.0,32.0,15.0,4.0,3.0,17.0,16.0,12.0,33.0,1.0,1.0,1.0,2.0,0.0,0.0,15.0,13.0,8.0,4.0,6.0,3.0,22.0,37.0,3.0,1.0,46.0,41.0,34.0,28.0,12.0,13.0,6.0,11.0,18.0,1.0,2.0,True,Nott'm Forest,Man City,2025-26
20250609,202518,6,9,1699.72,1806.31,55.0,45.0,1.65,0.88,16.0,15.0,0.0,6.0,1.0,2.0,1.0,2.0,363.0,302.0,8.0,8.0,7.0,5.0,1.06,0.72,0.59,0.16,1.65,0.88,0.0,1.51,9.0,6.0,7.0,3.0,0.0,0.0,8.0,10.0,8.0,5.0,471.0,388.0,167.0,134.0,196.0,168.0,27.0,20.0,1.0,2.0,27.0,12.0,27.0,24.0,2.0,3.0,0.0,2.0,0.0,0.0,22.0,26.0,4.0,10.0,3.0,7.0,35.0,45.0,6.0,0.0,68.0,67.0,38.0,39.0,30.0,28.0,8.0,6.0,18.0,0.0,0.0,True,Burnley,Everton,2025-26
20252812,202518,28,12,1676.95,1751.88,43.0,57.0,0.65,2.03,8.0,17.0,3.0,6.0,1.0,4.0,1.0,3.0,312.0,426.0,7.0,9.0,3.0,9.0,0.47,1.44,0.18,0.59,0.65,2.03,0.41,1.23,3.0,5.0,2.0,6.0,1.0,0.0,8.0,11.0,0.0,6.0,383.0,504.0,166.0,240.0,146.0,186.0,26.0,24.0,3.0,7.0,19.0,13.0,21.0,42.0,4.0,3.0,1.0,0.0,0.0,0.0,14.0,14.0,5.0,6.0,6.0,2.0,42.0,20.0,4.0,2.0,46.0,52.0,26.0,25.0,20.0,27.0,5.0,4.0,18.0,1.0,1.0,True,Sunderland,Leeds,2025-26
20251718,202518,17,18,1828.69,1867.39,33.0,67.0,1.27,1.18,10.0,16.0,4.0,3.0,1.0,1.0,1.0,1.0,252.0,548.0,9.0,5.0,2.0,11.0,0.49,0.91,0.78,0.27,1.27,1.18,0.96,0.96,6.0,6.0,0.0,7.0,1.0,1.0,8.0,14.0,2.0,2.0,328.0,627.0,145.0,188.0,107.0,360.0,11.0,18.0,3.0,7.0,20.0,16.0,15.0,44.0,0.0,1.0,2.0,1.0,0.0,0.0,20.0,14.0,18.0,6.0,7.0,0.0,45.0,13.0,3.0,3.0,45.0,52.0,32.0,34.0,13.0,18.0,7.0,11.0,18.0,1.0,0.0,True,Man Utd,Newcastle,2025-26
20250403,202518,4,3,1816.27,1804.81,49.0,51.0,3.46,2.39,15.0,20.0,7.0,10.0,5.0,4.0,2.0,3.0,298.0,283.0,9.0,8.0,2.0,15.0,3.15,1.55,0.32,0.84,3.46,2.39,3.26,1.42,4.0,2.0,4.0,8.0,1.0,1.0,10.0,13.0,5.0,7.0,379.0,364.0,154.0,117.0,144.0,166.0,35.0,22.0,2.0,3.0,19.0,14.0,31.0,40.0,3.0,1.0,2.0,2.0,0.0,0.0,14.0,19.0,9.0,8.0,9.0,5.0,53.0,26.0,8.0,4.0,52.0,54.0,33.0,40.0,19.0,14.0,11.0,12.0,18.0,4.0,1.0,True,Brentford,Bournemouth,2025-26
20252610,202518,26,10,1732.18,1791.18,44.0,56.0,0.89,1.27,11.0,15.0,2.0,4.0,1.0,1.0,1.0,0.0,319.0,428.0,8.0,8.0,5.0,4.0,0.62,1.13,0.27,0.14,0.89,1.27,0.2,1.21,4.0,6.0,5.0,5.0,0.0,0.0,7.0,10.0,4.0,5.0,391.0,497.0,142.0,170.0,177.0,258.0,22.0,24.0,2.0,9.0,19.0,24.0,28.0,34.0,7.0,2.0,1.0,3.0,0.0,0.0,27.0,15.0,8.0,11.0,5.0,5.0,25.0,33.0,3.0,2.0,57.0,44.0,42.0,28.0,15.0,16.0,7.0,7.0,18.0,0.0,1.0,True,West Ham,Fulham,2025-26
20250823,202518,8,23,1828.6,1806.99,62.0,38.0,1.31,0.84,15.0,8.0,2.0,4.0,0.0,1.0,0.0,0.0,432.0,232.0,7.0,5.0,3.0,2.0,0.6,0.23,0.72,0.6,1.31,0.84,0.08,0.78,8.0,3.0,5.0,1.0,0.0,1.0,9.0,5.0,6.0,3.0,543.0,336.0,195.0,129.0,237.0,103.0,28.0,29.0,3.0,3.0,21.0,20.0,35.0,17.0,1.0,3.0,3.0,2.0,0.0,0.0,17.0,20.0,8.0,6.0,0.0,5.0,22.0,48.0,3.0,2.0,46.0,58.0,27.0,32.0,19.0,26.0,5.0,6.0,18.0,0.0,1.0,True,Crystal Palace,Spurs,2025-26
20251727,202519,17,27,1836.06,1643.74,57.0,43.0,0.81,1.02,15.0,11.0,6.0,4.0,2.0,1.0,2.0,1.0,451.0,327.0,9.0,12.0,8.0,4.0,0.62,0.87,0.19,0.15,0.81,1.02,1.02,0.9,5.0,5.0,4.0,2.0,1.0,0.0,10.0,8.0,5.0,3.0,505.0,387.0,193.0,163.0,258.0,164.0,26.0,21.0,7.0,4.0,19.0,14.0,21.0,22.0,3.0,1.0,0.0,2.0,0.0,0.0,21.0,20.0,4.0,7.0,1.0,4.0,14.0,26.0,3.0,5.0,47.0,51.0,38.0,36.0,9.0,15.0,5.0,7.0,19.0,1.0,1.0,True,Man Utd,Wolves,2025-26
20251412,202519,14,12,1944.39,1748.41,68.0,32.0,2.08,0.69,19.0,4.0,4.0,2.0,2.0,1.0,2.0,1.0,549.0,194.0,10.0,8.0,8.0,3.0,1.82,0.68,0.26,0.02,2.08,0.69,0.76,0.97,7.0,1.0,8.0,1.0,0.0,0.0,11.0,3.0,8.0,1.0,636.0,295.0,165.0,124.0,384.0,70.0,16.0,18.0,4.0,3.0,21.0,18.0,35.0,11.0,6.0,1.0,0.0,2.0,0.0,0.0,8.0,18.0,6.0,11.0,1.0,8.0,21.0,37.0,2.0,4.0,53.0,58.0,27.0,36.0,26.0,22.0,12.0,8.0,19.0,0.0,0.0,True,Liverpool,Leeds,2025-26
20250703,202519,7,3,1894.07,1794.22,67.0,33.0,2.43,2.94,17.0,17.0,3.0,6.0,2.0,6.0,1.0,4.0,469.0,190.0,5.0,12.0,12.0,3.0,1.06,1.13,0.57,1.81,1.64,2.94,2.15,1.99,6.0,7.0,8.0,4.0,1.0,0.0,15.0,12.0,2.0,5.0,549.0,260.0,172.0,87.0,297.0,103.0,20.0,18.0,8.0,3.0,17.0,13.0,52.0,25.0,0.0,1.0,1.0,1.0,0.0,0.0,18.0,16.0,8.0,15.0,4.0,8.0,28.0,41.0,4.0,2.0,67.0,44.0,41.0,30.0,26.0,14.0,11.0,9.0,19.0,2.0,2.0,True,Chelsea,Bournemouth,2025-26
20250102,202519,1,2,2049.59,1930.92,47.0,53.0,3.17,2.67,22.0,11.0,7.0,3.0,6.0,5.0,4.0,4.0,304.0,355.0,18.0,9.0,3.0,3.0,2.25,2.66,0.92,0.01,3.17,2.67,2.98,1.57,8.0,4.0,7.0,4.0,0.0,2.0,17.0,9.0,5.0,2.0,351.0,408.0,118.0,224.0,186.0,131.0,17.0,21.0,5.0,1.0,8.0,17.0,38.0,20.0,4.0,0.0,2.0,3.0,0.0,0.0,17.0,10.0,8.0,3.0,4.0,7.0,17.0,17.0,2.0,3.0,38.0,43.0,31.0,35.0,7.0,8.0,5.0,8.0,19.0,4.0,1.0,True,Arsenal,Aston Villa,2025-26
20252605,202519,26,5,1724.14,1832.58,39.0,61.0,2.12,2.85,10.0,16.0,4.0,6.0,4.0,4.0,2.0,2.0,250.0,458.0,11.0,18.0,5.0,5.0,1.14,0.62,0.19,0.65,1.33,1.27,1.96,2.49,3.0,6.0,3.0,4.0,0.0,1.0,10.0,8.0,0.0,8.0,332.0,531.0,114.0,232.0,136.0,226.0,32.0,21.0,2.0,1.0,14.0,16.0,21.0,31.0,1.0,1.0,3.0,5.0,0.0,0.0,25.0,13.0,9.0,15.0,4.0,2.0,28.0,24.0,5.0,2.0,57.0,50.0,45.0,32.0,12.0,18.0,5.0,8.0,19.0,2.0,2.0,True,West Ham,Brighton,2025-26
20252009,202519,20,9,1778.9,1805.03,70.0,30.0,1.89,1.44,21.0,11.0,6.0,3.0,2.0,3.0,2.0,1.0,589.0,213.0,11.0,9.0,9.0,2.0,1.51,1.06,0.39,0.38,1.89,1.44,0.62,0.75,8.0,4.0,7.0,4.0,0.0,0.0,12.0,7.0,9.0,4.0,651.0,289.0,197.0,128.0,392.0,85.0,23.0,26.0,9.0,2.0,23.0,14.0,41.0,17.0,0.0,0.0,1.0,0.0,0.0,0.0,22.0,23.0,5.0,9.0,4.0,7.0,12.0,53.0,1.0,6.0,58.0,61.0,45.0,38.0,13.0,23.0,15.0,7.0,19.0,0.0,2.0,True,Nott'm Forest,Everton,2025-26
20250618,202519,6,18,1701.0,1860.02,49.0,51.0,1.06,2.01,15.0,20.0,4.0,9.0,2.0,5.0,2.0,4.0,348.0,380.0,9.0,3.0,3.0,4.0,0.83,1.53,0.22,0.48,1.06,2.01,0.37,2.46,8.0,5.0,3.0,6.0,1.0,0.0,8.0,13.0,7.0,7.0,441.0,456.0,158.0,221.0,190.0,159.0,17.0,20.0,1.0,4.0,16.0,17.0,28.0,23.0,1.0,2.0,2.0,1.0,0.0,0.0,20.0,18.0,11.0,11.0,8.0,4.0,25.0,36.0,4.0,2.0,49.0,54.0,27.0,32.0,22.0,22.0,4.0,5.0,19.0,1.0,3.0,True,Burnley,Newcastle,2025-26
20250423,202519,4,23,1824.11,1814.06,56.0,44.0,0.92,0.86,7.0,9.0,2.0,3.0,1.0,0.0,1.0,0.0,426.0,324.0,8.0,10.0,3.0,1.0,0.67,0.71,0.26,0.16,0.92,0.86,0.29,0.89,3.0,2.0,2.0,4.0,0.0,0.0,4.0,7.0,3.0,2.0,515.0,412.0,231.0,154.0,195.0,170.0,24.0,24.0,4.0,1.0,18.0,16.0,20.0,18.0,4.0,0.0,1.0,2.0,0.0,0.0,18.0,18.0,9.0,10.0,5.0,2.0,20.0,33.0,2.0,2.0,48.0,53.0,31.0,35.0,17.0,18.0,3.0,9.0,19.0,0.0,0.0,True,Brentford,Spurs,2025-26
20252816,202519,28,16,1674.57,1999.3,32.0,68.0,0.88,2.24,10.0,14.0,4.0,4.0,2.0,5.0,2.0,5.0,221.0,548.0,9.0,6.0,3.0,5.0,0.74,2.03,0.14,0.21,0.88,2.24,0.61,0.74,4.0,5.0,2.0,5.0,0.0,1.0,7.0,12.0,3.0,2.0,304.0,640.0,112.0,259.0,109.0,289.0,22.0,21.0,3.0,6.0,19.0,24.0,22.0,52.0,0.0,1.0,1.0,1.0,0.0,0.0,18.0,23.0,17.0,12.0,5.0,2.0,31.0,21.0,4.0,4.0,47.0,57.0,33.0,48.0,14.0,9.0,9.0,16.0,19.0,0.0,0.0,True,Sunderland,Man City,2025-26
20250810,202519,8,10,1806.82,1796.45,40.0,60.0,1.93,1.76,11.0,17.0,2.0,5.0,3.0,3.0,2.0,3.0,299.0,502.0,7.0,10.0,6.0,3.0,1.61,1.4,0.32,0.36,1.93,1.76,1.37,1.56,5.0,6.0,4.0,6.0,1.0,1.0,9.0,12.0,2.0,5.0,388.0,586.0,162.0,260.0,137.0,242.0,22.0,30.0,1.0,7.0,15.0,17.0,37.0,31.0,5.0,1.0,0.0,5.0,0.0,0.0,14.0,16.0,9.0,9.0,6.0,3.0,29.0,35.0,4.0,1.0,46.0,51.0,31.0,28.0,15.0,23.0,7.0,5.0,19.0,1.0,1.0,True,Crystal Palace,Fulham,2025-26
20250301,202520,3,1,1791.45,2046.83,43.0,57.0,1.43,1.13,15.0,12.0,3.0,5.0,1.0,2.0,0.0,0.0,259.0,368.0,13.0,8.0,7.0,5.0,1.32,0.74,0.12,0.39,1.43,1.13,1.1,1.73,7.0,3.0,5.0,4.0,0.0,0.0,5.0,7.0,10.0,5.0,339.0,462.0,126.0,181.0,133.0,187.0,22.0,18.0,4.0,3.0,14.0,13.0,13.0,28.0,1.0,1.0,3.0,1.0,0.0,0.0,16.0,25.0,4.0,7.0,4.0,5.0,37.0,30.0,2.0,1.0,48.0,65.0,31.0,44.0,17.0,21.0,8.0,7.0,20.0,2.0,3.0,True,Bournemouth,Arsenal,2025-26
20250904,202520,9,4,1802.27,1824.11,45.0,55.0,0.89,2.66,14.0,11.0,6.0,7.0,1.0,6.0,0.0,2.0,286.0,355.0,9.0,8.0,4.0,5.0,0.51,2.37,0.38,0.29,0.89,2.66,1.16,3.1,3.0,2.0,5.0,2.0,0.0,0.0,11.0,9.0,3.0,2.0,364.0,455.0,126.0,231.0,160.0,124.0,24.0,21.0,10.0,6.0,21.0,19.0,31.0,23.0,0.0,2.0,0.0,2.0,0.0,0.0,24.0,16.0,7.0,10.0,2.0,6.0,22.0,24.0,3.0,4.0,73.0,54.0,44.0,30.0,29.0,24.0,13.0,6.0,20.0,2.0,4.0,True,Everton,Brentford,2025-26
20251808,202520,18,8,1857.27,1806.82,59.0,41.0,2.08,0.7,12.0,11.0,7.0,1.0,5.0,1.0,3.0,1.0,408.0,239.0,5.0,12.0,8.0,6.0,1.08,0.5,1.0,0.2,2.08,0.7,2.65,0.04,3.0,5.0,2.0,5.0,1.0,0.0,11.0,9.0,1.0,2.0,494.0,344.0,221.0,94.0,187.0,145.0,25.0,11.0,7.0,2.0,16.0,17.0,35.0,26.0,5.0,2.0,1.0,3.0,0.0,0.0,16.0,28.0,7.0,11.0,5.0,2.0,35.0,45.0,1.0,5.0,62.0,57.0,42.0,40.0,20.0,17.0,15.0,8.0,20.0,2.0,0.0,True,Newcastle,Crystal Palace,2025-26
20250220,202520,2,20,1928.17,1776.14,73.0,27.0,1.59,0.89,11.0,10.0,4.0,5.0,2.0,2.0,1.0,1.0,579.0,170.0,10.0,20.0,4.0,4.0,1.44,0.86,0.15,0.03,1.59,0.89,1.45,1.67,3.0,3.0,4.0,2.0,0.0,0.0,5.0,6.0,6.0,4.0,645.0,239.0,227.0,125.0,352.0,45.0,16.0,20.0,2.0,0.0,17.0,8.0,46.0,13.0,1.0,4.0,1.0,2.0,0.0,0.0,18.0,19.0,11.0,14.0,2.0,4.0,12.0,28.0,4.0,1.0,49.0,43.0,39.0,37.0,10.0,6.0,4.0,8.0,20.0,3.0,1.0,True,Aston Villa,Nott'm Forest,2025-26
20251217,202520,12,17,1748.41,1833.3,45.0,55.0,0.9,1.58,11.0,15.0,3.0,2.0,1.0,3.0,0.0,3.0,312.0,419.0,9.0,9.0,6.0,4.0,0.53,1.09,0.37,0.5,0.9,1.58,1.52,0.39,6.0,8.0,2.0,5.0,1.0,1.0,8.0,9.0,3.0,6.0,425.0,529.0,151.0,248.0,161.0,171.0,21.0,23.0,3.0,2.0,20.0,16.0,25.0,22.0,1.0,3.0,0.0,1.0,0.0,0.0,18.0,25.0,17.0,8.0,4.0,2.0,23.0,38.0,1.0,2.0,54.0,55.0,31.0,39.0,23.0,16.0,4.0,5.0,20.0,1.0,1.0,True,Leeds,Man Utd,2025-26
20252328,202520,23,28,1814.06,1674.57,49.0,51.0,1.18,0.44,13.0,10.0,5.0,3.0,2.0,0.0,1.0,0.0,284.0,294.0,10.0,6.0,3.0,5.0,0.51,0.27,0.67,0.17,1.18,0.44,1.16,1.62,6.0,4.0,2.0,3.0,0.0,1.0,9.0,9.0,4.0,1.0,361.0,382.0,129.0,160.0,155.0,134.0,26.0,20.0,7.0,4.0,22.0,20.0,33.0,20.0,3.0,2.0,2.0,3.0,0.0,0.0,15.0,17.0,8.0,9.0,3.0,2.0,33.0,27.0,2.0,3.0,51.0,61.0,31.0,33.0,20.0,28.0,10.0,7.0,20.0,1.0,1.0,True,Spurs,Sunderland,2025-26
20251014,202520,10,14,1796.45,1944.39,42.0,58.0,0.74,1.37,8.0,10.0,2.0,2.0,1.0,3.0,0.0,1.0,386.0,563.0,11.0,4.0,3.0,8.0,0.49,1.17,0.25,0.2,0.74,1.37,1.21,1.21,3.0,5.0,3.0,3.0,1.0,1.0,5.0,7.0,3.0,3.0,462.0,639.0,237.0,225.0,149.0,338.0,14.0,26.0,1.0,1.0,17.0,27.0,15.0,33.0,2.0,4.0,1.0,1.0,0.0,0.0,15.0,7.0,10.0,5.0,3.0,2.0,40.0,24.0,0.0,0.0,37.0,30.0,24.0,21.0,13.0,9.0,5.0,4.0,20.0,2.0,2.0,True,Fulham,Liverpool,2025-26
20251607,202520,16,7,1999.3,1891.31,57.0,43.0,1.02,1.85,14.0,8.0,3.0,3.0,0.0,3.0,0.0,2.0,504.0,363.0,12.0,14.0,8.0,2.0,0.75,1.85,0.27,0.0,1.02,1.85,1.23,1.9,6.0,4.0,5.0,1.0,1.0,0.0,12.0,8.0,2.0,0.0,580.0,436.0,241.0,263.0,263.0,100.0,22.0,15.0,5.0,2.0,10.0,21.0,35.0,16.0,2.0,2.0,3.0,3.0,0.0,0.0,24.0,20.0,9.0,14.0,1.0,5.0,6.0,23.0,2.0,2.0,57.0,39.0,47.0,36.0,10.0,3.0,9.0,7.0,20.0,1.0,1.0,True,Man City,Chelsea,2025-26
20252726,202520,27,26,1640.97,1721.38,33.0,67.0,1.87,0.25,11.0,6.0,8.0,0.0,3.0,0.0,1.0,0.0,234.0,546.0,11.0,10.0,6.0,7.0,0.65,0.1,0.43,0.15,1.08,0.25,2.14,0.0,3.0,6.0,0.0,0.0,0.0,0.0,8.0,4.0,3.0,2.0,301.0,624.0,119.0,218.0,115.0,328.0,12.0,26.0,5.0,7.0,27.0,16.0,14.0,25.0,1.0,1.0,1.0,0.0,0.0,0.0,23.0,27.0,9.0,6.0,0.0,0.0,34.0,15.0,0.0,5.0,54.0,58.0,39.0,45.0,15.0,13.0,6.0,8.0,20.0,3.0,0.0,True,Wolves,West Ham,2025-26
20250506,202520,5,6,1829.82,1698.24,60.0,40.0,1.45,0.3,15.0,5.0,4.0,3.0,2.0,0.0,1.0,0.0,546.0,325.0,7.0,17.0,4.0,4.0,0.98,0.17,0.46,0.12,1.45,0.3,0.72,0.16,7.0,2.0,4.0,0.0,1.0,1.0,9.0,4.0,6.0,1.0,608.0,396.0,326.0,198.0,220.0,127.0,17.0,21.0,4.0,1.0,13.0,22.0,26.0,12.0,3.0,1.0,0.0,4.0,0.0,0.0,17.0,25.0,6.0,3.0,1.0,4.0,25.0,21.0,2.0,2.0,59.0,53.0,40.0,40.0,19.0,13.0,8.0,8.0,20.0,2.0,0.0,True,Brighton,Burnley,2025-26
20252620,202521,26,20,1708.14,1758.73,47.0,53.0,0.95,1.38,14.0,13.0,3.0,5.0,3.0,1.0,3.0,0.0,290.0,337.0,15.0,9.0,6.0,5.0,0.64,0.26,0.31,0.32,0.95,0.59,0.37,2.28,6.0,4.0,5.0,4.0,0.0,1.0,11.0,7.0,3.0,6.0,379.0,418.0,141.0,128.0,149.0,209.0,19.0,19.0,2.0,5.0,23.0,27.0,17.0,26.0,1.0,0.0,3.0,0.0,0.0,0.0,28.0,15.0,7.0,6.0,3.0,5.0,33.0,32.0,3.0,3.0,66.0,52.0,39.0,31.0,27.0,21.0,2.0,2.0,21.0,1.0,2.0,True,West Ham,Nott'm Forest,2025-26
20251605,202521,16,5,1988.38,1833.44,60.0,40.0,2.55,1.16,21.0,6.0,6.0,3.0,7.0,5.0,6.0,5.0,530.0,313.0,6.0,16.0,6.0,2.0,1.42,1.14,0.34,0.01,1.77,1.16,1.71,1.1,9.0,3.0,6.0,0.0,1.0,1.0,16.0,5.0,5.0,1.0,608.0,399.0,224.0,250.0,306.0,63.0,23.0,18.0,6.0,3.0,19.0,22.0,53.0,15.0,2.0,3.0,1.0,6.0,0.0,0.0,14.0,22.0,19.0,20.0,0.0,8.0,7.0,24.0,2.0,3.0,59.0,38.0,45.0,30.0,14.0,8.0,16.0,2.0,21.0,1.0,1.0,True,Man City,Brighton,2025-26
20250802,202521,8,2,1797.64,1925.89,41.0,59.0,1.5,1.74,11.0,15.0,5.0,3.0,3.0,3.0,3.0,3.0,297.0,470.0,8.0,3.0,3.0,5.0,1.5,1.23,0.0,0.51,1.5,1.74,1.59,0.76,2.0,7.0,4.0,5.0,0.0,1.0,9.0,11.0,2.0,4.0,369.0,537.0,149.0,297.0,148.0,173.0,12.0,19.0,3.0,4.0,17.0,18.0,21.0,37.0,2.0,0.0,2.0,0.0,0.0,0.0,20.0,14.0,4.0,9.0,5.0,4.0,31.0,21.0,4.0,5.0,36.0,38.0,25.0,28.0,11.0,10.0,2.0,7.0,21.0,0.0,0.0,True,Crystal Palace,Aston Villa,2025-26
20250927,202521,9,27,1801.65,1661.81,45.0,55.0,0.89,0.73,13.0,13.0,2.0,4.0,2.0,1.0,1.0,0.0,296.0,367.0,13.0,15.0,2.0,7.0,0.36,0.47,0.53,0.26,0.89,0.73,0.94,1.71,8.0,6.0,3.0,3.0,1.0,0.0,9.0,9.0,4.0,4.0,364.0,434.0,146.0,198.0,150.0,169.0,12.0,24.0,5.0,7.0,12.0,8.0,30.0,28.0,0.0,0.0,1.0,3.0,2.0,0.0,17.0,16.0,6.0,5.0,3.0,3.0,42.0,24.0,3.0,1.0,69.0,57.0,38.0,33.0,31.0,24.0,8.0,5.0,21.0,1.0,1.0,True,Everton,Wolves,2025-26
20251812,202521,18,12,1872.37,1754.98,62.0,38.0,2.43,1.89,18.0,14.0,8.0,6.0,3.0,3.0,2.0,2.0,471.0,256.0,11.0,10.0,8.0,4.0,0.36,0.6,1.29,0.5,1.65,1.1,2.87,2.22,6.0,5.0,4.0,3.0,2.0,1.0,15.0,12.0,3.0,2.0,545.0,334.0,224.0,103.0,247.0,153.0,25.0,24.0,9.0,4.0,16.0,15.0,37.0,26.0,1.0,0.0,3.0,2.0,0.0,0.0,14.0,17.0,9.0,16.0,3.0,5.0,32.0,33.0,3.0,3.0,53.0,52.0,30.0,33.0,23.0,19.0,8.0,8.0,21.0,4.0,3.0,True,Newcastle,Leeds,2025-26
20251007,202521,10,7,1800.63,1891.47,55.0,45.0,1.2,2.39,16.0,14.0,5.0,6.0,0.0,4.0,0.0,3.0,503.0,392.0,11.0,6.0,2.0,11.0,0.98,1.03,0.22,1.36,1.2,2.39,1.76,1.93,3.0,5.0,8.0,3.0,0.0,2.0,9.0,11.0,7.0,3.0,572.0,459.0,235.0,223.0,268.0,169.0,24.0,27.0,4.0,4.0,15.0,11.0,34.0,25.0,1.0,2.0,3.0,3.0,0.0,1.0,16.0,13.0,9.0,8.0,4.0,7.0,28.0,30.0,4.0,3.0,52.0,41.0,33.0,31.0,19.0,10.0,12.0,7.0,21.0,2.0,1.0,True,Fulham,Chelsea,2025-26
20250114,202521,1,14,2057.15,1935.92,48.0,52.0,0.57,0.31,9.0,8.0,4.0,0.0,1.0,0.0,1.0,0.0,396.0,453.0,10.0,9.0,3.0,0.0,0.43,0.23,0.14,0.09,0.57,0.31,0.68,0.0,1.0,5.0,4.0,3.0,0.0,1.0,6.0,2.0,3.0,6.0,459.0,509.0,168.0,187.0,228.0,266.0,12.0,20.0,3.0,0.0,15.0,17.0,24.0,11.0,2.0,1.0,2.0,2.0,0.0,0.0,11.0,10.0,7.0,8.0,3.0,4.0,15.0,23.0,0.0,4.0,33.0,35.0,27.0,30.0,6.0,5.0,8.0,10.0,21.0,0.0,0.0,True,Arsenal,Liverpool,2025-26
20250617,202521,6,17,1685.38,1826.75,35.0,65.0,0.24,2.55,7.0,30.0,1.0,10.0,0.0,5.0,0.0,3.0,240.0,519.0,9.0,8.0,2.0,6.0,0.17,1.89,0.07,0.65,0.24,2.55,0.88,2.4,1.0,13.0,5.0,7.0,0.0,2.0,6.0,21.0,1.0,9.0,315.0,593.0,113.0,254.0,127.0,265.0,20.0,17.0,0.0,9.0,16.0,16.0,9.0,43.0,3.0,0.0,2.0,0.0,0.0,0.0,16.0,19.0,7.0,6.0,9.0,5.0,25.0,13.0,6.0,0.0,42.0,65.0,33.0,43.0,9.0,22.0,10.0,16.0,21.0,2.0,2.0,True,Burnley,Man Utd,2025-26
20250323,202521,3,23,1792.22,1810.89,42.0,58.0,1.27,1.25,11.0,16.0,3.0,4.0,1.0,2.0,0.0,2.0,240.0,336.0,19.0,10.0,3.0,7.0,0.56,0.36,0.71,0.89,1.27,1.25,1.47,1.78,3.0,7.0,5.0,5.0,0.0,1.0,5.0,11.0,6.0,5.0,321.0,434.0,117.0,218.0,123.0,118.0,9.0,22.0,3.0,5.0,19.0,25.0,14.0,29.0,4.0,0.0,3.0,3.0,0.0,0.0,17.0,24.0,10.0,5.0,5.0,5.0,35.0,15.0,2.0,0.0,50.0,73.0,31.0,57.0,19.0,16.0,4.0,14.0,21.0,3.0,2.0,True,Bournemouth,Spurs,2025-26
20250428,202521,4,28,1835.7,1686.13,50.0,50.0,3.24,1.72,18.0,11.0,6.0,3.0,5.0,2.0,2.0,2.0,328.0,314.0,13.0,13.0,7.0,4.0,2.68,0.55,0.56,0.39,3.24,0.93,3.16,1.0,7.0,4.0,5.0,4.0,4.0,0.0,14.0,7.0,4.0,4.0,392.0,389.0,161.0,178.0,167.0,136.0,30.0,21.0,4.0,2.0,14.0,11.0,42.0,21.0,1.0,1.0,2.0,1.0,0.0,0.0,8.0,7.0,8.0,10.0,4.0,3.0,22.0,26.0,3.0,3.0,42.0,41.0,25.0,23.0,17.0,18.0,4.0,3.0,21.0,3.0,0.0,True,Brentford,Sunderland,2025-26
20250503,202522,5,3,1838.92,1799.18,67.0,33.0,1.02,1.29,17.0,11.0,5.0,2.0,1.0,1.0,1.0,0.0,490.0,194.0,7.0,6.0,11.0,6.0,0.52,0.33,0.5,0.16,1.02,0.5,1.6,1.03,5.0,4.0,7.0,5.0,0.0,1.0,12.0,7.0,5.0,4.0,580.0,282.0,219.0,103.0,271.0,91.0,24.0,27.0,5.0,2.0,22.0,21.0,45.0,18.0,1.0,3.0,2.0,3.0,0.0,0.0,21.0,18.0,2.0,17.0,5.0,7.0,24.0,31.0,1.0,4.0,61.0,51.0,39.0,31.0,22.0,20.0,12.0,6.0,22.0,1.0,1.0,True,Brighton,Bournemouth,2025-26
20252808,202522,28,8,1680.29,1799.6,57.0,43.0,1.71,0.61,13.0,6.0,7.0,2.0,3.0,2.0,2.0,2.0,365.0,255.0,8.0,15.0,3.0,4.0,0.81,0.44,0.9,0.17,1.71,0.61,2.64,1.04,5.0,2.0,1.0,2.0,1.0,0.0,10.0,5.0,3.0,1.0,456.0,339.0,204.0,126.0,161.0,129.0,21.0,15.0,7.0,2.0,25.0,12.0,18.0,16.0,0.0,2.0,3.0,3.0,0.0,0.0,15.0,12.0,11.0,9.0,2.0,1.0,35.0,36.0,1.0,5.0,59.0,47.0,32.0,23.0,27.0,24.0,6.0,3.0,22.0,2.0,1.0,True,Sunderland,Crystal Palace,2025-26
20250704,202522,7,4,1882.61,1841.53,46.0,54.0,1.59,1.52,6.0,15.0,2.0,5.0,2.0,3.0,1.0,3.0,374.0,446.0,7.0,10.0,3.0,9.0,0.8,0.8,0.0,0.72,0.8,1.52,1.24,0.6,2.0,5.0,2.0,5.0,0.0,1.0,4.0,10.0,2.0,5.0,443.0,513.0,240.0,256.0,134.0,190.0,27.0,22.0,1.0,7.0,13.0,21.0,11.0,33.0,0.0,1.0,3.0,2.0,0.0,0.0,17.0,14.0,11.0,8.0,5.0,2.0,42.0,16.0,6.0,0.0,45.0,36.0,33.0,24.0,12.0,12.0,7.0,3.0,22.0,2.0,0.0,True,Chelsea,Brentford,2025-26
20251406,202522,14,6,1940.72,1687.71,73.0,27.0,3.18,0.4,32.0,7.0,11.0,1.0,3.0,0.0,3.0,0.0,635.0,191.0,8.0,10.0,9.0,1.0,2.38,0.33,0.02,0.07,2.39,0.4,2.17,0.08,8.0,4.0,13.0,2.0,1.0,0.0,20.0,5.0,12.0,2.0,728.0,275.0,177.0,95.0,458.0,96.0,26.0,12.0,9.0,0.0,25.0,12.0,78.0,15.0,1.0,2.0,1.0,2.0,0.0,0.0,7.0,19.0,8.0,9.0,2.0,15.0,13.0,41.0,1.0,8.0,52.0,46.0,32.0,34.0,20.0,12.0,15.0,7.0,22.0,1.0,1.0,True,Liverpool,Burnley,2025-26
20251210,202522,12,10,1751.15,1809.49,46.0,54.0,1.43,0.39,14.0,8.0,5.0,1.0,5.0,0.0,4.0,0.0,311.0,388.0,6.0,11.0,7.0,3.0,1.17,0.25,0.26,0.13,1.43,0.39,1.12,0.09,8.0,5.0,1.0,2.0,0.0,0.0,10.0,5.0,4.0,3.0,402.0,477.0,189.0,272.0,122.0,116.0,18.0,22.0,5.0,1.0,21.0,16.0,22.0,7.0,8.0,3.0,1.0,5.0,0.0,0.0,10.0,16.0,7.0,10.0,2.0,1.0,13.0,31.0,1.0,4.0,46.0,52.0,24.0,25.0,22.0,27.0,4.0,3.0,22.0,1.0,0.0,True,Leeds,Fulham,2025-26
20251716,202522,17,16,1824.43,1982.9,32.0,68.0,2.27,0.45,11.0,7.0,7.0,1.0,6.0,0.0,4.0,0.0,240.0,581.0,13.0,8.0,1.0,6.0,2.12,0.35,0.15,0.1,2.27,0.45,1.75,0.31,4.0,3.0,0.0,3.0,2.0,0.0,10.0,5.0,1.0,2.0,302.0,646.0,106.0,230.0,134.0,351.0,26.0,15.0,4.0,2.0,16.0,13.0,21.0,35.0,6.0,1.0,2.0,3.0,0.0,0.0,24.0,13.0,12.0,9.0,3.0,0.0,27.0,19.0,1.0,5.0,46.0,39.0,37.0,32.0,9.0,7.0,5.0,6.0,22.0,2.0,0.0,True,Man Utd,Man City,2025-26
20252718,202522,27,18,1666.98,1876.21,33.0,67.0,0.29,0.94,6.0,12.0,2.0,2.0,0.0,0.0,0.0,0.0,235.0,563.0,14.0,8.0,4.0,7.0,0.14,0.31,0.14,0.63,0.29,0.94,0.15,0.48,2.0,6.0,2.0,4.0,0.0,0.0,6.0,9.0,0.0,3.0,303.0,614.0,133.0,249.0,102.0,314.0,18.0,22.0,3.0,10.0,14.0,12.0,14.0,24.0,1.0,3.0,2.0,2.0,0.0,0.0,11.0,10.0,8.0,8.0,4.0,2.0,28.0,20.0,2.0,2.0,37.0,49.0,26.0,30.0,11.0,19.0,7.0,6.0,22.0,0.0,0.0,True,Wolves,Newcastle,2025-26
20250209,202522,2,9,1923.92,1796.48,63.0,37.0,1.44,0.51,18.0,9.0,5.0,3.0,0.0,1.0,0.0,0.0,434.0,227.0,15.0,13.0,6.0,4.0,1.36,0.4,0.08,0.11,1.44,0.51,0.97,0.98,7.0,2.0,6.0,4.0,1.0,1.0,12.0,5.0,6.0,4.0,495.0,292.0,221.0,132.0,213.0,95.0,22.0,26.0,4.0,2.0,20.0,12.0,31.0,16.0,1.0,4.0,1.0,2.0,0.0,0.0,14.0,17.0,4.0,13.0,4.0,6.0,16.0,28.0,2.0,5.0,47.0,53.0,31.0,34.0,16.0,19.0,5.0,2.0,22.0,0.0,1.0,True,Aston Villa,Everton,2025-26
20252001,202522,20,1,1767.03,2052.35,40.0,60.0,0.34,2.1,6.0,15.0,0.0,3.0,0.0,4.0,0.0,4.0,259.0,416.0,8.0,14.0,4.0,9.0,0.32,0.7,0.02,1.39,0.34,2.1,0.0,0.85,3.0,4.0,3.0,8.0,0.0,0.0,1.0,14.0,5.0,1.0,321.0,494.0,101.0,217.0,158.0,199.0,18.0,15.0,5.0,11.0,19.0,10.0,14.0,36.0,1.0,0.0,1.0,1.0,0.0,0.0,12.0,16.0,6.0,4.0,8.0,3.0,33.0,27.0,3.0,0.0,46.0,48.0,29.0,30.0,17.0,18.0,4.0,6.0,22.0,0.0,0.0,True,Nott'm Forest,Arsenal,2025-26
20252326,202522,23,26,1803.93,1699.84,62.0,38.0,1.44,2.85,21.0,17.0,6.0,4.0,3.0,4.0,2.0,3.0,401.0,230.0,12.0,17.0,11.0,5.0,1.0,1.13,0.44,1.71,1.44,2.85,1.59,2.54,11.0,7.0,4.0,6.0,0.0,0.0,15.0,17.0,6.0,0.0,481.0,306.0,183.0,125.0,218.0,105.0,21.0,24.0,10.0,6.0,18.0,12.0,52.0,28.0,1.0,1.0,5.0,3.0,0.0,0.0,19.0,25.0,7.0,19.0,6.0,4.0,15.0,43.0,2.0,5.0,69.0,67.0,49.0,41.0,20.0,26.0,13.0,6.0,22.0,1.0,2.0,True,Spurs,West Ham,2025-26
20250314,202523,3,14,1806.9,1948.88,33.0,67.0,2.35,0.93,12.0,14.0,5.0,4.0,6.0,1.0,3.0,1.0,230.0,537.0,7.0,7.0,3.0,11.0,1.05,0.75,1.29,0.18,2.35,0.93,1.5,1.17,4.0,4.0,3.0,6.0,1.0,0.0,9.0,7.0,3.0,7.0,298.0,616.0,124.0,197.0,106.0,340.0,22.0,20.0,3.0,4.0,15.0,22.0,26.0,40.0,0.0,0.0,1.0,1.0,0.0,0.0,20.0,12.0,14.0,4.0,6.0,3.0,38.0,27.0,2.0,2.0,37.0,35.0,31.0,26.0,6.0,9.0,4.0,7.0,23.0,3.0,2.0,True,Bournemouth,Liverpool,2025-26
20250420,202523,4,20,1838.74,1769.28,66.0,34.0,1.81,0.78,10.0,7.0,1.0,2.0,3.0,1.0,3.0,0.0,490.0,219.0,11.0,10.0,6.0,5.0,1.1,0.77,0.71,0.01,1.81,0.78,0.36,0.85,6.0,2.0,3.0,3.0,1.0,0.0,9.0,5.0,1.0,2.0,567.0,295.0,207.0,107.0,283.0,112.0,32.0,19.0,7.0,3.0,24.0,14.0,42.0,16.0,1.0,0.0,1.0,0.0,0.0,0.0,14.0,18.0,15.0,8.0,3.0,3.0,22.0,54.0,0.0,1.0,57.0,54.0,34.0,38.0,23.0,16.0,10.0,9.0,23.0,0.0,2.0,True,Brentford,Nott'm Forest,2025-26
20252628,202523,26,28,1716.78,1695.04,47.0,53.0,1.52,0.67,13.0,7.0,5.0,2.0,4.0,3.0,2.0,2.0,279.0,335.0,9.0,16.0,3.0,3.0,0.36,0.5,0.37,0.17,0.73,0.67,1.22,1.09,5.0,4.0,3.0,1.0,1.0,1.0,7.0,4.0,6.0,3.0,366.0,406.0,151.0,178.0,128.0,157.0,26.0,22.0,2.0,4.0,24.0,25.0,25.0,13.0,0.0,1.0,2.0,4.0,0.0,0.0,25.0,13.0,5.0,3.0,1.0,3.0,24.0,30.0,1.0,2.0,60.0,44.0,45.0,23.0,15.0,21.0,4.0,2.0,23.0,3.0,1.0,True,West Ham,Sunderland,2025-26
20250623,202523,6,23,1699.84,1807.61,38.0,62.0,1.44,2.05,9.0,18.0,4.0,11.0,3.0,4.0,1.0,4.0,292.0,526.0,8.0,9.0,1.0,3.0,0.75,1.61,0.68,0.44,1.44,2.05,1.89,3.32,2.0,7.0,3.0,0.0,0.0,1.0,6.0,11.0,3.0,7.0,379.0,620.0,139.0,275.0,153.0,251.0,13.0,23.0,2.0,7.0,18.0,18.0,15.0,28.0,3.0,1.0,1.0,0.0,0.0,0.0,19.0,26.0,16.0,10.0,0.0,3.0,20.0,14.0,9.0,2.0,46.0,66.0,37.0,50.0,9.0,16.0,9.0,17.0,23.0,2.0,2.0,True,Burnley,Spurs,2025-26
20251005,202523,10,5,1806.5,1841.15,49.0,51.0,1.05,1.59,12.0,13.0,4.0,5.0,2.0,4.0,1.0,4.0,417.0,432.0,10.0,6.0,6.0,6.0,0.97,1.38,0.08,0.21,1.05,1.59,1.06,0.51,5.0,4.0,3.0,4.0,0.0,0.0,5.0,10.0,7.0,3.0,502.0,517.0,257.0,265.0,160.0,167.0,26.0,15.0,2.0,8.0,24.0,14.0,19.0,28.0,1.0,3.0,1.0,1.0,0.0,0.0,11.0,16.0,7.0,12.0,4.0,3.0,41.0,23.0,3.0,2.0,33.0,45.0,21.0,32.0,12.0,13.0,4.0,7.0,23.0,2.0,1.0,True,Fulham,Brighton,2025-26
20250807,202523,8,7,1794.81,1896.35,43.0,57.0,1.77,2.2,13.0,10.0,7.0,6.0,6.0,5.0,5.0,2.0,342.0,504.0,11.0,10.0,4.0,5.0,0.74,1.41,1.03,0.0,1.77,1.41,1.9,1.69,3.0,3.0,3.0,1.0,0.0,0.0,12.0,8.0,1.0,2.0,440.0,590.0,216.0,368.0,126.0,136.0,19.0,31.0,3.0,5.0,17.0,16.0,27.0,21.0,2.0,1.0,2.0,2.0,1.0,0.0,17.0,15.0,10.0,14.0,1.0,4.0,23.0,45.0,2.0,5.0,63.0,46.0,34.0,31.0,29.0,15.0,8.0,6.0,23.0,1.0,3.0,True,Crystal Palace,Chelsea,2025-26
20250912,202523,9,12,1814.36,1764.09,58.0,42.0,0.6,1.23,10.0,14.0,3.0,4.0,1.0,3.0,0.0,2.0,446.0,301.0,9.0,13.0,4.0,4.0,0.56,1.12,0.04,0.1,0.6,1.23,1.0,1.45,3.0,7.0,4.0,3.0,1.0,1.0,6.0,10.0,4.0,4.0,538.0,393.0,149.0,183.0,297.0,118.0,17.0,28.0,3.0,2.0,25.0,21.0,25.0,23.0,1.0,0.0,0.0,3.0,0.0,0.0,18.0,31.0,7.0,11.0,2.0,4.0,29.0,39.0,3.0,2.0,71.0,62.0,40.0,40.0,31.0,22.0,10.0,1.0,23.0,1.0,1.0,True,Everton,Leeds,2025-26
20251627,202523,16,27,1953.93,1676.03,64.0,36.0,0.86,0.61,11.0,11.0,4.0,1.0,1.0,1.0,0.0,1.0,581.0,278.0,16.0,14.0,4.0,6.0,0.79,0.33,0.07,0.27,0.86,0.61,0.96,0.07,7.0,5.0,0.0,5.0,2.0,1.0,8.0,5.0,3.0,6.0,644.0,349.0,264.0,217.0,317.0,61.0,27.0,12.0,3.0,4.0,21.0,24.0,24.0,17.0,0.0,6.0,1.0,3.0,0.0,0.0,16.0,19.0,17.0,10.0,5.0,0.0,11.0,21.0,1.0,2.0,41.0,52.0,31.0,44.0,10.0,8.0,2.0,9.0,23.0,2.0,0.0,True,Man City,Wolves,2025-26
20251802,202523,18,2,1884.41,1920.99,61.0,39.0,2.18,1.16,15.0,14.0,4.0,8.0,3.0,2.0,3.0,1.0,447.0,272.0,7.0,12.0,6.0,5.0,2.08,0.44,0.09,0.72,2.18,1.16,1.31,1.8,4.0,4.0,7.0,2.0,0.0,0.0,9.0,7.0,6.0,7.0,519.0,353.0,219.0,108.0,228.0,164.0,18.0,16.0,6.0,5.0,14.0,12.0,24.0,26.0,2.0,0.0,1.0,2.0,0.0,0.0,24.0,21.0,3.0,7.0,2.0,6.0,22.0,29.0,6.0,4.0,66.0,49.0,48.0,33.0,18.0,16.0,13.0,6.0,23.0,0.0,2.0,True,Newcastle,Aston Villa,2025-26
20250117,202523,1,17,2061.98,1844.18,56.0,44.0,1.19,0.71,15.0,10.0,4.0,3.0,1.0,2.0,0.0,1.0,371.0,289.0,11.0,9.0,9.0,2.0,0.42,0.71,0.78,0.0,1.19,0.71,1.9,0.44,5.0,5.0,6.0,2.0,0.0,0.0,9.0,3.0,6.0,7.0,443.0,364.0,147.0,143.0,224.0,146.0,14.0,15.0,4.0,1.0,17.0,12.0,28.0,9.0,3.0,0.0,2.0,0.0,0.0,0.0,11.0,14.0,11.0,6.0,2.0,5.0,20.0,25.0,0.0,3.0,41.0,40.0,27.0,28.0,14.0,12.0,7.0,4.0,23.0,2.0,3.0,True,Arsenal,Man Utd,2025-26
20251418,202524,14,18,1949.25,1885.6,54.0,46.0,2.28,0.36,17.0,8.0,7.0,2.0,7.0,0.0,3.0,0.0,345.0,266.0,11.0,7.0,7.0,11.0,1.93,0.23,0.35,0.13,2.28,0.36,3.13,0.53,7.0,3.0,3.0,3.0,0.0,1.0,11.0,4.0,6.0,4.0,411.0,332.0,134.0,150.0,211.0,116.0,21.0,14.0,4.0,6.0,15.0,17.0,41.0,21.0,1.0,3.0,1.0,3.0,0.0,0.0,18.0,13.0,6.0,8.0,3.0,3.0,38.0,23.0,1.0,3.0,46.0,34.0,31.0,27.0,15.0,7.0,7.0,3.0,24.0,4.0,1.0,True,Liverpool,Newcastle,2025-26
20252806,202524,28,6,1694.92,1710.05,44.0,56.0,1.47,0.06,14.0,5.0,5.0,0.0,3.0,0.0,2.0,0.0,350.0,452.0,12.0,10.0,1.0,2.0,1.26,0.03,0.21,0.03,1.47,0.06,1.32,0.0,7.0,3.0,2.0,2.0,0.0,0.0,10.0,2.0,4.0,3.0,423.0,524.0,183.0,222.0,167.0,230.0,26.0,22.0,1.0,2.0,17.0,24.0,25.0,8.0,0.0,2.0,1.0,4.0,0.0,0.0,9.0,14.0,9.0,4.0,1.0,2.0,26.0,27.0,0.0,3.0,41.0,40.0,26.0,25.0,15.0,15.0,9.0,1.0,24.0,3.0,0.0,True,Sunderland,Burnley,2025-26
20252316,202524,23,16,1824.88,1967.46,40.0,60.0,1.05,2.08,12.0,15.0,6.0,3.0,2.0,2.0,1.0,1.0,311.0,522.0,15.0,12.0,3.0,4.0,0.86,1.24,0.2,0.85,1.05,2.08,1.73,1.26,1.0,8.0,5.0,4.0,0.0,0.0,7.0,14.0,5.0,1.0,385.0,578.0,175.0,238.0,136.0,284.0,23.0,25.0,5.0,7.0,19.0,14.0,28.0,30.0,1.0,2.0,3.0,3.0,0.0,0.0,24.0,23.0,6.0,4.0,4.0,5.0,19.0,25.0,1.0,4.0,51.0,61.0,46.0,44.0,5.0,17.0,10.0,7.0,24.0,2.0,2.0,True,Spurs,Man City,2025-26
20251710,202524,17,10,1867.16,1822.68,42.0,58.0,1.79,1.94,13.0,14.0,6.0,6.0,3.0,2.0,2.0,1.0,372.0,517.0,6.0,9.0,3.0,7.0,1.37,0.39,0.42,0.76,1.79,1.15,2.44,3.35,4.0,3.0,3.0,5.0,1.0,0.0,12.0,8.0,1.0,6.0,428.0,576.0,153.0,266.0,219.0,251.0,27.0,11.0,6.0,8.0,12.0,23.0,27.0,26.0,1.0,2.0,2.0,1.0,0.0,0.0,22.0,17.0,10.0,13.0,5.0,3.0,30.0,10.0,4.0,3.0,50.0,39.0,36.0,29.0,14.0,10.0,5.0,6.0,24.0,3.0,2.0,True,Man Utd,Fulham,2025-26
20250509,202524,5,9,1842.34,1820.12,54.0,46.0,1.44,1.2,11.0,7.0,2.0,4.0,2.0,2.0,2.0,1.0,408.0,333.0,13.0,14.0,5.0,2.0,0.89,1.03,0.55,0.17,1.44,1.2,1.0,1.55,5.0,2.0,4.0,1.0,0.0,0.0,9.0,7.0,2.0,0.0,492.0,423.0,227.0,175.0,181.0,158.0,13.0,35.0,4.0,3.0,10.0,22.0,23.0,26.0,3.0,0.0,1.0,2.0,0.0,0.0,20.0,23.0,9.0,7.0,0.0,4.0,30.0,20.0,3.0,1.0,50.0,64.0,36.0,39.0,14.0,25.0,4.0,4.0,24.0,1.0,1.0,True,Brighton,Everton,2025-26
20250726,202524,7,26,1922.71,1734.27,71.0,29.0,2.7,1.12,14.0,11.0,6.0,6.0,4.0,2.0,2.0,2.0,644.0,205.0,11.0,13.0,9.0,3.0,2.48,0.68,0.22,0.44,2.7,1.12,2.64,1.05,4.0,2.0,4.0,3.0,1.0,1.0,11.0,8.0,3.0,3.0,721.0,300.0,298.0,104.0,346.0,101.0,30.0,24.0,6.0,2.0,17.0,13.0,35.0,24.0,0.0,2.0,3.0,2.0,0.0,1.0,14.0,14.0,8.0,7.0,3.0,4.0,23.0,47.0,4.0,3.0,46.0,50.0,29.0,36.0,17.0,14.0,3.0,11.0,24.0,3.0,2.0,True,Chelsea,West Ham,2025-26
20251201,202524,12,1,1775.71,2056.45,50.0,50.0,0.15,2.19,3.0,15.0,1.0,9.0,0.0,6.0,0.0,5.0,316.0,313.0,10.0,7.0,4.0,12.0,0.05,1.35,0.1,0.85,0.15,2.19,0.42,1.51,1.0,4.0,1.0,2.0,0.0,0.0,2.0,12.0,1.0,3.0,395.0,395.0,174.0,147.0,142.0,166.0,17.0,23.0,1.0,8.0,23.0,23.0,21.0,28.0,0.0,1.0,1.0,1.0,0.0,0.0,16.0,14.0,10.0,6.0,3.0,1.0,36.0,31.0,4.0,1.0,47.0,52.0,29.0,34.0,18.0,18.0,6.0,10.0,24.0,0.0,4.0,True,Leeds,Arsenal,2025-26
20252008,202524,20,8,1796.75,1793.58,33.0,67.0,0.49,1.9,9.0,14.0,1.0,3.0,2.0,1.0,1.0,0.0,206.0,489.0,4.0,12.0,5.0,7.0,0.32,0.85,0.17,0.26,0.49,1.11,0.88,0.82,5.0,8.0,3.0,3.0,0.0,0.0,6.0,9.0,3.0,5.0,282.0,575.0,95.0,205.0,111.0,284.0,31.0,27.0,2.0,6.0,17.0,16.0,19.0,28.0,2.0,0.0,1.0,3.0,1.0,0.0,16.0,14.0,10.0,6.0,3.0,3.0,25.0,24.0,1.0,0.0,63.0,37.0,43.0,17.0,20.0,20.0,15.0,0.0,24.0,1.0,1.0,True,Nott'm Forest,Crystal Palace,2025-26
20250204,202524,2,4,1942.46,1831.43,72.0,28.0,2.4,0.38,27.0,6.0,5.0,2.0,3.0,2.0,3.0,1.0,558.0,184.0,8.0,8.0,12.0,1.0,1.53,0.14,0.87,0.23,2.4,0.38,0.98,0.7,11.0,3.0,11.0,1.0,0.0,0.0,17.0,5.0,10.0,1.0,636.0,256.0,153.0,109.0,405.0,75.0,15.0,26.0,7.0,1.0,16.0,18.0,77.0,13.0,1.0,6.0,0.0,3.0,0.0,1.0,19.0,7.0,3.0,13.0,1.0,10.0,19.0,34.0,0.0,5.0,49.0,35.0,34.0,17.0,15.0,18.0,8.0,2.0,24.0,0.0,1.0,True,Aston Villa,Brentford,2025-26
20252703,202524,27,3,1682.27,1825.76,51.0,49.0,1.38,1.36,17.0,9.0,7.0,4.0,4.0,2.0,4.0,1.0,389.0,397.0,11.0,15.0,5.0,6.0,0.59,1.27,0.79,0.09,1.38,1.36,1.4,1.46,7.0,4.0,3.0,1.0,1.0,0.0,7.0,7.0,10.0,2.0,476.0,469.0,240.0,225.0,149.0,172.0,19.0,24.0,7.0,3.0,16.0,13.0,26.0,15.0,2.0,2.0,3.0,3.0,0.0,0.0,23.0,20.0,3.0,13.0,1.0,3.0,19.0,32.0,2.0,7.0,60.0,56.0,43.0,40.0,17.0,16.0,6.0,9.0,24.0,0.0,2.0,True,Wolves,Bournemouth,2025-26
20250508,202525,5,8,1840.2,1795.08,64.0,36.0,0.74,1.16,7.0,7.0,2.0,4.0,1.0,1.0,1.0,0.0,476.0,217.0,12.0,9.0,3.0,4.0,0.59,0.75,0.15,0.41,0.74,1.16,0.24,0.87,2.0,3.0,3.0,0.0,0.0,0.0,5.0,6.0,2.0,1.0,557.0,311.0,303.0,117.0,173.0,100.0,32.0,22.0,2.0,3.0,12.0,18.0,13.0,25.0,3.0,3.0,1.0,3.0,0.0,0.0,17.0,21.0,3.0,10.0,0.0,2.0,34.0,33.0,3.0,2.0,53.0,57.0,31.0,40.0,22.0,17.0,5.0,7.0,25.0,0.0,1.0,True,Brighton,Crystal Palace,2025-26
20250128,202525,1,28,2062.52,1707.78,49.0,51.0,1.49,0.19,16.0,5.0,5.0,3.0,1.0,1.0,0.0,1.0,325.0,327.0,11.0,8.0,5.0,2.0,1.29,0.08,0.2,0.11,1.49,0.19,1.23,0.6,6.0,1.0,5.0,1.0,0.0,0.0,10.0,4.0,6.0,1.0,389.0,408.0,143.0,186.0,182.0,141.0,22.0,19.0,2.0,2.0,12.0,16.0,34.0,13.0,3.0,1.0,1.0,2.0,0.0,0.0,15.0,13.0,12.0,6.0,2.0,4.0,22.0,30.0,2.0,2.0,46.0,45.0,29.0,29.0,17.0,16.0,6.0,5.0,25.0,3.0,0.0,True,Arsenal,Sunderland,2025-26
20252707,202525,27,7,1674.27,1925.49,34.0,66.0,1.06,3.44,11.0,15.0,3.0,6.0,1.0,6.0,0.0,3.0,307.0,694.0,9.0,10.0,3.0,4.0,0.2,1.86,0.86,0.0,1.06,1.86,0.7,3.03,4.0,3.0,4.0,6.0,1.0,0.0,9.0,11.0,2.0,4.0,365.0,747.0,197.0,406.0,110.0,288.0,15.0,16.0,6.0,2.0,13.0,9.0,24.0,28.0,2.0,1.0,1.0,1.0,0.0,0.0,12.0,21.0,8.0,10.0,6.0,4.0,21.0,28.0,3.0,2.0,43.0,48.0,34.0,38.0,9.0,10.0,13.0,8.0,25.0,1.0,3.0,True,Wolves,Chelsea,2025-26
20251416,202525,14,16,1958.14,1964.84,46.0,54.0,1.21,2.75,15.0,17.0,4.0,7.0,1.0,3.0,1.0,1.0,306.0,393.0,13.0,16.0,5.0,4.0,1.04,1.46,0.17,0.5,1.21,1.96,0.34,1.99,8.0,6.0,3.0,4.0,0.0,0.0,9.0,9.0,6.0,8.0,390.0,465.0,155.0,166.0,151.0,227.0,30.0,20.0,6.0,3.0,15.0,16.0,32.0,25.0,6.0,2.0,2.0,4.0,1.0,0.0,17.0,15.0,7.0,10.0,3.0,3.0,20.0,31.0,5.0,3.0,49.0,51.0,41.0,31.0,8.0,20.0,8.0,3.0,25.0,1.0,2.0,True,Liverpool,Man City,2025-26
20250302,202525,3,2,1833.76,1930.51,53.0,47.0,2.06,0.44,20.0,7.0,9.0,4.0,3.0,1.0,3.0,0.0,343.0,310.0,4.0,11.0,11.0,4.0,1.64,0.33,0.43,0.11,2.06,0.44,2.14,1.42,7.0,0.0,4.0,3.0,1.0,0.0,12.0,5.0,8.0,2.0,413.0,382.0,170.0,166.0,173.0,144.0,25.0,21.0,3.0,4.0,21.0,17.0,26.0,20.0,3.0,3.0,1.0,1.0,0.0,0.0,10.0,18.0,11.0,7.0,2.0,5.0,25.0,40.0,3.0,7.0,40.0,48.0,23.0,26.0,17.0,22.0,3.0,5.0,25.0,1.0,1.0,True,Bournemouth,Aston Villa,2025-26
20251009,202525,10,9,1817.03,1822.26,55.0,45.0,1.97,1.88,13.0,16.0,3.0,3.0,4.0,3.0,4.0,3.0,419.0,334.0,11.0,12.0,6.0,6.0,1.51,0.86,0.46,1.02,1.97,1.88,1.67,0.73,8.0,10.0,2.0,3.0,2.0,1.0,11.0,12.0,2.0,4.0,483.0,392.0,229.0,166.0,190.0,168.0,16.0,24.0,10.0,6.0,13.0,15.0,26.0,28.0,2.0,2.0,1.0,5.0,0.0,0.0,20.0,15.0,9.0,8.0,3.0,2.0,22.0,29.0,2.0,3.0,48.0,48.0,34.0,30.0,14.0,18.0,3.0,4.0,25.0,1.0,2.0,True,Fulham,Everton,2025-26
20251804,202525,18,4,1876.72,1843.37,54.0,46.0,2.24,1.79,16.0,11.0,4.0,5.0,4.0,4.0,3.0,2.0,351.0,286.0,14.0,18.0,9.0,3.0,0.57,0.93,0.88,0.07,1.46,1.0,1.75,1.63,8.0,2.0,4.0,4.0,0.0,0.0,10.0,6.0,6.0,5.0,428.0,379.0,166.0,151.0,185.0,135.0,28.0,20.0,4.0,2.0,12.0,21.0,24.0,21.0,1.0,2.0,2.0,2.0,0.0,0.0,9.0,15.0,4.0,3.0,3.0,4.0,31.0,22.0,3.0,1.0,59.0,49.0,36.0,33.0,23.0,16.0,10.0,6.0,25.0,2.0,3.0,True,Newcastle,Brentford,2025-26
20251220,202525,12,20,1769.64,1795.25,56.0,44.0,2.5,1.33,14.0,16.0,5.0,6.0,7.0,2.0,4.0,1.0,398.0,274.0,9.0,12.0,5.0,10.0,1.74,1.14,0.76,0.19,2.5,1.33,2.94,1.49,3.0,6.0,6.0,4.0,1.0,0.0,13.0,9.0,1.0,7.0,477.0,350.0,261.0,142.0,137.0,132.0,17.0,24.0,7.0,10.0,12.0,22.0,30.0,24.0,1.0,4.0,1.0,1.0,0.0,0.0,22.0,14.0,5.0,8.0,4.0,5.0,36.0,18.0,5.0,2.0,63.0,52.0,45.0,33.0,18.0,19.0,11.0,10.0,25.0,3.0,1.0,True,Leeds,Nott'm Forest,2025-26
20251723,202525,17,23,1872.81,1827.5,65.0,35.0,1.78,0.49,23.0,7.0,10.0,1.0,3.0,1.0,2.0,1.0,582.0,283.0,12.0,11.0,7.0,0.0,1.25,0.49,0.53,0.0,1.78,0.49,1.49,0.19,7.0,1.0,6.0,5.0,0.0,0.0,10.0,4.0,13.0,3.0,649.0,342.0,212.0,164.0,370.0,119.0,12.0,17.0,5.0,4.0,18.0,8.0,37.0,17.0,3.0,1.0,1.0,2.0,0.0,1.0,18.0,16.0,5.0,9.0,5.0,6.0,11.0,30.0,1.0,8.0,47.0,40.0,38.0,34.0,9.0,6.0,9.0,6.0,25.0,2.0,0.0,True,Man Utd,Spurs,2025-26
20250626,202525,6,26,1697.18,1731.5,54.0,46.0,1.34,1.02,18.0,6.0,5.0,4.0,2.0,2.0,2.0,0.0,400.0,345.0,11.0,10.0,5.0,2.0,0.97,1.02,0.37,0.0,1.34,1.02,0.63,1.09,5.0,2.0,8.0,0.0,0.0,0.0,11.0,3.0,7.0,3.0,470.0,424.0,185.0,211.0,215.0,134.0,15.0,18.0,7.0,2.0,25.0,18.0,24.0,16.0,0.0,1.0,3.0,1.0,0.0,0.0,16.0,14.0,2.0,17.0,0.0,8.0,23.0,34.0,2.0,5.0,44.0,40.0,33.0,35.0,11.0,5.0,7.0,11.0,25.0,0.0,2.0,True,Burnley,West Ham,2025-26
20250806,202526,8,6,1805.77,1685.09,64.0,36.0,1.8,0.53,21.0,8.0,3.0,3.0,3.0,1.0,1.0,1.0,462.0,212.0,11.0,8.0,8.0,2.0,1.28,0.34,0.52,0.19,1.8,0.53,1.05,1.51,7.0,4.0,11.0,1.0,0.0,0.0,15.0,4.0,6.0,4.0,572.0,316.0,241.0,112.0,221.0,100.0,21.0,16.0,11.0,3.0,17.0,15.0,39.0,19.0,1.0,1.0,2.0,1.0,0.0,0.0,14.0,16.0,8.0,7.0,0.0,9.0,25.0,37.0,1.0,1.0,51.0,55.0,23.0,32.0,28.0,23.0,2.0,5.0,26.0,2.0,3.0,True,Crystal Palace,Burnley,2025-26
20250712,202526,7,12,1930.44,1780.19,66.0,34.0,3.13,1.44,19.0,4.0,4.0,2.0,5.0,2.0,3.0,0.0,593.0,274.0,9.0,13.0,4.0,1.0,1.66,0.64,0.68,0.01,2.34,0.65,1.45,1.74,8.0,0.0,7.0,2.0,0.0,0.0,14.0,2.0,5.0,2.0,644.0,336.0,333.0,170.0,260.0,104.0,18.0,21.0,6.0,1.0,20.0,17.0,34.0,17.0,4.0,1.0,4.0,4.0,0.0,0.0,14.0,11.0,7.0,9.0,2.0,7.0,22.0,33.0,0.0,2.0,46.0,38.0,32.0,21.0,14.0,17.0,5.0,2.0,26.0,2.0,2.0,True,Chelsea,Leeds,2025-26
20250401,202526,4,1,1853.47,2064.57,41.0,59.0,1.51,0.6,12.0,7.0,3.0,2.0,3.0,1.0,2.0,1.0,235.0,384.0,12.0,11.0,6.0,4.0,0.69,0.29,0.81,0.31,1.51,0.6,1.87,0.95,4.0,2.0,5.0,3.0,0.0,0.0,9.0,6.0,3.0,1.0,314.0,452.0,151.0,147.0,84.0,237.0,23.0,29.0,5.0,8.0,23.0,19.0,23.0,32.0,0.0,0.0,3.0,2.0,0.0,0.0,11.0,22.0,12.0,4.0,3.0,5.0,28.0,37.0,1.0,2.0,35.0,58.0,28.0,37.0,7.0,21.0,6.0,3.0,26.0,1.0,1.0,True,Brentford,Arsenal,2025-26
20252027,202526,20,27,1784.7,1669.32,63.0,37.0,2.55,0.42,35.0,7.0,10.0,3.0,4.0,0.0,4.0,0.0,426.0,216.0,12.0,13.0,8.0,2.0,1.81,0.42,0.74,0.0,2.55,0.42,2.04,0.21,16.0,4.0,9.0,0.0,0.0,0.0,16.0,4.0,19.0,3.0,480.0,287.0,163.0,130.0,263.0,86.0,27.0,24.0,10.0,1.0,16.0,11.0,40.0,13.0,2.0,0.0,0.0,2.0,0.0,0.0,18.0,20.0,6.0,6.0,0.0,8.0,26.0,39.0,3.0,10.0,60.0,48.0,37.0,35.0,23.0,13.0,6.0,5.0,26.0,0.0,0.0,True,Nott'm Forest,Wolves,2025-26
20252318,202526,23,18,1819.66,1866.62,53.0,47.0,1.85,2.48,16.0,21.0,2.0,5.0,2.0,3.0,1.0,2.0,341.0,277.0,15.0,11.0,2.0,12.0,1.06,0.45,0.79,2.04,1.85,2.48,0.73,1.59,6.0,7.0,8.0,9.0,0.0,0.0,10.0,17.0,6.0,4.0,407.0,339.0,164.0,117.0,177.0,160.0,23.0,24.0,7.0,8.0,15.0,14.0,29.0,53.0,0.0,2.0,3.0,2.0,0.0,0.0,16.0,23.0,7.0,3.0,9.0,8.0,42.0,26.0,3.0,1.0,48.0,57.0,36.0,39.0,12.0,18.0,9.0,3.0,26.0,1.0,2.0,True,Spurs,Newcastle,2025-26
20252701,202526,27,1,1669.32,2064.57,42.0,58.0,0.29,1.6,5.0,10.0,2.0,4.0,1.0,3.0,0.0,1.0,263.0,396.0,6.0,8.0,1.0,3.0,0.21,1.54,0.08,0.06,0.29,1.6,1.14,1.26,3.0,4.0,0.0,2.0,0.0,0.0,2.0,9.0,3.0,1.0,354.0,484.0,146.0,130.0,117.0,266.0,23.0,12.0,3.0,6.0,31.0,15.0,10.0,31.0,1.0,3.0,2.0,1.0,0.0,0.0,26.0,20.0,8.0,13.0,2.0,0.0,16.0,25.0,2.0,0.0,50.0,67.0,36.0,39.0,14.0,28.0,2.0,14.0,26.0,2.0,2.0,True,Wolves,Arsenal,2025-26
20250903,202526,9,3,1831.61,1835.06,53.0,47.0,2.94,1.34,16.0,11.0,6.0,4.0,3.0,2.0,2.0,0.0,357.0,310.0,14.0,15.0,7.0,2.0,0.89,0.6,1.27,0.73,2.16,1.34,2.47,2.06,5.0,2.0,5.0,5.0,1.0,0.0,14.0,5.0,2.0,6.0,443.0,403.0,168.0,166.0,189.0,144.0,22.0,16.0,11.0,2.0,20.0,18.0,37.0,14.0,1.0,0.0,1.0,3.0,1.0,0.0,11.0,21.0,8.0,8.0,5.0,5.0,20.0,35.0,2.0,5.0,58.0,55.0,30.0,35.0,28.0,20.0,5.0,3.0,26.0,1.0,2.0,True,Everton,Bournemouth,2025-26
20252814,202526,28,14,1705.73,1949.06,43.0,57.0,0.63,2.53,11.0,23.0,2.0,3.0,1.0,4.0,1.0,3.0,311.0,432.0,8.0,10.0,3.0,11.0,0.32,1.74,0.31,0.79,0.63,2.53,0.52,1.44,5.0,7.0,4.0,13.0,0.0,1.0,8.0,16.0,3.0,7.0,372.0,501.0,158.0,146.0,153.0,286.0,18.0,24.0,4.0,3.0,12.0,12.0,27.0,42.0,2.0,1.0,1.0,0.0,0.0,0.0,14.0,15.0,8.0,4.0,13.0,2.0,39.0,37.0,2.0,2.0,42.0,55.0,32.0,33.0,10.0,22.0,8.0,10.0,26.0,0.0,1.0,True,Sunderland,Liverpool,2025-26
20252617,202526,26,17,1743.59,1880.65,35.0,65.0,1.11,0.57,7.0,9.0,3.0,3.0,2.0,1.0,1.0,1.0,261.0,551.0,10.0,4.0,5.0,3.0,1.11,0.39,0.0,0.18,1.11,0.57,1.45,0.48,1.0,4.0,3.0,2.0,0.0,0.0,4.0,8.0,3.0,1.0,329.0,629.0,124.0,234.0,137.0,317.0,21.0,21.0,3.0,6.0,14.0,28.0,9.0,22.0,1.0,3.0,1.0,1.0,0.0,0.0,15.0,19.0,16.0,8.0,3.0,3.0,24.0,12.0,2.0,2.0,33.0,50.0,23.0,38.0,10.0,12.0,4.0,10.0,26.0,1.0,1.0,True,West Ham,Man Utd,2025-26
20251610,202526,16,10,1973.92,1807.68,56.0,44.0,1.37,1.42,13.0,14.0,5.0,3.0,2.0,1.0,0.0,1.0,577.0,418.0,8.0,10.0,4.0,4.0,1.23,1.05,0.14,0.37,1.37,1.42,1.62,0.46,3.0,8.0,5.0,3.0,0.0,0.0,5.0,12.0,8.0,2.0,634.0,492.0,283.0,273.0,294.0,145.0,27.0,22.0,1.0,4.0,11.0,22.0,18.0,21.0,3.0,1.0,3.0,1.0,0.0,0.0,22.0,23.0,7.0,8.0,3.0,5.0,16.0,11.0,3.0,2.0,44.0,41.0,36.0,34.0,8.0,7.0,5.0,3.0,26.0,3.0,0.0,True,Man City,Fulham,2025-26
20250205,202526,2,5,1929.21,1829.52,50.0,50.0,0.72,0.5,15.0,9.0,1.0,3.0,0.0,0.0,0.0,0.0,342.0,348.0,9.0,15.0,7.0,5.0,0.38,0.35,0.34,0.14,0.72,0.5,0.16,0.33,10.0,5.0,4.0,1.0,0.0,1.0,10.0,7.0,5.0,2.0,418.0,418.0,210.0,193.0,132.0,155.0,25.0,24.0,5.0,5.0,12.0,23.0,31.0,24.0,0.0,3.0,2.0,3.0,0.0,0.0,11.0,16.0,7.0,13.0,1.0,4.0,22.0,13.0,3.0,2.0,39.0,41.0,27.0,30.0,12.0,11.0,2.0,5.0,26.0,1.0,0.0,True,Aston Villa,Brighton,2025-26
20252810,202527,28,10,1705.73,1807.68,53.0,47.0,1.85,1.88,12.0,12.0,2.0,4.0,3.0,3.0,2.0,0.0,334.0,287.0,6.0,13.0,6.0,4.0,0.93,0.66,0.12,0.43,1.06,1.09,1.02,2.17,5.0,5.0,5.0,3.0,0.0,0.0,8.0,9.0,4.0,3.0,406.0,355.0,197.0,136.0,137.0,151.0,24.0,19.0,1.0,3.0,18.0,23.0,34.0,19.0,1.0,1.0,1.0,1.0,0.0,0.0,12.0,22.0,5.0,9.0,2.0,5.0,25.0,37.0,1.0,1.0,41.0,47.0,27.0,31.0,14.0,16.0,4.0,3.0,27.0,1.0,3.0,True,Sunderland,Fulham,2025-26
20252014,202527,20,14,1784.7,1949.06,47.0,53.0,1.19,1.73,18.0,10.0,2.0,4.0,1.0,4.0,1.0,3.0,348.0,412.0,13.0,9.0,7.0,2.0,0.99,0.92,0.2,0.81,1.19,1.73,0.65,1.86,8.0,2.0,8.0,4.0,0.0,0.0,7.0,8.0,11.0,2.0,421.0,489.0,181.0,217.0,167.0,195.0,24.0,28.0,7.0,4.0,14.0,18.0,23.0,18.0,1.0,1.0,2.0,0.0,0.0,0.0,18.0,14.0,10.0,9.0,4.0,8.0,35.0,27.0,3.0,2.0,48.0,44.0,31.0,34.0,17.0,10.0,6.0,8.0,27.0,0.0,1.0,True,Nott'm Forest,Liverpool,2025-26
20250212,202527,2,12,1929.21,1780.19,67.0,33.0,1.46,1.35,16.0,14.0,4.0,4.0,1.0,2.0,1.0,2.0,443.0,182.0,11.0,16.0,7.0,2.0,0.59,0.95,0.87,0.4,1.46,1.35,1.83,1.1,7.0,6.0,5.0,4.0,1.0,0.0,6.0,9.0,10.0,5.0,520.0,256.0,189.0,108.0,254.0,74.0,16.0,17.0,7.0,5.0,23.0,16.0,30.0,21.0,4.0,5.0,1.0,4.0,0.0,0.0,14.0,22.0,8.0,11.0,3.0,5.0,20.0,40.0,3.0,3.0,61.0,53.0,38.0,38.0,23.0,15.0,8.0,5.0,27.0,1.0,1.0,True,Aston Villa,Leeds,2025-26
20250827,202527,8,27,1805.77,1669.32,61.0,39.0,2.0,1.63,14.0,12.0,3.0,7.0,3.0,2.0,2.0,2.0,340.0,210.0,19.0,13.0,7.0,3.0,0.57,0.31,1.43,0.53,2.0,0.84,1.48,2.06,7.0,2.0,4.0,3.0,1.0,0.0,9.0,7.0,5.0,5.0,425.0,277.0,160.0,97.0,180.0,113.0,18.0,12.0,5.0,7.0,26.0,21.0,23.0,16.0,0.0,1.0,5.0,1.0,0.0,1.0,15.0,17.0,7.0,13.0,3.0,3.0,31.0,48.0,7.0,2.0,52.0,69.0,28.0,46.0,24.0,23.0,2.0,10.0,27.0,1.0,0.0,True,Crystal Palace,Wolves,2025-26
20252301,202527,23,1,1819.66,2064.57,40.0,60.0,0.76,2.07,6.0,20.0,5.0,7.0,0.0,6.0,0.0,3.0,232.0,378.0,17.0,11.0,2.0,5.0,0.76,1.59,0.0,0.48,0.76,2.07,1.66,2.06,0.0,6.0,1.0,7.0,0.0,0.0,3.0,13.0,3.0,7.0,320.0,480.0,152.0,139.0,80.0,239.0,10.0,17.0,2.0,3.0,30.0,16.0,7.0,45.0,0.0,0.0,2.0,1.0,0.0,0.0,24.0,31.0,15.0,8.0,8.0,1.0,42.0,15.0,2.0,4.0,49.0,71.0,37.0,51.0,12.0,20.0,2.0,4.0,27.0,1.0,4.0,True,Spurs,Arsenal,2025-26
20252603,202527,26,3,1743.59,1835.06,42.0,58.0,3.27,0.65,20.0,10.0,3.0,5.0,3.0,0.0,3.0,0.0,242.0,384.0,10.0,11.0,9.0,5.0,2.16,0.53,1.12,0.12,3.27,0.65,1.58,0.3,10.0,1.0,7.0,4.0,0.0,1.0,16.0,4.0,4.0,6.0,334.0,484.0,125.0,216.0,117.0,168.0,15.0,17.0,8.0,1.0,17.0,19.0,35.0,17.0,2.0,3.0,1.0,1.0,0.0,0.0,21.0,17.0,8.0,8.0,4.0,7.0,30.0,25.0,5.0,3.0,63.0,44.0,36.0,33.0,27.0,11.0,5.0,7.0,27.0,0.0,0.0,True,West Ham,Bournemouth,2025-26
20250706,202527,7,6,1930.44,1685.09,66.0,34.0,1.99,0.85,12.0,12.0,2.0,4.0,3.0,1.0,2.0,0.0,533.0,240.0,13.0,11.0,9.0,5.0,1.74,0.34,0.25,0.51,1.99,0.85,1.16,1.12,5.0,6.0,5.0,2.0,0.0,0.0,6.0,9.0,6.0,3.0,605.0,302.0,208.0,132.0,325.0,108.0,23.0,17.0,2.0,5.0,13.0,15.0,25.0,15.0,2.0,4.0,2.0,2.0,1.0,0.0,13.0,9.0,9.0,15.0,2.0,5.0,13.0,20.0,3.0,1.0,43.0,36.0,32.0,25.0,11.0,11.0,8.0,4.0,27.0,1.0,1.0,True,Chelsea,Burnley,2025-26
20251618,202527,16,18,1973.92,1866.62,55.0,45.0,1.35,0.62,15.0,13.0,7.0,7.0,5.0,0.0,4.0,0.0,392.0,306.0,12.0,13.0,5.0,5.0,1.33,0.28,0.02,0.34,1.35,0.62,1.86,1.1,6.0,3.0,2.0,3.0,0.0,0.0,10.0,8.0,5.0,5.0,466.0,376.0,170.0,168.0,222.0,138.0,19.0,27.0,6.0,4.0,14.0,12.0,31.0,20.0,1.0,5.0,2.0,5.0,0.0,0.0,21.0,18.0,5.0,8.0,3.0,2.0,23.0,18.0,6.0,5.0,61.0,49.0,48.0,33.0,13.0,16.0,14.0,3.0,27.0,2.0,1.0,True,Man City,Newcastle,2025-26
20250405,202527,4,5,1853.47,1829.52,52.0,48.0,1.6,1.09,13.0,11.0,3.0,7.0,3.0,2.0,3.0,1.0,343.0,319.0,9.0,14.0,6.0,4.0,0.64,1.01,0.96,0.08,1.6,1.09,0.6,1.33,10.0,3.0,0.0,1.0,0.0,1.0,9.0,6.0,4.0,5.0,439.0,416.0,203.0,142.0,140.0,177.0,22.0,18.0,6.0,2.0,25.0,14.0,24.0,19.0,1.0,1.0,1.0,2.0,0.0,0.0,8.0,16.0,10.0,9.0,1.0,0.0,21.0,26.0,5.0,4.0,46.0,54.0,25.0,28.0,21.0,26.0,5.0,3.0,27.0,0.0,2.0,True,Brentford,Brighton,2025-26
20250917,202527,9,17,1831.61,1880.65,48.0,52.0,0.63,1.27,12.0,11.0,4.0,3.0,0.0,2.0,0.0,1.0,316.0,388.0,12.0,7.0,10.0,1.0,0.27,1.22,0.36,0.05,0.63,1.27,0.87,1.1,2.0,6.0,6.0,2.0,0.0,0.0,5.0,6.0,7.0,5.0,413.0,483.0,115.0,207.0,201.0,181.0,21.0,23.0,5.0,1.0,22.0,14.0,16.0,16.0,1.0,0.0,2.0,3.0,0.0,0.0,18.0,12.0,14.0,8.0,2.0,6.0,13.0,38.0,1.0,4.0,61.0,44.0,34.0,28.0,27.0,16.0,10.0,5.0,27.0,0.0,1.0,True,Everton,Man Utd,2025-26
20250107,202528,1,7,2064.57,1930.44,41.0,59.0,1.13,1.05,12.0,9.0,5.0,3.0,2.0,2.0,0.0,2.0,276.0,420.0,11.0,14.0,5.0,10.0,0.59,0.3,0.54,0.75,1.13,1.05,2.22,0.93,3.0,5.0,4.0,1.0,0.0,0.0,7.0,5.0,5.0,4.0,335.0,475.0,141.0,283.0,135.0,137.0,21.0,20.0,2.0,4.0,7.0,9.0,29.0,14.0,0.0,1.0,1.0,3.0,0.0,1.0,17.0,20.0,5.0,11.0,1.0,3.0,19.0,21.0,5.0,3.0,47.0,46.0,37.0,31.0,10.0,15.0,6.0,1.0,28.0,2.0,1.0,True,Arsenal,Chelsea,2025-26
20251809,202528,18,9,1866.62,1831.61,66.0,34.0,1.03,2.13,17.0,9.0,7.0,5.0,1.0,3.0,1.0,1.0,510.0,231.0,15.0,7.0,7.0,2.0,0.45,2.08,0.58,0.04,1.03,2.13,0.68,2.87,6.0,3.0,4.0,1.0,1.0,1.0,7.0,5.0,10.0,4.0,587.0,311.0,186.0,114.0,324.0,117.0,10.0,18.0,4.0,2.0,27.0,13.0,32.0,11.0,0.0,4.0,2.0,3.0,0.0,0.0,13.0,27.0,5.0,9.0,1.0,5.0,11.0,41.0,2.0,4.0,48.0,80.0,32.0,54.0,16.0,26.0,12.0,12.0,28.0,2.0,3.0,True,Newcastle,Everton,2025-26
20252702,202528,27,2,1669.32,1929.21,39.0,61.0,0.86,1.03,9.0,14.0,2.0,5.0,2.0,2.0,0.0,2.0,256.0,439.0,13.0,19.0,0.0,5.0,0.65,0.67,0.21,0.36,0.86,1.03,0.88,0.85,4.0,3.0,3.0,6.0,0.0,0.0,6.0,10.0,3.0,4.0,328.0,502.0,154.0,267.0,102.0,172.0,14.0,24.0,2.0,7.0,15.0,15.0,12.0,24.0,1.0,0.0,3.0,3.0,0.0,0.0,16.0,11.0,10.0,11.0,7.0,2.0,25.0,15.0,4.0,0.0,48.0,44.0,44.0,29.0,4.0,15.0,9.0,5.0,28.0,2.0,0.0,True,Wolves,Aston Villa,2025-26
20250328,202528,3,28,1835.06,1705.73,62.0,38.0,1.71,1.42,21.0,8.0,5.0,4.0,2.0,1.0,1.0,0.0,358.0,193.0,15.0,12.0,7.0,3.0,1.38,1.21,0.33,0.21,1.71,1.42,1.06,1.27,9.0,2.0,7.0,2.0,0.0,0.0,10.0,6.0,11.0,2.0,464.0,287.0,168.0,107.0,190.0,86.0,28.0,18.0,4.0,1.0,18.0,24.0,28.0,14.0,1.0,2.0,4.0,2.0,0.0,0.0,16.0,26.0,14.0,6.0,1.0,6.0,27.0,46.0,3.0,4.0,65.0,61.0,40.0,45.0,25.0,16.0,12.0,4.0,28.0,1.0,1.0,True,Bournemouth,Sunderland,2025-26
20250604,202528,6,4,1685.09,1853.47,41.0,59.0,0.97,2.25,12.0,16.0,3.0,7.0,1.0,5.0,0.0,1.0,256.0,376.0,9.0,9.0,4.0,8.0,0.85,1.12,0.12,1.13,0.97,2.25,1.28,2.81,7.0,4.0,2.0,5.0,0.0,0.0,9.0,13.0,3.0,3.0,326.0,463.0,128.0,226.0,128.0,150.0,20.0,28.0,5.0,5.0,20.0,14.0,13.0,44.0,2.0,0.0,2.0,2.0,0.0,0.0,13.0,14.0,4.0,8.0,6.0,2.0,39.0,28.0,2.0,1.0,52.0,66.0,36.0,37.0,16.0,29.0,16.0,15.0,28.0,3.0,4.0,True,Burnley,Brentford,2025-26
20251216,202528,12,16,1780.19,1973.92,33.0,67.0,1.49,2.0,14.0,14.0,2.0,5.0,3.0,4.0,3.0,3.0,229.0,587.0,10.0,8.0,5.0,3.0,1.39,1.64,0.1,0.35,1.49,2.0,0.47,2.63,7.0,5.0,5.0,4.0,0.0,0.0,7.0,11.0,7.0,3.0,311.0,655.0,141.0,244.0,88.0,343.0,18.0,23.0,6.0,5.0,21.0,13.0,25.0,25.0,1.0,4.0,0.0,3.0,0.0,0.0,14.0,17.0,9.0,0.0,4.0,4.0,26.0,39.0,4.0,2.0,32.0,59.0,23.0,43.0,9.0,16.0,1.0,16.0,28.0,0.0,1.0,True,Leeds,Man City,2025-26
20251708,202528,17,8,1880.65,1805.77,61.0,39.0,2.05,0.38,20.0,8.0,11.0,3.0,3.0,0.0,1.0,0.0,522.0,303.0,13.0,12.0,7.0,1.0,0.81,0.35,0.45,0.03,1.26,0.38,2.03,0.69,4.0,3.0,5.0,2.0,0.0,0.0,11.0,5.0,9.0,3.0,610.0,397.0,182.0,183.0,340.0,120.0,21.0,18.0,11.0,1.0,10.0,11.0,32.0,13.0,1.0,2.0,2.0,2.0,0.0,1.0,13.0,17.0,3.0,6.0,2.0,5.0,13.0,27.0,2.0,9.0,56.0,46.0,32.0,33.0,24.0,13.0,7.0,3.0,28.0,2.0,1.0,True,Man Utd,Crystal Palace,2025-26
20250520,202528,5,20,1829.52,1784.7,53.0,47.0,1.31,0.93,14.0,13.0,7.0,4.0,2.0,1.0,2.0,1.0,438.0,372.0,12.0,13.0,4.0,4.0,1.27,0.71,0.04,0.22,1.31,0.93,1.26,0.73,5.0,3.0,2.0,6.0,0.0,0.0,7.0,7.0,7.0,6.0,507.0,437.0,253.0,220.0,185.0,152.0,26.0,30.0,6.0,4.0,15.0,14.0,28.0,17.0,0.0,3.0,3.0,1.0,0.0,0.0,16.0,8.0,6.0,8.0,6.0,2.0,20.0,15.0,3.0,5.0,46.0,40.0,30.0,30.0,16.0,10.0,2.0,11.0,28.0,2.0,1.0,True,Brighton,Nott'm Forest,2025-26
20251023,202528,10,23,1807.68,1819.66,54.0,46.0,2.14,0.88,18.0,13.0,4.0,1.0,3.0,1.0,2.0,0.0,383.0,285.0,11.0,14.0,5.0,8.0,1.7,0.45,0.44,0.43,2.14,0.88,0.8,0.76,10.0,5.0,4.0,7.0,0.0,0.0,15.0,10.0,3.0,3.0,472.0,384.0,231.0,179.0,152.0,106.0,25.0,20.0,3.0,6.0,16.0,21.0,34.0,29.0,1.0,1.0,3.0,3.0,0.0,0.0,12.0,16.0,10.0,10.0,7.0,4.0,35.0,18.0,0.0,2.0,51.0,45.0,31.0,32.0,20.0,13.0,7.0,5.0,28.0,2.0,1.0,True,Fulham,Spurs,2025-26
20251426,202528,14,26,1949.06,1743.59,49.0,51.0,1.84,1.86,18.0,11.0,7.0,4.0,2.0,2.0,2.0,0.0,328.0,332.0,12.0,11.0,10.0,5.0,1.22,1.16,0.62,0.69,1.84,1.86,2.43,1.95,4.0,4.0,7.0,3.0,0.0,0.0,13.0,8.0,5.0,3.0,405.0,422.0,168.0,180.0,160.0,152.0,17.0,25.0,2.0,4.0,20.0,21.0,34.0,31.0,1.0,1.0,2.0,2.0,0.0,0.0,21.0,13.0,6.0,13.0,2.0,7.0,22.0,19.0,3.0,2.0,46.0,49.0,35.0,31.0,11.0,18.0,4.0,6.0,28.0,5.0,2.0,True,Liverpool,West Ham,2025-26
20250304,202529,3,4,1835.06,1853.47,48.0,52.0,1.92,0.4,13.0,5.0,2.0,2.0,4.0,2.0,4.0,2.0,320.0,348.0,9.0,10.0,4.0,3.0,1.75,0.17,0.18,0.23,1.92,0.4,0.45,0.22,8.0,1.0,3.0,2.0,2.0,0.0,9.0,3.0,4.0,2.0,413.0,454.0,146.0,210.0,174.0,138.0,20.0,34.0,3.0,2.0,23.0,21.0,27.0,15.0,2.0,0.0,2.0,1.0,0.0,0.0,13.0,14.0,12.0,6.0,2.0,2.0,43.0,30.0,2.0,2.0,57.0,52.0,30.0,28.0,27.0,24.0,8.0,5.0,29.0,0.0,0.0,True,Bournemouth,Brentford,2025-26
20251817,202529,18,17,1866.62,1880.65,45.0,55.0,2.48,1.48,12.0,14.0,5.0,5.0,3.0,4.0,2.0,3.0,291.0,384.0,15.0,16.0,2.0,4.0,0.52,1.15,1.17,0.33,1.69,1.48,2.53,0.72,6.0,4.0,1.0,5.0,1.0,0.0,8.0,8.0,4.0,6.0,381.0,469.0,147.0,158.0,144.0,226.0,32.0,18.0,5.0,2.0,21.0,18.0,23.0,33.0,0.0,0.0,2.0,3.0,1.0,0.0,18.0,12.0,9.0,9.0,5.0,1.0,30.0,18.0,4.0,3.0,60.0,53.0,38.0,33.0,22.0,20.0,4.0,7.0,29.0,2.0,1.0,True,Newcastle,Man Utd,2025-26
20250906,202529,9,6,1831.61,1685.09,55.0,45.0,1.3,0.79,14.0,5.0,5.0,2.0,2.0,1.0,0.0,1.0,509.0,407.0,10.0,12.0,6.0,3.0,0.77,0.12,0.53,0.67,1.3,0.79,1.23,0.54,5.0,2.0,4.0,1.0,1.0,0.0,9.0,3.0,5.0,2.0,581.0,476.0,227.0,217.0,282.0,190.0,26.0,23.0,3.0,0.0,22.0,22.0,24.0,11.0,1.0,2.0,0.0,1.0,0.0,0.0,18.0,17.0,10.0,14.0,0.0,4.0,25.0,29.0,2.0,3.0,49.0,39.0,39.0,27.0,10.0,12.0,9.0,1.0,29.0,2.0,0.0,True,Everton,Burnley,2025-26
20250207,202529,2,7,1929.21,1930.44,43.0,57.0,0.78,3.6,9.0,15.0,4.0,8.0,3.0,5.0,3.0,2.0,371.0,515.0,10.0,9.0,3.0,8.0,0.73,3.35,0.05,0.25,0.78,3.6,0.54,4.1,4.0,3.0,1.0,4.0,1.0,0.0,6.0,14.0,3.0,1.0,431.0,565.0,221.0,359.0,150.0,156.0,18.0,13.0,1.0,3.0,16.0,20.0,17.0,34.0,2.0,2.0,3.0,2.0,0.0,0.0,11.0,15.0,7.0,9.0,4.0,1.0,14.0,15.0,4.0,3.0,29.0,37.0,22.0,31.0,7.0,6.0,2.0,6.0,29.0,1.0,4.0,True,Aston Villa,Chelsea,2025-26
20252308,202529,23,8,1819.66,1805.77,40.0,60.0,1.58,1.78,12.0,9.0,4.0,4.0,1.0,3.0,0.0,0.0,236.0,399.0,14.0,14.0,6.0,3.0,0.19,0.7,1.39,0.29,1.58,0.99,1.16,1.54,3.0,2.0,5.0,3.0,0.0,0.0,10.0,8.0,2.0,1.0,303.0,455.0,130.0,220.0,106.0,179.0,19.0,22.0,5.0,2.0,22.0,13.0,23.0,22.0,1.0,1.0,3.0,2.0,1.0,0.0,17.0,23.0,9.0,5.0,3.0,3.0,28.0,32.0,1.0,3.0,60.0,57.0,37.0,40.0,23.0,17.0,7.0,3.0,29.0,1.0,3.0,True,Spurs,Crystal Palace,2025-26
20252714,202529,27,14,1669.32,1949.06,33.0,67.0,0.44,1.9,4.0,20.0,3.0,9.0,1.0,1.0,0.0,0.0,251.0,575.0,13.0,7.0,0.0,11.0,0.42,1.59,0.02,0.32,0.44,1.9,1.07,2.45,1.0,5.0,0.0,6.0,0.0,0.0,2.0,9.0,2.0,11.0,310.0,628.0,157.0,194.0,94.0,381.0,15.0,25.0,2.0,6.0,9.0,16.0,8.0,36.0,0.0,3.0,2.0,1.0,0.0,0.0,15.0,13.0,5.0,6.0,6.0,0.0,28.0,13.0,6.0,2.0,38.0,42.0,27.0,35.0,11.0,7.0,5.0,9.0,29.0,2.0,1.0,True,Wolves,Liverpool,2025-26
20251620,202529,16,20,1973.92,1784.7,70.0,30.0,2.12,0.97,21.0,9.0,7.0,4.0,5.0,2.0,3.0,1.0,714.0,269.0,10.0,6.0,6.0,1.0,1.45,0.69,0.67,0.28,2.12,0.97,1.52,1.16,8.0,2.0,6.0,3.0,1.0,0.0,16.0,6.0,5.0,3.0,774.0,329.0,215.0,180.0,499.0,89.0,24.0,18.0,4.0,2.0,17.0,6.0,46.0,13.0,1.0,3.0,0.0,4.0,0.0,0.0,10.0,20.0,6.0,6.0,3.0,8.0,6.0,27.0,2.0,3.0,46.0,42.0,30.0,35.0,16.0,7.0,14.0,6.0,29.0,2.0,2.0,True,Man City,Nott'm Forest,2025-26
20251228,202529,12,28,1780.19,1705.73,70.0,30.0,1.15,0.86,18.0,3.0,4.0,1.0,0.0,1.0,0.0,0.0,455.0,143.0,15.0,19.0,9.0,2.0,0.51,0.06,0.64,0.01,1.15,0.07,0.73,0.65,5.0,0.0,9.0,2.0,1.0,0.0,12.0,3.0,6.0,0.0,550.0,233.0,254.0,87.0,201.0,56.0,30.0,17.0,4.0,1.0,22.0,19.0,25.0,8.0,2.0,5.0,1.0,3.0,0.0,0.0,16.0,16.0,6.0,7.0,2.0,9.0,20.0,50.0,0.0,4.0,62.0,56.0,38.0,31.0,24.0,25.0,3.0,2.0,29.0,0.0,1.0,True,Leeds,Sunderland,2025-26
20250501,202529,5,1,1829.52,2064.57,60.0,40.0,0.82,0.47,11.0,7.0,3.0,2.0,2.0,0.0,2.0,0.0,385.0,226.0,14.0,12.0,4.0,3.0,0.82,0.22,0.0,0.25,0.82,0.47,0.56,0.14,3.0,4.0,5.0,1.0,0.0,0.0,6.0,6.0,5.0,1.0,470.0,322.0,196.0,142.0,189.0,84.0,23.0,25.0,5.0,1.0,23.0,24.0,29.0,18.0,3.0,0.0,4.0,1.0,0.0,0.0,23.0,16.0,11.0,8.0,1.0,5.0,28.0,50.0,1.0,2.0,58.0,55.0,40.0,35.0,18.0,20.0,5.0,5.0,29.0,0.0,1.0,True,Brighton,Arsenal,2025-26
20251026,202529,10,26,1807.68,1743.59,60.0,40.0,0.89,1.09,13.0,9.0,5.0,3.0,0.0,3.0,0.0,2.0,470.0,302.0,14.0,12.0,6.0,5.0,0.19,0.99,0.7,0.1,0.89,1.09,0.56,1.13,4.0,4.0,4.0,2.0,0.0,0.0,10.0,6.0,3.0,3.0,563.0,379.0,261.0,196.0,209.0,106.0,28.0,13.0,9.0,2.0,18.0,16.0,29.0,13.0,0.0,7.0,2.0,4.0,0.0,0.0,9.0,7.0,3.0,14.0,2.0,4.0,21.0,31.0,3.0,5.0,41.0,40.0,25.0,27.0,16.0,13.0,6.0,8.0,29.0,0.0,1.0,True,Fulham,West Ham,2025-26
20252010,202530,20,10,1784.7,1807.68,46.0,54.0,0.95,1.03,11.0,6.0,2.0,1.0,1.0,1.0,1.0,1.0,321.0,378.0,8.0,11.0,5.0,4.0,0.81,0.14,0.14,0.9,0.95,1.03,0.44,0.29,4.0,3.0,5.0,2.0,1.0,0.0,5.0,5.0,6.0,1.0,401.0,474.0,183.0,227.0,138.0,151.0,28.0,26.0,3.0,3.0,28.0,21.0,18.0,15.0,3.0,0.0,2.0,3.0,0.0,0.0,8.0,16.0,7.0,10.0,2.0,5.0,22.0,22.0,1.0,2.0,42.0,45.0,28.0,32.0,14.0,13.0,10.0,8.0,30.0,0.0,0.0,True,Nott'm Forest,Fulham,2025-26
20252616,202530,26,16,1743.59,1973.92,29.0,71.0,0.54,2.12,1.0,24.0,1.0,6.0,1.0,1.0,0.0,1.0,225.0,673.0,14.0,5.0,1.0,15.0,0.0,0.72,0.54,1.4,0.54,2.12,0.99,1.81,0.0,11.0,0.0,7.0,0.0,1.0,1.0,19.0,0.0,5.0,302.0,740.0,165.0,262.0,60.0,411.0,13.0,21.0,1.0,10.0,21.0,16.0,5.0,39.0,3.0,2.0,2.0,2.0,0.0,0.0,26.0,7.0,11.0,12.0,7.0,0.0,34.0,15.0,5.0,0.0,42.0,48.0,35.0,31.0,7.0,17.0,5.0,11.0,30.0,1.0,1.0,True,West Ham,Man City,2025-26
20250109,202530,1,9,2064.57,1831.61,64.0,36.0,2.7,1.05,25.0,9.0,7.0,3.0,2.0,2.0,0.0,2.0,503.0,238.0,11.0,12.0,8.0,3.0,2.4,0.89,0.3,0.16,2.7,1.05,2.24,0.43,9.0,2.0,9.0,4.0,0.0,1.0,12.0,5.0,13.0,4.0,581.0,321.0,179.0,146.0,324.0,92.0,14.0,14.0,4.0,2.0,15.0,18.0,40.0,15.0,2.0,1.0,0.0,0.0,0.0,0.0,16.0,15.0,4.0,16.0,3.0,9.0,29.0,33.0,3.0,4.0,56.0,48.0,35.0,31.0,21.0,17.0,7.0,5.0,30.0,2.0,0.0,True,Arsenal,Everton,2025-26
20250603,202530,6,3,1685.09,1835.06,38.0,62.0,1.4,2.55,15.0,22.0,2.0,3.0,3.0,3.0,3.0,3.0,199.0,377.0,11.0,5.0,5.0,8.0,0.31,1.94,1.09,0.61,1.4,2.55,0.21,0.17,5.0,10.0,8.0,9.0,1.0,1.0,12.0,14.0,3.0,8.0,283.0,471.0,87.0,191.0,112.0,186.0,23.0,15.0,6.0,7.0,34.0,18.0,25.0,32.0,1.0,1.0,1.0,0.0,0.0,0.0,13.0,20.0,3.0,11.0,10.0,8.0,38.0,42.0,2.0,2.0,45.0,63.0,25.0,41.0,20.0,22.0,7.0,10.0,30.0,0.0,0.0,True,Burnley,Bournemouth,2025-26
20252805,202530,28,5,1705.73,1829.52,48.0,52.0,0.9,1.68,14.0,12.0,4.0,4.0,0.0,1.0,0.0,1.0,332.0,371.0,7.0,12.0,7.0,3.0,0.59,1.47,0.3,0.2,0.9,1.68,0.72,1.33,5.0,3.0,5.0,5.0,0.0,0.0,8.0,9.0,6.0,3.0,422.0,471.0,164.0,213.0,168.0,158.0,22.0,15.0,0.0,5.0,28.0,9.0,28.0,31.0,3.0,1.0,1.0,2.0,0.0,0.0,7.0,26.0,5.0,12.0,5.0,6.0,22.0,43.0,3.0,3.0,40.0,56.0,27.0,40.0,13.0,16.0,9.0,7.0,30.0,0.0,1.0,True,Sunderland,Brighton,2025-26
20250427,202530,4,27,1853.47,1669.32,49.0,51.0,2.56,1.39,10.0,13.0,3.0,4.0,5.0,3.0,3.0,2.0,318.0,335.0,12.0,10.0,1.0,5.0,1.87,0.86,0.69,0.52,2.56,1.39,1.83,1.18,7.0,6.0,0.0,3.0,1.0,2.0,9.0,9.0,1.0,4.0,416.0,418.0,197.0,191.0,121.0,144.0,25.0,28.0,7.0,7.0,16.0,26.0,22.0,28.0,0.0,2.0,2.0,4.0,0.0,0.0,15.0,7.0,11.0,7.0,2.0,0.0,25.0,27.0,2.0,1.0,48.0,33.0,27.0,24.0,21.0,9.0,2.0,6.0,30.0,2.0,2.0,True,Brentford,Wolves,2025-26
20251702,202530,17,2,1880.65,1929.21,52.0,48.0,1.1,1.0,16.0,9.0,6.0,2.0,3.0,3.0,2.0,2.0,410.0,376.0,10.0,5.0,6.0,6.0,0.92,0.44,0.19,0.56,1.1,1.0,2.21,0.84,6.0,5.0,4.0,2.0,0.0,0.0,11.0,6.0,5.0,3.0,479.0,442.0,186.0,185.0,224.0,191.0,22.0,15.0,2.0,6.0,11.0,11.0,20.0,31.0,1.0,1.0,3.0,2.0,0.0,0.0,19.0,16.0,12.0,8.0,2.0,4.0,22.0,31.0,1.0,3.0,40.0,39.0,27.0,31.0,13.0,8.0,4.0,5.0,30.0,3.0,1.0,True,Man Utd,Aston Villa,2025-26
20250718,202530,7,18,1930.44,1866.62,67.0,33.0,1.39,1.41,22.0,7.0,3.0,5.0,2.0,1.0,2.0,0.0,620.0,259.0,9.0,10.0,8.0,1.0,1.1,1.24,0.28,0.16,1.39,1.41,0.44,1.48,10.0,1.0,9.0,1.0,1.0,1.0,10.0,3.0,12.0,4.0,675.0,331.0,253.0,145.0,367.0,114.0,17.0,17.0,7.0,2.0,24.0,17.0,33.0,12.0,0.0,0.0,2.0,2.0,0.0,0.0,11.0,16.0,9.0,7.0,1.0,7.0,22.0,29.0,4.0,3.0,41.0,47.0,25.0,31.0,16.0,16.0,5.0,6.0,30.0,0.0,1.0,True,Chelsea,Newcastle,2025-26
20251423,202530,14,23,1949.06,1819.66,63.0,37.0,1.7,1.18,17.0,13.0,4.0,7.0,1.0,2.0,1.0,1.0,465.0,233.0,8.0,13.0,3.0,4.0,1.65,1.02,0.04,0.15,1.7,1.18,1.18,1.94,7.0,3.0,6.0,3.0,1.0,0.0,10.0,7.0,7.0,6.0,553.0,320.0,198.0,122.0,267.0,111.0,21.0,26.0,3.0,4.0,23.0,25.0,45.0,18.0,0.0,1.0,0.0,0.0,0.0,0.0,12.0,20.0,11.0,12.0,2.0,6.0,17.0,36.0,6.0,3.0,49.0,47.0,35.0,39.0,14.0,8.0,12.0,12.0,30.0,1.0,1.0,True,Liverpool,Spurs,2025-26
20250812,202530,8,12,1805.77,1780.19,67.0,33.0,0.67,1.12,12.0,10.0,0.0,3.0,0.0,1.0,0.0,1.0,364.0,142.0,12.0,11.0,8.0,3.0,0.15,0.11,0.52,0.21,0.67,0.33,0.0,0.36,5.0,4.0,7.0,3.0,0.0,0.0,7.0,7.0,5.0,3.0,463.0,228.0,162.0,79.0,202.0,63.0,27.0,18.0,4.0,4.0,22.0,24.0,26.0,20.0,5.0,2.0,2.0,1.0,0.0,1.0,9.0,15.0,3.0,6.0,2.0,6.0,51.0,55.0,3.0,0.0,61.0,57.0,23.0,29.0,38.0,28.0,5.0,4.0,30.0,0.0,0.0,True,Crystal Palace,Leeds,2025-26
20250317,202531,3,17,1835.06,1880.65,55.0,45.0,1.8,1.77,16.0,14.0,5.0,5.0,2.0,2.0,1.0,1.0,426.0,320.0,10.0,9.0,6.0,8.0,0.91,0.66,0.11,0.32,1.02,0.98,1.46,1.37,7.0,2.0,4.0,7.0,1.0,0.0,6.0,8.0,10.0,6.0,502.0,415.0,180.0,172.0,246.0,148.0,19.0,20.0,2.0,3.0,15.0,12.0,23.0,27.0,2.0,0.0,2.0,2.0,0.0,1.0,13.0,16.0,9.0,12.0,7.0,4.0,24.0,30.0,4.0,3.0,42.0,47.0,29.0,28.0,13.0,19.0,7.0,3.0,31.0,2.0,2.0,True,Bournemouth,Man Utd,2025-26
20252320,202531,23,20,1819.66,1784.7,59.0,41.0,1.25,1.34,14.0,8.0,3.0,7.0,3.0,3.0,3.0,1.0,365.0,252.0,13.0,13.0,13.0,3.0,0.78,1.19,0.47,0.15,1.25,1.34,1.22,2.17,5.0,0.0,6.0,1.0,1.0,0.0,7.0,6.0,7.0,2.0,459.0,336.0,199.0,119.0,166.0,133.0,14.0,21.0,6.0,3.0,16.0,12.0,27.0,16.0,2.0,0.0,1.0,2.0,0.0,0.0,19.0,21.0,7.0,9.0,1.0,6.0,14.0,40.0,4.0,3.0,72.0,57.0,44.0,39.0,28.0,18.0,13.0,6.0,31.0,0.0,3.0,True,Spurs,Nott'm Forest,2025-26
20250907,202531,9,7,1831.61,1930.44,36.0,64.0,1.18,0.93,10.0,12.0,9.0,4.0,2.0,2.0,1.0,2.0,318.0,617.0,6.0,7.0,3.0,9.0,1.14,0.22,0.04,0.71,1.18,0.93,2.03,1.07,0.0,4.0,1.0,4.0,0.0,1.0,9.0,9.0,1.0,3.0,392.0,690.0,177.0,252.0,141.0,365.0,20.0,15.0,6.0,1.0,16.0,15.0,25.0,32.0,0.0,0.0,0.0,2.0,0.0,0.0,22.0,15.0,7.0,7.0,2.0,2.0,29.0,22.0,4.0,5.0,49.0,44.0,36.0,30.0,13.0,14.0,8.0,9.0,31.0,3.0,0.0,True,Everton,Chelsea,2025-26
20251828,202531,18,28,1866.62,1705.73,60.0,40.0,1.27,2.45,16.0,17.0,4.0,7.0,1.0,3.0,0.0,1.0,324.0,184.0,8.0,19.0,9.0,5.0,0.63,1.63,0.64,0.81,1.27,2.45,0.55,2.54,8.0,5.0,4.0,5.0,1.0,0.0,8.0,11.0,8.0,6.0,398.0,257.0,188.0,82.0,136.0,102.0,19.0,14.0,7.0,6.0,18.0,17.0,22.0,29.0,1.0,0.0,1.0,6.0,0.0,0.0,13.0,17.0,6.0,4.0,6.0,4.0,38.0,31.0,4.0,3.0,53.0,40.0,36.0,28.0,17.0,12.0,4.0,5.0,31.0,1.0,2.0,True,Newcastle,Sunderland,2025-26
20250514,202531,5,14,1829.52,1949.06,47.0,53.0,2.17,1.03,16.0,12.0,7.0,5.0,5.0,1.0,3.0,0.0,297.0,346.0,11.0,11.0,4.0,8.0,1.47,0.91,0.7,0.11,2.17,1.03,2.45,1.01,7.0,4.0,2.0,3.0,0.0,0.0,11.0,10.0,5.0,2.0,380.0,431.0,138.0,161.0,159.0,185.0,23.0,24.0,6.0,5.0,22.0,30.0,32.0,29.0,2.0,1.0,5.0,5.0,0.0,0.0,11.0,12.0,7.0,12.0,3.0,3.0,25.0,30.0,4.0,4.0,36.0,43.0,28.0,33.0,8.0,10.0,6.0,10.0,31.0,2.0,1.0,True,Brighton,Liverpool,2025-26
20251006,202531,10,6,1807.68,1685.09,56.0,44.0,3.15,1.24,22.0,9.0,6.0,5.0,4.0,4.0,2.0,3.0,442.0,343.0,6.0,9.0,6.0,6.0,2.21,0.98,0.16,0.27,2.37,1.24,3.16,1.17,10.0,1.0,6.0,3.0,0.0,0.0,17.0,6.0,5.0,3.0,518.0,413.0,219.0,192.0,223.0,151.0,30.0,36.0,5.0,4.0,19.0,12.0,42.0,16.0,1.0,0.0,2.0,2.0,0.0,1.0,18.0,13.0,6.0,7.0,3.0,6.0,25.0,24.0,4.0,3.0,49.0,34.0,30.0,21.0,19.0,13.0,3.0,3.0,31.0,3.0,1.0,True,Fulham,Burnley,2025-26
20250226,202531,2,26,1929.21,1743.59,59.0,41.0,1.69,0.85,23.0,9.0,7.0,1.0,3.0,0.0,2.0,0.0,452.0,283.0,3.0,7.0,6.0,6.0,1.02,0.5,0.67,0.35,1.69,0.85,1.42,0.16,9.0,3.0,7.0,5.0,0.0,0.0,12.0,8.0,11.0,1.0,507.0,342.0,196.0,153.0,256.0,130.0,22.0,23.0,5.0,6.0,20.0,14.0,35.0,19.0,0.0,4.0,0.0,1.0,0.0,0.0,18.0,13.0,4.0,10.0,5.0,8.0,17.0,21.0,1.0,4.0,45.0,39.0,31.0,25.0,14.0,14.0,6.0,9.0,31.0,2.0,0.0,True,Aston Villa,West Ham,2025-26
20251204,202531,12,4,1780.19,1853.47,57.0,43.0,0.52,0.46,14.0,6.0,4.0,2.0,0.0,0.0,0.0,0.0,369.0,234.0,6.0,9.0,6.0,2.0,0.32,0.31,0.21,0.16,0.52,0.46,0.72,0.19,3.0,3.0,7.0,1.0,0.0,0.0,6.0,4.0,8.0,2.0,461.0,358.0,171.0,155.0,198.0,79.0,26.0,16.0,5.0,5.0,23.0,26.0,33.0,19.0,1.0,3.0,2.0,0.0,0.0,0.0,15.0,11.0,8.0,7.0,1.0,7.0,38.0,47.0,2.0,4.0,68.0,64.0,29.0,23.0,39.0,41.0,5.0,7.0,31.0,0.0,0.0,True,Leeds,Brentford,2025-26
20252002,202532,20,2,1784.7,1929.21,41.0,59.0,1.15,1.02,15.0,12.0,4.0,5.0,1.0,3.0,1.0,3.0,278.0,442.0,15.0,10.0,7.0,3.0,0.8,0.78,0.35,0.25,1.15,1.02,0.53,0.78,6.0,7.0,5.0,0.0,0.0,1.0,9.0,8.0,6.0,4.0,336.0,501.0,114.0,254.0,164.0,188.0,19.0,21.0,6.0,3.0,5.0,15.0,35.0,22.0,1.0,2.0,2.0,2.0,0.0,0.0,15.0,15.0,9.0,8.0,0.0,5.0,21.0,12.0,5.0,4.0,43.0,48.0,28.0,38.0,15.0,10.0,5.0,10.0,32.0,1.0,1.0,True,Nott'm Forest,Aston Villa,2025-26
20251712,202532,17,12,1880.65,1780.19,53.0,47.0,1.27,2.57,20.0,15.0,9.0,6.0,1.0,4.0,0.0,4.0,420.0,376.0,12.0,15.0,11.0,4.0,0.58,2.18,0.69,0.39,1.27,2.57,1.8,1.44,5.0,4.0,6.0,5.0,0.0,0.0,15.0,11.0,5.0,4.0,497.0,453.0,203.0,168.0,217.0,208.0,29.0,31.0,6.0,8.0,17.0,15.0,36.0,32.0,1.0,0.0,3.0,2.0,1.0,0.0,18.0,12.0,15.0,7.0,6.0,8.0,25.0,37.0,3.0,6.0,62.0,45.0,38.0,32.0,24.0,13.0,7.0,9.0,32.0,1.0,2.0,True,Man Utd,Leeds,2025-26
20250605,202532,6,5,1685.09,1829.52,50.0,50.0,0.88,1.93,10.0,13.0,5.0,6.0,1.0,1.0,1.0,1.0,387.0,397.0,7.0,11.0,8.0,2.0,0.15,1.91,0.72,0.02,0.88,1.93,1.09,2.5,3.0,3.0,2.0,4.0,0.0,0.0,8.0,9.0,2.0,4.0,475.0,477.0,210.0,232.0,177.0,165.0,28.0,19.0,6.0,8.0,27.0,11.0,15.0,39.0,2.0,1.0,2.0,1.0,0.0,0.0,11.0,29.0,10.0,18.0,5.0,2.0,25.0,26.0,3.0,4.0,45.0,52.0,33.0,43.0,12.0,9.0,12.0,7.0,32.0,0.0,2.0,True,Burnley,Brighton,2025-26
20250103,202532,1,3,2064.57,1835.06,52.0,48.0,2.32,1.19,15.0,8.0,3.0,3.0,5.0,2.0,4.0,0.0,314.0,292.0,12.0,18.0,10.0,1.0,0.18,1.19,1.35,0.0,1.54,1.19,1.08,1.41,4.0,3.0,8.0,2.0,0.0,0.0,10.0,5.0,5.0,3.0,389.0,367.0,175.0,163.0,139.0,129.0,21.0,13.0,5.0,1.0,30.0,20.0,33.0,18.0,2.0,0.0,1.0,3.0,0.0,0.0,17.0,20.0,7.0,9.0,2.0,7.0,23.0,28.0,1.0,2.0,56.0,58.0,43.0,39.0,13.0,19.0,9.0,8.0,32.0,1.0,2.0,True,Arsenal,Bournemouth,2025-26
20250409,202532,4,9,1853.47,1831.61,55.0,45.0,2.84,1.53,17.0,14.0,4.0,7.0,4.0,2.0,3.0,1.0,380.0,304.0,6.0,7.0,2.0,3.0,0.92,1.53,1.13,0.0,2.05,1.53,1.63,2.19,7.0,3.0,6.0,4.0,2.0,0.0,12.0,9.0,5.0,5.0,457.0,376.0,187.0,165.0,193.0,139.0,38.0,14.0,9.0,2.0,18.0,22.0,35.0,22.0,0.0,1.0,0.0,2.0,0.0,0.0,15.0,16.0,8.0,7.0,5.0,5.0,30.0,44.0,4.0,2.0,46.0,41.0,30.0,24.0,16.0,17.0,8.0,2.0,32.0,2.0,2.0,True,Brentford,Everton,2025-26
20252823,202532,28,23,1705.73,1819.66,52.0,48.0,1.33,0.84,13.0,11.0,2.0,7.0,3.0,1.0,3.0,1.0,318.0,301.0,14.0,15.0,2.0,6.0,0.7,0.68,0.63,0.16,1.33,0.84,0.61,1.82,8.0,3.0,3.0,1.0,0.0,0.0,8.0,10.0,5.0,1.0,403.0,365.0,151.0,187.0,167.0,114.0,19.0,22.0,6.0,8.0,12.0,16.0,20.0,25.0,0.0,0.0,3.0,3.0,0.0,0.0,22.0,10.0,9.0,8.0,1.0,3.0,22.0,28.0,7.0,1.0,50.0,43.0,43.0,28.0,7.0,15.0,8.0,5.0,32.0,1.0,0.0,True,Sunderland,Spurs,2025-26
20251410,202532,14,10,1949.06,1807.68,53.0,47.0,1.59,1.04,18.0,19.0,5.0,4.0,4.0,2.0,4.0,2.0,447.0,371.0,10.0,4.0,6.0,9.0,1.4,0.73,0.18,0.31,1.59,1.04,1.62,0.28,7.0,7.0,6.0,8.0,0.0,0.0,14.0,13.0,4.0,6.0,510.0,435.0,217.0,200.0,230.0,171.0,29.0,24.0,2.0,11.0,26.0,18.0,47.0,42.0,4.0,2.0,0.0,0.0,0.0,0.0,17.0,20.0,7.0,15.0,8.0,6.0,26.0,28.0,4.0,3.0,34.0,49.0,26.0,35.0,8.0,14.0,5.0,6.0,32.0,2.0,0.0,True,Liverpool,Fulham,2025-26
20252627,202532,26,27,1743.59,1669.32,44.0,56.0,2.35,0.59,18.0,14.0,7.0,3.0,6.0,0.0,3.0,0.0,288.0,393.0,11.0,7.0,5.0,2.0,1.82,0.27,0.53,0.31,2.35,0.59,3.45,0.45,7.0,8.0,4.0,3.0,1.0,0.0,14.0,9.0,4.0,5.0,355.0,456.0,168.0,202.0,120.0,191.0,28.0,8.0,4.0,3.0,25.0,25.0,24.0,22.0,0.0,1.0,2.0,2.0,0.0,0.0,23.0,17.0,5.0,8.0,3.0,4.0,21.0,19.0,4.0,3.0,49.0,49.0,35.0,37.0,14.0,12.0,5.0,10.0,32.0,4.0,0.0,True,West Ham,Wolves,2025-26
20250818,202532,8,18,1805.77,1866.62,41.0,59.0,2.56,1.13,11.0,7.0,5.0,3.0,4.0,2.0,2.0,1.0,303.0,437.0,17.0,12.0,2.0,4.0,0.76,1.03,1.02,0.11,1.77,1.13,3.22,1.23,3.0,1.0,3.0,3.0,1.0,0.0,9.0,5.0,2.0,2.0,380.0,542.0,157.0,247.0,146.0,190.0,23.0,20.0,5.0,1.0,20.0,28.0,21.0,14.0,1.0,0.0,0.0,3.0,0.0,0.0,21.0,6.0,12.0,12.0,3.0,3.0,41.0,16.0,2.0,3.0,49.0,48.0,33.0,30.0,16.0,18.0,1.0,8.0,32.0,2.0,1.0,True,Crystal Palace,Newcastle,2025-26
20250716,202532,7,16,1930.44,1973.92,37.0,63.0,1.14,2.29,12.0,18.0,3.0,8.0,1.0,3.0,1.0,0.0,342.0,627.0,10.0,15.0,4.0,12.0,0.99,1.88,0.15,0.41,1.14,2.29,1.14,3.5,4.0,4.0,5.0,6.0,0.0,0.0,7.0,14.0,5.0,4.0,407.0,685.0,213.0,254.0,129.0,373.0,12.0,20.0,4.0,6.0,12.0,13.0,15.0,47.0,6.0,0.0,3.0,1.0,0.0,0.0,21.0,20.0,5.0,8.0,6.0,5.0,21.0,10.0,5.0,3.0,45.0,50.0,42.0,41.0,3.0,9.0,7.0,11.0,32.0,0.0,3.0,True,Chelsea,Man City,2025-26
20251601,202533,16,1,1966.49,2044.21,59.0,41.0,1.36,1.62,15.0,9.0,5.0,3.0,5.0,5.0,3.0,4.0,424.0,262.0,5.0,12.0,8.0,5.0,0.98,1.32,0.38,0.3,1.36,1.62,1.36,1.32,5.0,3.0,5.0,3.0,2.0,2.0,13.0,8.0,2.0,1.0,498.0,348.0,186.0,128.0,238.0,134.0,24.0,22.0,3.0,2.0,17.0,17.0,40.0,14.0,0.0,4.0,2.0,2.0,0.0,0.0,12.0,22.0,9.0,9.0,4.0,6.0,27.0,26.0,1.0,2.0,51.0,43.0,32.0,30.0,19.0,13.0,9.0,3.0,33.0,2.0,1.0,True,Man City,Arsenal,2025-26
20250312,202533,3,12,1849.21,1789.25,60.0,40.0,1.65,0.81,17.0,10.0,7.0,3.0,4.0,1.0,2.0,1.0,378.0,236.0,6.0,10.0,12.0,1.0,0.94,0.46,0.71,0.35,1.65,0.81,2.02,0.95,5.0,5.0,5.0,2.0,1.0,2.0,12.0,10.0,5.0,0.0,473.0,315.0,153.0,119.0,225.0,117.0,26.0,23.0,11.0,3.0,27.0,19.0,45.0,27.0,1.0,1.0,3.0,0.0,0.0,0.0,10.0,22.0,13.0,6.0,2.0,5.0,24.0,62.0,2.0,5.0,54.0,64.0,30.0,36.0,24.0,28.0,11.0,8.0,33.0,2.0,2.0,True,Bournemouth,Leeds,2025-26
20250410,202533,4,10,1833.07,1801.05,48.0,52.0,1.43,0.77,13.0,11.0,4.0,0.0,4.0,1.0,4.0,1.0,310.0,355.0,8.0,13.0,9.0,3.0,0.54,0.68,0.89,0.1,1.43,0.77,0.27,0.0,6.0,5.0,3.0,6.0,0.0,0.0,12.0,8.0,1.0,3.0,391.0,435.0,200.0,215.0,110.0,140.0,16.0,16.0,8.0,2.0,19.0,20.0,22.0,20.0,1.0,1.0,0.0,1.0,0.0,0.0,12.0,13.0,3.0,5.0,5.0,2.0,15.0,22.0,0.0,4.0,48.0,46.0,30.0,26.0,18.0,20.0,7.0,5.0,33.0,0.0,0.0,True,Brentford,Fulham,2025-26
20250914,202533,9,14,1829.23,1925.59,44.0,56.0,0.79,1.45,10.0,14.0,4.0,6.0,2.0,2.0,1.0,0.0,288.0,413.0,8.0,12.0,1.0,6.0,0.61,1.22,0.18,0.23,0.79,1.45,1.56,1.46,5.0,4.0,1.0,4.0,0.0,0.0,7.0,7.0,3.0,7.0,377.0,498.0,156.0,202.0,132.0,211.0,25.0,15.0,4.0,2.0,18.0,21.0,20.0,18.0,4.0,0.0,2.0,0.0,0.0,0.0,29.0,12.0,10.0,10.0,5.0,1.0,28.0,25.0,3.0,3.0,63.0,37.0,44.0,23.0,19.0,14.0,4.0,5.0,33.0,1.0,2.0,True,Everton,Liverpool,2025-26
20250826,202533,8,26,1810.98,1759.28,54.0,46.0,0.73,0.61,9.0,9.0,1.0,4.0,1.0,1.0,1.0,1.0,370.0,271.0,13.0,12.0,4.0,6.0,0.63,0.35,0.1,0.26,0.73,0.61,0.05,0.2,7.0,3.0,1.0,2.0,0.0,0.0,5.0,7.0,4.0,2.0,454.0,366.0,209.0,149.0,161.0,122.0,16.0,19.0,4.0,4.0,26.0,17.0,18.0,28.0,0.0,2.0,2.0,1.0,0.0,0.0,13.0,16.0,5.0,6.0,3.0,1.0,41.0,30.0,3.0,1.0,44.0,55.0,27.0,38.0,17.0,17.0,4.0,10.0,33.0,0.0,0.0,True,Crystal Palace,West Ham,2025-26
20250228,202533,2,28,1899.11,1713.23,50.0,50.0,2.84,1.73,15.0,10.0,7.0,7.0,7.0,3.0,3.0,1.0,341.0,340.0,11.0,11.0,4.0,5.0,2.46,1.63,0.39,0.1,2.84,1.73,3.56,2.93,5.0,2.0,3.0,1.0,1.0,0.0,10.0,8.0,5.0,2.0,403.0,406.0,178.0,172.0,163.0,168.0,31.0,13.0,6.0,4.0,13.0,14.0,26.0,16.0,0.0,3.0,1.0,3.0,0.0,0.0,10.0,14.0,5.0,7.0,1.0,3.0,20.0,23.0,4.0,3.0,38.0,40.0,27.0,28.0,11.0,12.0,6.0,5.0,33.0,4.0,3.0,True,Aston Villa,Sunderland,2025-26
20250717,202533,7,17,1852.26,1881.36,59.0,41.0,1.57,0.29,21.0,4.0,3.0,1.0,0.0,1.0,0.0,0.0,541.0,362.0,12.0,13.0,7.0,1.0,0.97,0.29,0.6,0.0,1.57,0.29,0.7,0.79,5.0,1.0,13.0,2.0,3.0,0.0,11.0,1.0,10.0,3.0,605.0,431.0,273.0,209.0,268.0,153.0,30.0,15.0,8.0,1.0,10.0,14.0,40.0,10.0,2.0,0.0,1.0,3.0,0.0,0.0,10.0,16.0,10.0,6.0,2.0,13.0,14.0,29.0,1.0,3.0,32.0,38.0,26.0,29.0,6.0,9.0,5.0,2.0,33.0,0.0,1.0,True,Chelsea,Man Utd,2025-26
20252305,202533,23,5,1750.36,1852.34,42.0,58.0,1.09,0.82,13.0,10.0,6.0,3.0,3.0,2.0,2.0,2.0,263.0,364.0,14.0,14.0,7.0,5.0,0.95,0.54,0.14,0.27,1.09,0.82,1.6,1.06,4.0,4.0,3.0,3.0,1.0,1.0,10.0,8.0,3.0,2.0,328.0,435.0,175.0,169.0,88.0,195.0,12.0,14.0,3.0,8.0,15.0,20.0,32.0,30.0,2.0,0.0,3.0,1.0,0.0,0.0,14.0,14.0,11.0,8.0,3.0,3.0,32.0,28.0,1.0,4.0,53.0,56.0,40.0,33.0,13.0,23.0,13.0,5.0,33.0,2.0,2.0,True,Spurs,Brighton,2025-26
20251227,202533,12,27,1789.25,1684.17,56.0,44.0,2.82,0.57,17.0,7.0,6.0,2.0,7.0,2.0,4.0,2.0,378.0,264.0,9.0,17.0,5.0,6.0,0.72,0.25,1.32,0.31,2.03,0.57,2.51,0.3,7.0,2.0,4.0,3.0,0.0,0.0,15.0,7.0,2.0,0.0,465.0,357.0,236.0,169.0,142.0,95.0,24.0,29.0,4.0,4.0,31.0,16.0,29.0,19.0,0.0,1.0,2.0,1.0,0.0,0.0,12.0,23.0,15.0,4.0,4.0,4.0,22.0,35.0,1.0,3.0,43.0,53.0,32.0,37.0,11.0,16.0,5.0,5.0,33.0,3.0,0.0,True,Leeds,Wolves,2025-26
20250616,202533,6,16,1666.23,1966.49,34.0,66.0,0.63,3.36,9.0,28.0,1.0,9.0,1.0,4.0,1.0,3.0,281.0,620.0,10.0,12.0,3.0,11.0,0.56,3.13,0.06,0.22,0.63,3.36,0.51,3.16,4.0,9.0,4.0,10.0,0.0,2.0,6.0,19.0,3.0,9.0,356.0,689.0,210.0,238.0,71.0,382.0,18.0,9.0,2.0,1.0,10.0,16.0,21.0,72.0,4.0,1.0,0.0,0.0,0.0,0.0,24.0,11.0,12.0,13.0,9.0,4.0,29.0,17.0,8.0,1.0,49.0,42.0,41.0,32.0,8.0,10.0,6.0,11.0,33.0,0.0,1.0,True,Burnley,Man City,2025-26
20252006,202533,20,6,1808.82,1666.23,51.0,49.0,1.19,0.36,10.0,4.0,4.0,3.0,2.0,1.0,0.0,0.0,389.0,370.0,8.0,12.0,4.0,4.0,1.0,0.26,0.19,0.09,1.19,0.36,1.65,1.29,4.0,0.0,2.0,1.0,0.0,0.0,8.0,3.0,2.0,1.0,474.0,453.0,192.0,224.0,197.0,146.0,21.0,23.0,5.0,4.0,29.0,21.0,24.0,12.0,2.0,0.0,0.0,2.0,0.0,0.0,22.0,22.0,5.0,13.0,1.0,2.0,17.0,34.0,2.0,0.0,54.0,44.0,43.0,31.0,11.0,13.0,9.0,2.0,33.0,4.0,1.0,True,Nott'm Forest,Burnley,2025-26
20250507,202533,5,7,1852.34,1852.26,53.0,47.0,2.14,0.37,15.0,6.0,9.0,0.0,5.0,0.0,2.0,0.0,456.0,400.0,15.0,6.0,6.0,5.0,1.91,0.33,0.22,0.04,2.14,0.37,3.22,0.0,4.0,2.0,2.0,4.0,0.0,0.0,13.0,3.0,2.0,3.0,532.0,475.0,264.0,223.0,192.0,177.0,21.0,15.0,3.0,2.0,17.0,19.0,31.0,15.0,0.0,4.0,1.0,1.0,0.0,0.0,14.0,7.0,8.0,8.0,4.0,4.0,20.0,25.0,0.0,4.0,40.0,41.0,25.0,30.0,15.0,11.0,5.0,8.0,33.0,3.0,0.0,True,Brighton,Chelsea,2025-26
20251803,202533,18,3,1827.16,1849.21,54.0,46.0,1.59,2.99,12.0,12.0,3.0,3.0,2.0,4.0,1.0,2.0,346.0,288.0,11.0,12.0,2.0,3.0,0.77,2.87,0.82,0.12,1.59,2.99,1.12,2.01,4.0,6.0,5.0,3.0,0.0,0.0,11.0,7.0,1.0,5.0,436.0,386.0,174.0,142.0,172.0,146.0,22.0,17.0,5.0,4.0,22.0,18.0,41.0,23.0,1.0,1.0,2.0,4.0,0.0,0.0,15.0,25.0,2.0,6.0,3.0,6.0,25.0,27.0,1.0,2.0,58.0,67.0,34.0,43.0,24.0,24.0,7.0,7.0,33.0,1.0,2.0,True,Newcastle,Bournemouth,2025-26
20251704,202534,17,4,1915.32,1836.59,45.0,55.0,1.36,1.17,11.0,12.0,6.0,4.0,4.0,2.0,2.0,2.0,340.0,433.0,6.0,9.0,7.0,8.0,1.0,0.74,0.36,0.43,1.36,1.17,1.79,0.91,5.0,4.0,0.0,4.0,0.0,1.0,7.0,9.0,4.0,3.0,414.0,497.0,185.0,185.0,155.0,248.0,29.0,24.0,3.0,8.0,10.0,11.0,21.0,42.0,1.0,2.0,2.0,4.0,0.0,0.0,29.0,9.0,8.0,15.0,4.0,1.0,45.0,21.0,5.0,3.0,68.0,32.0,45.0,23.0,23.0,9.0,7.0,8.0,34.0,2.0,1.0,True,Man Utd,Brentford,2025-26
20252609,202534,26,9,1768.8,1803.43,44.0,56.0,1.17,1.45,10.0,11.0,3.0,3.0,3.0,1.0,1.0,1.0,301.0,397.0,9.0,11.0,3.0,4.0,0.82,0.81,0.36,0.64,1.17,1.45,1.88,0.47,4.0,3.0,3.0,5.0,0.0,1.0,9.0,8.0,1.0,3.0,374.0,477.0,149.0,169.0,152.0,228.0,18.0,24.0,4.0,1.0,16.0,23.0,23.0,28.0,1.0,2.0,3.0,4.0,0.0,0.0,22.0,17.0,10.0,6.0,6.0,3.0,27.0,21.0,1.0,1.0,59.0,58.0,44.0,36.0,15.0,22.0,12.0,10.0,34.0,2.0,1.0,True,West Ham,Everton,2025-26
20250118,202534,1,18,2063.76,1837.53,45.0,55.0,0.49,1.0,11.0,13.0,4.0,3.0,0.0,2.0,0.0,2.0,323.0,415.0,13.0,10.0,7.0,2.0,0.38,0.81,0.11,0.19,0.49,1.0,0.87,0.1,2.0,5.0,5.0,5.0,0.0,0.0,6.0,6.0,5.0,7.0,400.0,486.0,149.0,200.0,174.0,215.0,13.0,18.0,2.0,4.0,11.0,11.0,27.0,20.0,2.0,1.0,2.0,2.0,0.0,0.0,15.0,14.0,10.0,12.0,5.0,5.0,24.0,21.0,3.0,3.0,38.0,47.0,28.0,29.0,10.0,18.0,5.0,3.0,34.0,1.0,0.0,True,Arsenal,Newcastle,2025-26
20252820,202534,28,20,1735.93,1822.17,61.0,39.0,0.7,1.1,14.0,10.0,4.0,6.0,0.0,3.0,0.0,0.0,358.0,199.0,13.0,15.0,3.0,6.0,0.35,0.82,0.35,0.28,0.7,1.1,0.28,1.33,3.0,2.0,7.0,2.0,0.0,0.0,7.0,6.0,7.0,4.0,436.0,273.0,143.0,98.0,215.0,101.0,20.0,21.0,4.0,4.0,21.0,16.0,34.0,17.0,1.0,1.0,2.0,5.0,0.0,0.0,9.0,15.0,8.0,7.0,2.0,7.0,20.0,53.0,2.0,4.0,50.0,50.0,33.0,31.0,17.0,19.0,9.0,3.0,34.0,0.0,5.0,True,Sunderland,Nott'm Forest,2025-26
20252723,202534,27,23,1679.69,1777.31,41.0,59.0,0.7,0.92,11.0,11.0,2.0,2.0,1.0,2.0,1.0,1.0,234.0,401.0,8.0,14.0,5.0,5.0,0.4,0.22,0.3,0.7,0.7,0.92,0.6,1.1,5.0,7.0,4.0,2.0,0.0,0.0,6.0,6.0,5.0,5.0,309.0,468.0,131.0,179.0,103.0,222.0,18.0,36.0,9.0,1.0,28.0,16.0,14.0,24.0,1.0,2.0,3.0,4.0,0.0,0.0,32.0,29.0,6.0,15.0,2.0,4.0,22.0,23.0,1.0,2.0,69.0,69.0,56.0,48.0,13.0,21.0,10.0,12.0,34.0,0.0,1.0,True,Wolves,Spurs,2025-26
20251002,202534,10,2,1813.1,1920.97,39.0,61.0,1.18,0.93,13.0,10.0,6.0,1.0,2.0,1.0,1.0,1.0,276.0,456.0,14.0,12.0,2.0,5.0,1.01,0.87,0.16,0.06,1.18,0.93,2.01,0.07,2.0,8.0,5.0,1.0,0.0,0.0,6.0,6.0,7.0,4.0,337.0,529.0,138.0,260.0,138.0,196.0,16.0,24.0,4.0,1.0,13.0,23.0,19.0,16.0,7.0,0.0,2.0,2.0,0.0,0.0,18.0,13.0,16.0,6.0,1.0,5.0,25.0,9.0,1.0,5.0,56.0,41.0,36.0,31.0,20.0,10.0,7.0,6.0,34.0,1.0,0.0,True,Fulham,Aston Villa,2025-26
20251408,202534,14,8,1910.8,1803.82,53.0,47.0,1.14,2.26,9.0,14.0,3.0,7.0,3.0,5.0,0.0,5.0,378.0,326.0,10.0,10.0,5.0,8.0,1.05,1.29,0.1,0.98,1.14,2.26,1.93,1.48,2.0,6.0,4.0,1.0,0.0,2.0,6.0,11.0,3.0,3.0,465.0,400.0,215.0,195.0,163.0,131.0,27.0,24.0,4.0,6.0,10.0,16.0,32.0,25.0,1.0,4.0,1.0,3.0,0.0,0.0,9.0,13.0,4.0,9.0,1.0,4.0,36.0,29.0,5.0,0.0,45.0,42.0,23.0,28.0,22.0,14.0,4.0,6.0,34.0,3.0,1.0,True,Liverpool,Crystal Palace,2025-26
20251206,202535,12,6,1797.39,1666.34,48.0,52.0,1.64,0.57,18.0,9.0,8.0,3.0,2.0,0.0,0.0,0.0,359.0,421.0,12.0,12.0,5.0,0.0,0.98,0.51,0.66,0.06,1.64,0.57,2.3,0.37,5.0,2.0,5.0,4.0,0.0,0.0,11.0,5.0,7.0,4.0,452.0,508.0,211.0,274.0,148.0,147.0,25.0,20.0,6.0,5.0,14.0,22.0,26.0,17.0,0.0,1.0,4.0,3.0,0.0,0.0,10.0,13.0,12.0,8.0,3.0,5.0,13.0,33.0,2.0,5.0,45.0,53.0,22.0,32.0,23.0,21.0,2.0,7.0,35.0,3.0,1.0,True,Leeds,Burnley,2025-26
20252728,202535,27,28,1679.69,1735.93,58.0,42.0,1.72,0.66,20.0,10.0,7.0,2.0,3.0,1.0,2.0,0.0,377.0,249.0,11.0,11.0,6.0,3.0,0.79,0.42,0.93,0.24,1.72,0.66,1.55,1.39,8.0,3.0,5.0,5.0,0.0,0.0,13.0,8.0,7.0,2.0,438.0,327.0,178.0,102.0,199.0,147.0,23.0,30.0,12.0,3.0,14.0,16.0,42.0,18.0,1.0,0.0,0.0,4.0,0.0,1.0,12.0,17.0,6.0,9.0,5.0,4.0,28.0,23.0,1.0,6.0,53.0,50.0,29.0,33.0,24.0,17.0,6.0,5.0,35.0,1.0,1.0,True,Wolves,Sunderland,2025-26
20251805,202535,18,5,1837.53,1842.01,32.0,68.0,3.16,1.53,13.0,13.0,6.0,4.0,5.0,4.0,3.0,3.0,164.0,426.0,10.0,12.0,2.0,10.0,2.05,1.39,1.1,0.14,3.16,1.53,4.21,0.9,6.0,6.0,1.0,3.0,0.0,2.0,12.0,10.0,1.0,3.0,237.0,506.0,100.0,193.0,64.0,233.0,18.0,23.0,5.0,6.0,13.0,22.0,24.0,28.0,1.0,1.0,3.0,3.0,0.0,0.0,11.0,11.0,6.0,3.0,3.0,1.0,44.0,18.0,3.0,4.0,53.0,35.0,31.0,25.0,22.0,10.0,9.0,6.0,35.0,3.0,1.0,True,Newcastle,Brighton,2025-26
20251714,202535,17,14,1915.32,1910.8,37.0,63.0,2.34,0.88,18.0,13.0,6.0,5.0,3.0,1.0,2.0,0.0,287.0,541.0,12.0,11.0,3.0,2.0,1.87,0.83,0.47,0.05,2.34,0.88,2.17,1.19,6.0,5.0,6.0,3.0,1.0,0.0,14.0,7.0,4.0,6.0,362.0,613.0,153.0,213.0,134.0,328.0,19.0,13.0,7.0,4.0,9.0,16.0,30.0,21.0,3.0,3.0,2.0,2.0,0.0,0.0,19.0,8.0,16.0,10.0,3.0,6.0,22.0,14.0,3.0,3.0,49.0,40.0,36.0,30.0,13.0,10.0,7.0,10.0,35.0,3.0,2.0,True,Man Utd,Liverpool,2025-26
20250110,202535,1,10,2063.76,1813.1,54.0,46.0,3.22,0.37,18.0,10.0,9.0,1.0,6.0,0.0,4.0,0.0,453.0,359.0,7.0,12.0,3.0,4.0,0.9,0.11,2.32,0.26,3.22,0.37,3.66,0.05,6.0,3.0,3.0,6.0,1.0,0.0,14.0,5.0,4.0,5.0,511.0,433.0,250.0,204.0,203.0,155.0,23.0,13.0,3.0,1.0,15.0,12.0,36.0,12.0,7.0,0.0,0.0,1.0,0.0,0.0,6.0,22.0,11.0,5.0,6.0,3.0,15.0,20.0,1.0,6.0,44.0,45.0,30.0,31.0,14.0,14.0,12.0,3.0,35.0,3.0,0.0,True,Arsenal,Fulham,2025-26
20250308,202535,3,8,1871.97,1803.82,50.0,50.0,2.08,0.89,16.0,7.0,5.0,1.0,2.0,1.0,0.0,1.0,320.0,314.0,10.0,11.0,7.0,1.0,1.0,0.81,0.29,0.08,1.29,0.89,1.93,0.05,5.0,5.0,6.0,1.0,0.0,1.0,10.0,6.0,6.0,1.0,391.0,405.0,167.0,186.0,153.0,128.0,13.0,24.0,5.0,3.0,16.0,18.0,32.0,21.0,3.0,0.0,0.0,2.0,0.0,0.0,17.0,22.0,9.0,4.0,1.0,6.0,26.0,31.0,1.0,3.0,63.0,54.0,44.0,38.0,19.0,16.0,15.0,6.0,35.0,3.0,0.0,True,Bournemouth,Crystal Palace,2025-26
20250223,202535,2,23,1920.97,1777.31,45.0,55.0,0.32,0.99,5.0,10.0,1.0,5.0,1.0,2.0,1.0,1.0,312.0,400.0,12.0,12.0,5.0,5.0,0.1,0.44,0.22,0.55,0.32,0.99,0.24,1.87,1.0,3.0,3.0,2.0,0.0,1.0,2.0,6.0,3.0,4.0,374.0,466.0,190.0,235.0,122.0,165.0,9.0,14.0,2.0,8.0,21.0,17.0,9.0,18.0,2.0,4.0,2.0,5.0,0.0,0.0,19.0,23.0,5.0,10.0,2.0,3.0,14.0,16.0,3.0,0.0,45.0,46.0,37.0,41.0,8.0,5.0,6.0,7.0,35.0,1.0,2.0,True,Aston Villa,Spurs,2025-26
20250426,202535,4,26,1836.59,1768.8,48.0,52.0,2.27,0.92,14.0,13.0,6.0,4.0,4.0,1.0,3.0,1.0,263.0,269.0,8.0,12.0,2.0,6.0,1.0,0.76,0.49,0.16,1.49,0.92,1.42,0.54,5.0,9.0,3.0,0.0,1.0,4.0,7.0,8.0,7.0,5.0,333.0,348.0,127.0,112.0,136.0,157.0,22.0,26.0,5.0,7.0,19.0,23.0,23.0,23.0,0.0,1.0,1.0,3.0,0.0,0.0,19.0,25.0,5.0,8.0,0.0,3.0,20.0,19.0,4.0,4.0,56.0,56.0,37.0,36.0,19.0,20.0,7.0,5.0,35.0,3.0,0.0,True,Brentford,West Ham,2025-26
20250720,202535,7,20,1831.1,1822.17,67.0,33.0,2.15,2.05,21.0,6.0,5.0,4.0,2.0,3.0,1.0,0.0,597.0,267.0,12.0,10.0,10.0,1.0,1.05,1.22,0.31,0.05,1.36,1.26,1.62,2.64,8.0,1.0,8.0,1.0,1.0,0.0,12.0,6.0,9.0,0.0,659.0,334.0,263.0,185.0,334.0,82.0,18.0,16.0,10.0,1.0,19.0,11.0,37.0,17.0,1.0,2.0,3.0,1.0,0.0,0.0,14.0,22.0,7.0,10.0,0.0,8.0,9.0,25.0,1.0,4.0,43.0,49.0,28.0,38.0,15.0,11.0,6.0,4.0,35.0,1.0,3.0,True,Chelsea,Nott'm Forest,2025-26
20250916,202535,9,16,1803.43,1970.85,24.0,76.0,2.72,1.54,14.0,21.0,6.0,4.0,4.0,1.0,1.0,0.0,138.0,568.0,15.0,5.0,5.0,9.0,1.59,1.12,1.13,0.41,2.72,1.54,3.72,2.21,2.0,8.0,6.0,9.0,0.0,0.0,10.0,13.0,4.0,8.0,201.0,629.0,75.0,221.0,63.0,347.0,18.0,16.0,3.0,5.0,18.0,19.0,16.0,48.0,4.0,0.0,4.0,1.0,0.0,0.0,26.0,18.0,4.0,2.0,9.0,6.0,22.0,20.0,1.0,3.0,52.0,64.0,34.0,49.0,18.0,15.0,3.0,16.0,35.0,3.0,3.0,True,Everton,Man City,2025-26
20250602,202536,6,2,1666.34,1920.97,34.0,66.0,1.79,1.44,15.0,18.0,6.0,7.0,3.0,3.0,2.0,2.0,192.0,456.0,18.0,8.0,2.0,8.0,1.78,0.64,0.01,0.8,1.79,1.44,1.78,1.21,4.0,6.0,5.0,5.0,0.0,0.0,7.0,10.0,8.0,8.0,260.0,528.0,102.0,257.0,90.0,199.0,12.0,17.0,3.0,6.0,14.0,21.0,21.0,31.0,1.0,1.0,1.0,1.0,0.0,0.0,21.0,13.0,9.0,5.0,5.0,5.0,31.0,13.0,5.0,4.0,39.0,41.0,34.0,35.0,5.0,6.0,5.0,4.0,36.0,2.0,2.0,True,Burnley,Aston Villa,2025-26
20252817,202536,28,17,1735.93,1915.32,51.0,49.0,1.25,0.62,15.0,11.0,4.0,1.0,2.0,0.0,2.0,0.0,414.0,392.0,12.0,12.0,6.0,7.0,0.74,0.41,0.5,0.22,1.25,0.62,1.81,0.09,6.0,5.0,5.0,5.0,1.0,0.0,9.0,6.0,6.0,5.0,493.0,478.0,200.0,195.0,214.0,197.0,18.0,28.0,2.0,4.0,8.0,13.0,27.0,21.0,1.0,0.0,0.0,3.0,0.0,0.0,10.0,14.0,10.0,11.0,5.0,5.0,22.0,24.0,1.0,4.0,44.0,38.0,27.0,30.0,17.0,8.0,6.0,5.0,36.0,0.0,0.0,True,Sunderland,Man Utd,2025-26
20250809,202536,8,9,1803.82,1803.43,59.0,41.0,2.56,1.59,21.0,13.0,8.0,6.0,6.0,4.0,5.0,2.0,387.0,232.0,5.0,13.0,5.0,10.0,1.7,1.06,0.86,0.53,2.56,1.59,3.41,2.03,8.0,3.0,5.0,4.0,1.0,0.0,15.0,10.0,6.0,3.0,467.0,315.0,154.0,99.0,233.0,133.0,20.0,19.0,8.0,6.0,13.0,16.0,28.0,42.0,1.0,2.0,0.0,2.0,0.0,0.0,21.0,14.0,4.0,6.0,2.0,5.0,31.0,25.0,5.0,6.0,71.0,72.0,36.0,34.0,35.0,38.0,2.0,15.0,36.0,2.0,2.0,True,Crystal Palace,Everton,2025-26
20251407,202536,14,7,1910.8,1831.1,48.0,52.0,0.56,0.5,8.0,6.0,3.0,3.0,1.0,1.0,1.0,1.0,398.0,446.0,17.0,17.0,5.0,2.0,0.17,0.41,0.39,0.08,0.56,0.5,0.51,0.41,4.0,2.0,1.0,1.0,2.0,0.0,5.0,4.0,3.0,2.0,473.0,515.0,256.0,232.0,142.0,214.0,15.0,11.0,6.0,2.0,16.0,17.0,24.0,22.0,2.0,2.0,2.0,4.0,0.0,0.0,10.0,20.0,6.0,10.0,1.0,1.0,10.0,14.0,2.0,2.0,42.0,55.0,34.0,46.0,8.0,9.0,8.0,9.0,36.0,1.0,1.0,True,Liverpool,Chelsea,2025-26
20251003,202536,10,3,1813.1,1871.97,60.0,40.0,1.33,0.82,14.0,10.0,2.0,5.0,1.0,2.0,1.0,2.0,456.0,308.0,12.0,21.0,11.0,2.0,0.72,0.78,0.61,0.04,1.33,0.82,0.16,0.72,6.0,3.0,6.0,2.0,2.0,1.0,11.0,5.0,3.0,5.0,520.0,359.0,240.0,183.0,216.0,125.0,23.0,25.0,3.0,3.0,14.0,7.0,33.0,17.0,1.0,3.0,4.0,2.0,1.0,1.0,16.0,11.0,5.0,5.0,3.0,6.0,9.0,33.0,3.0,2.0,57.0,39.0,44.0,28.0,13.0,11.0,7.0,5.0,36.0,0.0,1.0,True,Fulham,Bournemouth,2025-26
20251604,202536,16,4,1970.85,1836.59,58.0,42.0,2.98,0.24,25.0,4.0,10.0,2.0,6.0,2.0,5.0,2.0,409.0,259.0,8.0,14.0,10.0,2.0,2.33,0.19,0.65,0.05,2.98,0.24,4.5,0.32,7.0,1.0,8.0,1.0,0.0,1.0,15.0,2.0,10.0,2.0,474.0,337.0,166.0,160.0,243.0,99.0,17.0,19.0,5.0,1.0,22.0,9.0,61.0,11.0,0.0,2.0,4.0,2.0,0.0,0.0,14.0,24.0,5.0,11.0,1.0,7.0,30.0,29.0,2.0,7.0,63.0,52.0,49.0,40.0,14.0,12.0,21.0,8.0,36.0,3.0,0.0,True,Man City,Brentford,2025-26
20252312,202536,23,12,1777.31,1797.39,57.0,43.0,1.27,1.34,16.0,11.0,3.0,4.0,2.0,2.0,2.0,1.0,345.0,243.0,12.0,7.0,14.0,2.0,0.54,0.26,0.74,0.3,1.27,0.56,0.97,2.59,8.0,6.0,5.0,1.0,0.0,2.0,13.0,6.0,3.0,5.0,431.0,336.0,185.0,121.0,160.0,122.0,21.0,21.0,9.0,6.0,18.0,16.0,34.0,13.0,1.0,3.0,3.0,1.0,0.0,0.0,21.0,25.0,11.0,9.0,1.0,6.0,21.0,47.0,3.0,1.0,65.0,62.0,39.0,41.0,26.0,21.0,12.0,5.0,36.0,1.0,1.0,True,Spurs,Leeds,2025-26
20251608,202536,16,8,1970.85,1803.82,73.0,27.0,1.66,0.73,15.0,6.0,4.0,2.0,3.0,0.0,0.0,0.0,662.0,216.0,10.0,7.0,9.0,4.0,1.44,0.55,0.22,0.18,1.66,0.73,1.99,0.29,8.0,2.0,3.0,2.0,0.0,0.0,10.0,6.0,5.0,0.0,743.0,281.0,219.0,160.0,443.0,56.0,21.0,18.0,4.0,2.0,19.0,13.0,40.0,9.0,0.0,4.0,0.0,2.0,0.0,0.0,11.0,28.0,7.0,5.0,2.0,3.0,6.0,40.0,2.0,1.0,35.0,47.0,27.0,37.0,8.0,10.0,11.0,0.0,36.0,3.0,0.0,True,Man City,Crystal Palace,2025-26
20252018,202536,20,18,1822.17,1837.53,46.0,54.0,1.1,1.48,17.0,16.0,6.0,6.0,2.0,4.0,1.0,3.0,343.0,421.0,16.0,11.0,2.0,1.0,0.95,1.32,0.15,0.16,1.1,1.48,0.94,1.25,5.0,6.0,6.0,4.0,0.0,1.0,11.0,7.0,6.0,9.0,421.0,495.0,211.0,221.0,132.0,200.0,17.0,15.0,3.0,4.0,16.0,18.0,24.0,28.0,1.0,0.0,2.0,0.0,0.0,0.0,16.0,17.0,5.0,9.0,4.0,6.0,26.0,28.0,5.0,5.0,43.0,56.0,36.0,41.0,7.0,15.0,9.0,8.0,36.0,1.0,1.0,True,Nott'm Forest,Newcastle,2025-26
20250527,202536,5,27,1842.01,1679.69,72.0,28.0,1.62,0.49,14.0,5.0,6.0,1.0,4.0,2.0,1.0,2.0,498.0,154.0,9.0,11.0,7.0,1.0,1.05,0.18,0.57,0.32,1.62,0.49,3.25,0.09,5.0,4.0,3.0,0.0,0.0,1.0,10.0,4.0,4.0,1.0,578.0,225.0,299.0,104.0,199.0,50.0,28.0,14.0,8.0,3.0,24.0,13.0,36.0,15.0,1.0,3.0,1.0,2.0,0.0,0.0,15.0,17.0,10.0,13.0,0.0,1.0,7.0,32.0,1.0,3.0,47.0,43.0,34.0,35.0,13.0,8.0,8.0,9.0,36.0,3.0,0.0,True,Brighton,Wolves,2025-26
20252601,202536,26,1,1768.8,2063.76,36.0,64.0,1.15,1.18,9.0,15.0,3.0,4.0,2.0,3.0,2.0,3.0,187.0,416.0,14.0,12.0,4.0,3.0,1.11,0.35,0.05,0.83,1.15,1.18,0.79,0.74,2.0,6.0,4.0,5.0,0.0,2.0,6.0,9.0,3.0,6.0,283.0,500.0,93.0,175.0,94.0,241.0,17.0,14.0,2.0,4.0,19.0,20.0,15.0,27.0,0.0,0.0,3.0,4.0,0.0,0.0,15.0,8.0,5.0,3.0,7.0,4.0,24.0,26.0,1.0,3.0,51.0,35.0,34.0,24.0,17.0,11.0,8.0,2.0,36.0,0.0,1.0,True,West Ham,Arsenal,2025-26
20251826,202537,18,26,1837.53,1768.8,55.0,45.0,1.73,0.95,15.0,15.0,7.0,8.0,3.0,1.0,0.0,1.0,414.0,340.0,8.0,11.0,9.0,1.0,1.71,0.9,0.02,0.05,1.73,0.95,2.33,0.79,2.0,3.0,6.0,4.0,0.0,1.0,9.0,10.0,6.0,5.0,503.0,410.0,212.0,139.0,202.0,201.0,19.0,20.0,4.0,6.0,27.0,20.0,43.0,34.0,2.0,2.0,1.0,3.0,0.0,0.0,24.0,20.0,8.0,9.0,4.0,6.0,14.0,19.0,7.0,4.0,48.0,51.0,40.0,36.0,8.0,15.0,6.0,8.0,37.0,3.0,1.0,True,Newcastle,West Ham,2025-26
20250723,202537,7,23,1831.1,1777.31,44.0,56.0,0.63,1.27,9.0,9.0,4.0,3.0,1.0,4.0,0.0,3.0,360.0,479.0,11.0,18.0,3.0,4.0,0.5,1.05,0.12,0.22,0.63,1.27,1.32,1.13,3.0,5.0,2.0,1.0,1.0,1.0,4.0,8.0,5.0,1.0,432.0,546.0,249.0,278.0,111.0,201.0,15.0,23.0,1.0,4.0,16.0,17.0,11.0,25.0,1.0,1.0,4.0,3.0,0.0,0.0,19.0,14.0,14.0,11.0,1.0,2.0,10.0,14.0,2.0,2.0,52.0,49.0,42.0,39.0,10.0,10.0,5.0,14.0,37.0,2.0,1.0,True,Chelsea,Spurs,2025-26
20250928,202537,9,28,1803.43,1735.93,48.0,52.0,1.04,0.76,10.0,7.0,4.0,3.0,2.0,2.0,2.0,0.0,346.0,384.0,14.0,9.0,3.0,2.0,0.9,0.64,0.14,0.12,1.04,0.76,0.99,1.28,4.0,4.0,2.0,0.0,0.0,0.0,6.0,5.0,4.0,2.0,407.0,451.0,157.0,201.0,189.0,183.0,18.0,17.0,7.0,2.0,20.0,18.0,15.0,12.0,0.0,1.0,3.0,0.0,0.0,0.0,13.0,10.0,10.0,3.0,0.0,2.0,35.0,30.0,0.0,3.0,40.0,39.0,26.0,26.0,14.0,13.0,5.0,3.0,37.0,1.0,3.0,True,Everton,Sunderland,2025-26
20250106,202537,1,6,2063.76,1666.34,60.0,40.0,1.29,0.19,13.0,5.0,3.0,0.0,1.0,0.0,0.0,0.0,444.0,266.0,7.0,16.0,3.0,3.0,0.91,0.17,0.39,0.02,1.29,0.19,2.03,0.0,7.0,4.0,3.0,1.0,2.0,0.0,9.0,2.0,4.0,3.0,513.0,336.0,166.0,177.0,278.0,89.0,18.0,23.0,2.0,4.0,22.0,10.0,38.0,7.0,1.0,0.0,1.0,3.0,0.0,0.0,17.0,21.0,2.0,7.0,1.0,3.0,15.0,24.0,0.0,2.0,48.0,41.0,35.0,32.0,13.0,9.0,3.0,4.0,37.0,1.0,0.0,True,Arsenal,Burnley,2025-26
20250214,202537,2,14,1920.97,1910.8,45.0,55.0,1.85,1.43,14.0,16.0,9.0,5.0,5.0,3.0,3.0,1.0,299.0,384.0,12.0,9.0,4.0,9.0,0.86,0.69,0.98,0.74,1.85,1.43,3.11,1.62,2.0,8.0,3.0,3.0,1.0,1.0,9.0,10.0,5.0,6.0,365.0,443.0,174.0,187.0,125.0,197.0,21.0,17.0,1.0,9.0,19.0,14.0,19.0,32.0,2.0,3.0,3.0,1.0,0.0,0.0,11.0,9.0,5.0,9.0,3.0,3.0,24.0,16.0,3.0,5.0,38.0,43.0,28.0,27.0,10.0,16.0,8.0,6.0,37.0,4.0,2.0,True,Aston Villa,Liverpool,2025-26
20251720,202537,17,20,1915.32,1822.17,48.0,52.0,4.57,1.88,29.0,11.0,8.0,4.0,7.0,4.0,5.0,2.0,383.0,398.0,11.0,5.0,7.0,6.0,4.34,1.11,0.23,0.77,4.57,1.88,3.19,1.91,9.0,4.0,12.0,3.0,2.0,0.0,21.0,11.0,8.0,0.0,438.0,472.0,189.0,209.0,194.0,189.0,31.0,15.0,7.0,6.0,13.0,21.0,45.0,23.0,0.0,1.0,2.0,1.0,0.0,0.0,16.0,20.0,10.0,12.0,3.0,12.0,32.0,18.0,2.0,5.0,42.0,47.0,30.0,41.0,12.0,6.0,9.0,11.0,37.0,3.0,2.0,True,Man Utd,Nott'm Forest,2025-26
20250408,202537,4,8,1836.59,1803.82,58.0,42.0,1.71,1.72,14.0,16.0,3.0,5.0,1.0,2.0,0.0,1.0,372.0,229.0,7.0,5.0,9.0,4.0,0.53,0.81,1.18,0.12,1.71,0.93,2.17,0.96,8.0,5.0,3.0,6.0,0.0,2.0,11.0,10.0,3.0,6.0,467.0,344.0,210.0,104.0,162.0,125.0,27.0,19.0,3.0,4.0,16.0,19.0,29.0,27.0,2.0,1.0,1.0,3.0,0.0,0.0,5.0,18.0,7.0,13.0,6.0,3.0,40.0,43.0,3.0,1.0,43.0,46.0,16.0,25.0,27.0,21.0,6.0,2.0,37.0,2.0,2.0,True,Brentford,Crystal Palace,2025-26
20250316,202537,3,16,1871.97,1970.85,46.0,54.0,2.25,1.48,10.0,14.0,2.0,5.0,3.0,1.0,3.0,1.0,361.0,464.0,16.0,7.0,7.0,6.0,1.57,1.27,0.68,0.21,2.25,1.48,1.22,0.99,5.0,3.0,3.0,6.0,2.0,1.0,6.0,10.0,4.0,4.0,446.0,536.0,202.0,245.0,159.0,219.0,15.0,24.0,3.0,2.0,19.0,14.0,16.0,45.0,2.0,2.0,4.0,2.0,0.0,0.0,18.0,5.0,2.0,6.0,7.0,2.0,36.0,18.0,3.0,2.0,41.0,50.0,29.0,37.0,12.0,13.0,4.0,17.0,37.0,1.0,1.0,True,Bournemouth,Man City,2025-26
20252710,202537,27,10,1679.69,1813.1,31.0,69.0,1.4,1.59,11.0,13.0,3.0,5.0,3.0,2.0,3.0,1.0,181.0,512.0,20.0,8.0,3.0,6.0,0.99,0.57,0.4,0.24,1.4,0.81,0.51,1.37,8.0,5.0,0.0,3.0,1.0,0.0,7.0,8.0,4.0,5.0,261.0,592.0,100.0,277.0,81.0,235.0,19.0,19.0,6.0,4.0,14.0,16.0,20.0,35.0,1.0,2.0,1.0,0.0,0.0,0.0,16.0,19.0,12.0,10.0,3.0,0.0,22.0,24.0,4.0,2.0,38.0,59.0,29.0,48.0,9.0,11.0,5.0,10.0,37.0,1.0,1.0,True,Wolves,Fulham,2025-26
20251205,202537,12,5,1797.39,1842.01,34.0,66.0,0.39,3.06,7.0,19.0,1.0,8.0,1.0,3.0,0.0,3.0,188.0,471.0,9.0,7.0,7.0,8.0,0.26,1.54,0.13,1.52,0.39,3.06,0.83,0.63,3.0,6.0,3.0,5.0,0.0,0.0,3.0,15.0,4.0,4.0,280.0,556.0,89.0,216.0,99.0,255.0,17.0,13.0,3.0,13.0,19.0,19.0,17.0,39.0,3.0,2.0,1.0,0.0,0.0,0.0,12.0,6.0,3.0,6.0,6.0,3.0,37.0,34.0,7.0,1.0,46.0,44.0,26.0,20.0,20.0,24.0,8.0,6.0,37.0,1.0,0.0,True,Leeds,Brighton,2025-26
20251602,202538,16,2,1970.85,1920.97,52.0,48.0,1.34,1.77,16.0,12.0,3.0,5.0,2.0,4.0,1.0,2.0,426.0,397.0,8.0,4.0,9.0,4.0,0.99,0.97,0.35,0.8,1.34,1.77,1.51,2.65,7.0,5.0,6.0,2.0,0.0,1.0,10.0,9.0,6.0,3.0,481.0,440.0,147.0,279.0,279.0,118.0,19.0,20.0,1.0,3.0,20.0,10.0,46.0,20.0,1.0,1.0,1.0,0.0,0.0,0.0,10.0,28.0,7.0,11.0,2.0,6.0,15.0,37.0,3.0,2.0,26.0,42.0,19.0,39.0,7.0,3.0,5.0,3.0,38.0,1.0,2.0,True,Man City,Aston Villa,2025-26
20252003,202538,20,3,1822.17,1871.97,45.0,55.0,1.73,0.95,15.0,17.0,5.0,4.0,4.0,1.0,4.0,1.0,307.0,409.0,11.0,7.0,6.0,3.0,0.63,0.76,1.1,0.19,1.73,0.95,0.52,0.47,5.0,6.0,5.0,7.0,1.0,0.0,10.0,6.0,5.0,11.0,396.0,485.0,198.0,154.0,109.0,255.0,18.0,21.0,6.0,2.0,12.0,26.0,24.0,31.0,3.0,1.0,1.0,1.0,0.0,0.0,16.0,21.0,10.0,18.0,7.0,5.0,28.0,18.0,3.0,3.0,41.0,54.0,27.0,42.0,14.0,12.0,4.0,10.0,38.0,1.0,1.0,True,Nott'm Forest,Bournemouth,2025-26
20251404,202538,14,4,1910.8,1836.59,60.0,40.0,3.04,1.56,24.0,11.0,8.0,2.0,4.0,3.0,3.0,2.0,438.0,262.0,9.0,9.0,14.0,2.0,2.55,0.86,0.49,0.7,3.04,1.56,2.68,0.84,8.0,6.0,8.0,3.0,1.0,0.0,17.0,9.0,7.0,2.0,508.0,333.0,156.0,152.0,282.0,110.0,25.0,15.0,5.0,6.0,15.0,11.0,44.0,24.0,1.0,0.0,2.0,3.0,0.0,0.0,15.0,21.0,6.0,3.0,3.0,8.0,17.0,28.0,1.0,7.0,46.0,49.0,31.0,37.0,15.0,12.0,8.0,7.0,38.0,1.0,1.0,True,Liverpool,Brentford,2025-26
20252612,202538,26,12,1768.8,1797.39,42.0,58.0,2.61,1.59,16.0,13.0,9.0,3.0,4.0,2.0,3.0,2.0,239.0,374.0,11.0,14.0,6.0,4.0,2.04,1.21,0.57,0.38,2.61,1.59,3.27,0.46,4.0,6.0,3.0,4.0,0.0,0.0,13.0,9.0,3.0,4.0,316.0,453.0,104.0,193.0,135.0,181.0,16.0,24.0,4.0,4.0,13.0,17.0,27.0,27.0,0.0,1.0,0.0,3.0,0.0,0.0,12.0,21.0,7.0,7.0,4.0,3.0,22.0,26.0,3.0,5.0,44.0,53.0,34.0,38.0,10.0,15.0,8.0,8.0,38.0,3.0,0.0,True,West Ham,Leeds,2025-26
20250517,202538,5,17,1842.01,1915.32,52.0,48.0,0.79,1.66,13.0,11.0,2.0,7.0,0.0,4.0,0.0,1.0,415.0,372.0,11.0,8.0,0.0,3.0,0.73,1.34,0.06,0.32,0.79,1.66,0.3,2.18,6.0,3.0,5.0,1.0,0.0,1.0,9.0,7.0,4.0,4.0,484.0,450.0,220.0,177.0,195.0,195.0,18.0,22.0,4.0,1.0,16.0,12.0,32.0,32.0,1.0,0.0,0.0,1.0,0.0,0.0,17.0,18.0,8.0,10.0,1.0,3.0,12.0,14.0,5.0,2.0,40.0,40.0,27.0,36.0,13.0,4.0,2.0,7.0,38.0,0.0,3.0,True,Brighton,Man Utd,2025-26
20252309,202538,23,9,1777.31,1803.43,50.0,50.0,1.15,0.41,20.0,10.0,2.0,1.0,3.0,0.0,2.0,0.0,321.0,316.0,15.0,18.0,7.0,7.0,0.19,0.19,0.96,0.22,1.15,0.41,0.77,0.05,9.0,6.0,9.0,3.0,1.0,0.0,15.0,8.0,5.0,2.0,381.0,384.0,188.0,132.0,133.0,184.0,14.0,16.0,9.0,7.0,13.0,18.0,30.0,17.0,0.0,0.0,3.0,2.0,0.0,0.0,21.0,22.0,10.0,4.0,3.0,8.0,35.0,26.0,1.0,1.0,70.0,64.0,47.0,41.0,23.0,23.0,8.0,7.0,38.0,1.0,0.0,True,Spurs,Everton,2025-26
20252807,202538,28,7,1735.93,1831.1,44.0,56.0,1.84,0.89,21.0,8.0,6.0,3.0,2.0,2.0,2.0,2.0,285.0,376.0,15.0,12.0,6.0,2.0,1.61,0.8,0.23,0.09,1.84,0.89,1.27,0.41,8.0,3.0,7.0,2.0,0.0,0.0,16.0,4.0,5.0,4.0,346.0,452.0,123.0,214.0,162.0,162.0,21.0,19.0,1.0,1.0,20.0,19.0,35.0,15.0,2.0,1.0,5.0,3.0,0.0,1.0,18.0,7.0,11.0,9.0,2.0,7.0,19.0,23.0,2.0,5.0,38.0,41.0,32.0,28.0,6.0,13.0,2.0,7.0,38.0,2.0,1.0,True,Sunderland,Chelsea,2025-26
20250801,202538,8,1,1803.82,2063.76,40.0,60.0,0.98,2.53,8.0,17.0,3.0,7.0,3.0,7.0,2.0,7.0,261.0,460.0,9.0,12.0,3.0,4.0,0.88,2.42,0.1,0.12,0.98,2.53,0.94,1.71,3.0,6.0,2.0,4.0,0.0,1.0,8.0,14.0,0.0,3.0,328.0,518.0,131.0,188.0,130.0,272.0,18.0,14.0,4.0,5.0,12.0,16.0,21.0,41.0,1.0,0.0,0.0,1.0,0.0,0.0,12.0,7.0,10.0,5.0,4.0,1.0,23.0,28.0,5.0,2.0,42.0,40.0,31.0,26.0,11.0,14.0,7.0,12.0,38.0,1.0,2.0,True,Crystal Palace,Arsenal,2025-26
20250627,202538,6,27,1666.34,1679.69,70.0,30.0,0.98,2.09,16.0,16.0,8.0,4.0,2.0,4.0,2.0,3.0,498.0,163.0,10.0,11.0,7.0,7.0,0.81,0.71,0.17,0.6,0.98,1.3,1.22,2.36,2.0,5.0,6.0,7.0,1.0,1.0,7.0,10.0,9.0,6.0,569.0,225.0,223.0,88.0,275.0,75.0,31.0,13.0,6.0,8.0,15.0,13.0,33.0,26.0,0.0,3.0,2.0,2.0,0.0,0.0,9.0,17.0,7.0,9.0,6.0,6.0,13.0,28.0,3.0,7.0,40.0,42.0,27.0,31.0,13.0,11.0,8.0,5.0,38.0,1.0,1.0,True,Burnley,Wolves,2025-26
20251018,202538,10,18,1813.1,1837.53,45.0,55.0,1.81,0.31,21.0,7.0,6.0,2.0,1.0,0.0,0.0,0.0,345.0,445.0,13.0,6.0,6.0,6.0,0.91,0.23,0.89,0.08,1.81,0.31,1.83,0.16,9.0,3.0,6.0,2.0,1.0,0.0,10.0,4.0,11.0,3.0,418.0,508.0,156.0,265.0,189.0,180.0,20.0,18.0,2.0,2.0,15.0,12.0,33.0,19.0,1.0,1.0,2.0,2.0,0.0,0.0,16.0,14.0,12.0,10.0,2.0,6.0,13.0,19.0,2.0,4.0,43.0,45.0,31.0,29.0,12.0,16.0,10.0,2.0,38.0,2.0,0.0,True,Fulham,Newcastle,2025-26
20260129,202601,1,29,,,64.0,36.0,1.88,0.2,20.0,4.0,6.0,1.0,1.0,1.0,0.0,1.0,562.0,267.0,10.0,13.0,8.0,2.0,1.62,0.2,0.26,0.0,1.88,0.2,2.44,0.04,6.0,2.0,8.0,1.0,0.0,0.0,10.0,1.0,10.0,3.0,613.0,339.0,229.0,111.0,333.0,156.0,21.0,33.0,1.0,1.0,11.0,7.0,36.0,3.0,5.0,0.0,1.0,1.0,0.0,0.0,9.0,4.0,5.0,9.0,1.0,9.0,22.0,30.0,1.0,2.0,37.0,32.0,26.0,17.0,11.0,15.0,4.0,3.0,1.0,3.0,0.0,True,Arsenal,Coventry City,2026-27
20260502,202601,5,2,1842.01,1920.97,73.0,27.0,3.77,0.29,21.0,6.0,6.0,0.0,6.0,0.0,3.0,0.0,601.0,185.0,12.0,11.0,5.0,2.0,3.54,0.18,0.22,0.11,3.77,0.29,3.59,0.0,12.0,6.0,3.0,0.0,2.0,0.0,15.0,2.0,6.0,4.0,647.0,242.0,255.0,102.0,346.0,83.0,30.0,11.0,5.0,1.0,9.0,18.0,38.0,5.0,6.0,2.0,2.0,3.0,0.0,1.0,21.0,19.0,10.0,8.0,0.0,3.0,12.0,23.0,0.0,3.0,51.0,45.0,35.0,38.0,16.0,7.0,4.0,7.0,1.0,4.0,0.0,True,Brighton,Aston Villa,2026-27
20260423,202601,4,23,1836.59,1777.31,40.0,60.0,3.87,0.57,26.0,9.0,8.0,4.0,6.0,2.0,3.0,2.0,296.0,482.0,17.0,14.0,7.0,3.0,1.85,0.53,1.23,0.03,3.09,0.57,3.12,0.61,11.0,3.0,7.0,2.0,1.0,0.0,20.0,4.0,6.0,5.0,360.0,549.0,168.0,208.0,128.0,274.0,25.0,14.0,11.0,3.0,11.0,11.0,39.0,17.0,3.0,2.0,1.0,1.0,0.0,0.0,19.0,18.0,16.0,4.0,2.0,6.0,16.0,26.0,4.0,5.0,62.0,59.0,39.0,46.0,23.0,13.0,6.0,12.0,1.0,3.0,0.0,True,Brentford,Spurs,2026-27
20262012,202601,20,12,,,56.0,44.0,0.66,0.47,12.0,11.0,2.0,3.0,0.0,0.0,0.0,0.0,321.0,232.0,15.0,14.0,3.0,2.0,0.19,0.14,0.47,0.33,0.66,0.47,0.33,0.53,8.0,2.0,2.0,6.0,2.0,0.0,6.0,6.0,6.0,5.0,411.0,326.0,176.0,141.0,145.0,91.0,28.0,24.0,4.0,3.0,25.0,12.0,22.0,15.0,3.0,3.0,2.0,1.0,0.0,0.0,8.0,19.0,2.0,15.0,6.0,1.0,32.0,31.0,2.0,3.0,61.0,66.0,31.0,41.0,30.0,25.0,10.0,7.0,1.0,0.0,1.0,True,Nott'm Forest,Leeds,2026-27
20263017,202601,30,17,1532.88,1915.32,28.0,72.0,1.01,1.83,8.0,21.0,4.0,5.0,3.0,2.0,1.0,2.0,180.0,588.0,10.0,9.0,1.0,6.0,0.07,1.52,0.94,0.31,1.01,1.83,1.93,0.6,3.0,8.0,1.0,8.0,1.0,0.0,5.0,15.0,3.0,6.0,257.0,669.0,113.0,197.0,67.0,391.0,19.0,25.0,5.0,9.0,10.0,30.0,11.0,41.0,0.0,3.0,2.0,1.0,0.0,0.0,17.0,6.0,6.0,3.0,7.0,1.0,53.0,16.0,5.0,2.0,50.0,36.0,28.0,19.0,22.0,17.0,3.0,4.0,1.0,2.0,0.0,True,Hull City,Man Utd,2026-27
20260908,202601,9,8,1803.43,1803.82,42.0,58.0,1.12,1.96,16.0,11.0,5.0,4.0,1.0,4.0,0.0,4.0,343.0,505.0,5.0,15.0,4.0,0.0,0.62,1.96,0.5,0.0,1.12,1.96,1.65,0.94,4.0,4.0,7.0,3.0,0.0,2.0,11.0,8.0,5.0,3.0,417.0,581.0,154.0,262.0,189.0,243.0,27.0,12.0,2.0,2.0,23.0,16.0,35.0,14.0,2.0,0.0,0.0,1.0,0.0,0.0,18.0,25.0,8.0,10.0,3.0,7.0,19.0,34.0,4.0,3.0,53.0,46.0,35.0,33.0,18.0,13.0,4.0,3.0,1.0,2.0,0.0,True,Everton,Crystal Palace,2026-27
20261814,202601,18,14,1837.53,1910.8,39.0,61.0,1.58,2.98,13.0,27.0,4.0,7.0,3.0,3.0,2.0,2.0,224.0,375.0,16.0,15.0,2.0,6.0,1.46,0.96,0.12,1.24,1.58,2.19,1.56,2.97,5.0,4.0,4.0,16.0,0.0,0.0,6.0,16.0,7.0,11.0,296.0,445.0,145.0,126.0,79.0,249.0,15.0,22.0,1.0,7.0,20.0,17.0,16.0,36.0,2.0,1.0,5.0,3.0,0.0,0.0,19.0,17.0,4.0,8.0,16.0,4.0,39.0,18.0,5.0,3.0,48.0,51.0,37.0,38.0,11.0,13.0,4.0,5.0,1.0,2.0,2.0,True,Newcastle,Liverpool,2026-27
20261007,202601,10,7,1813.1,1831.1,62.0,38.0,1.33,2.24,14.0,18.0,6.0,6.0,2.0,4.0,1.0,1.0,553.0,322.0,12.0,7.0,6.0,4.0,1.28,1.96,0.05,0.28,1.33,2.24,1.17,2.02,3.0,5.0,5.0,7.0,0.0,0.0,7.0,13.0,7.0,5.0,639.0,394.0,286.0,127.0,267.0,195.0,34.0,24.0,4.0,5.0,17.0,14.0,25.0,38.0,0.0,3.0,2.0,3.0,0.0,0.0,19.0,23.0,8.0,7.0,6.0,5.0,17.0,22.0,3.0,4.0,48.0,58.0,34.0,48.0,14.0,10.0,8.0,14.0,1.0,2.0,3.0,True,Fulham,Chelsea,2026-27
20261603,202601,16,3,1970.85,1871.97,66.0,34.0,2.25,0.65,13.0,5.0,6.0,4.0,4.0,1.0,3.0,0.0,584.0,270.0,11.0,11.0,8.0,3.0,1.21,0.55,1.04,0.1,2.25,0.65,2.68,1.7,4.0,1.0,3.0,0.0,0.0,0.0,11.0,4.0,2.0,1.0,658.0,344.0,270.0,168.0,314.0,102.0,18.0,34.0,9.0,1.0,13.0,12.0,37.0,6.0,2.0,1.0,1.0,2.0,0.0,0.0,15.0,16.0,8.0,13.0,0.0,3.0,12.0,28.0,3.0,4.0,47.0,39.0,32.0,28.0,15.0,11.0,6.0,2.0,1.0,2.0,1.0,True,Man City,Bournemouth,2026-27
20261128,202601,11,28,1640.0,1735.93,38.0,62.0,1.8,0.66,10.0,11.0,3.0,4.0,2.0,2.0,1.0,2.0,262.0,489.0,12.0,14.0,3.0,5.0,1.72,0.48,0.07,0.18,1.8,0.66,1.63,0.35,6.0,3.0,1.0,4.0,0.0,0.0,8.0,5.0,2.0,6.0,333.0,557.0,140.0,282.0,122.0,207.0,18.0,32.0,5.0,4.0,16.0,28.0,21.0,18.0,1.0,4.0,0.0,3.0,0.0,0.0,22.0,16.0,9.0,9.0,5.0,1.0,33.0,13.0,2.0,1.0,61.0,51.0,47.0,37.0,14.0,14.0,11.0,10.0,1.0,2.0,1.0,True,Ipswich,Sunderland,2026-27
20261204,202602,12,4,1797.39,1836.59,47.0,53.0,1.46,1.67,12.0,22.0,2.0,5.0,1.0,2.0,0.0,2.0,282.0,333.0,5.0,13.0,5.0,6.0,1.29,1.32,0.17,0.35,1.46,1.67,1.17,0.81,4.0,6.0,6.0,11.0,0.0,0.0,6.0,17.0,6.0,5.0,369.0,425.0,168.0,148.0,114.0,185.0,28.0,13.0,3.0,9.0,22.0,22.0,19.0,40.0,2.0,0.0,0.0,4.0,0.0,0.0,19.0,19.0,11.0,10.0,10.0,6.0,46.0,38.0,4.0,1.0,62.0,52.0,41.0,34.0,21.0,18.0,9.0,10.0,2.0,1.0,1.0,True,Leeds,Brentford,2026-27
20262318,202602,23,18,1777.31,1837.53,58.0,42.0,1.12,0.72,17.0,11.0,6.0,2.0,2.0,1.0,2.0,0.0,442.0,314.0,15.0,9.0,9.0,7.0,0.82,0.36,0.3,0.36,1.12,0.72,0.91,0.69,8.0,7.0,3.0,2.0,0.0,0.0,10.0,7.0,7.0,4.0,498.0,373.0,205.0,182.0,237.0,132.0,20.0,22.0,5.0,6.0,16.0,13.0,33.0,21.0,2.0,1.0,1.0,2.0,0.0,0.0,13.0,12.0,4.0,3.0,1.0,5.0,20.0,29.0,0.0,4.0,39.0,46.0,29.0,32.0,10.0,14.0,7.0,6.0,2.0,0.0,2.0,True,Spurs,Newcastle,2026-27
20260705,202602,7,5,1831.1,1842.01,26.0,74.0,2.93,1.41,17.0,15.0,6.0,6.0,6.0,5.0,3.0,4.0,155.0,567.0,6.0,12.0,4.0,7.0,1.9,0.74,1.03,0.67,2.93,1.41,2.6,2.61,5.0,8.0,6.0,1.0,0.0,0.0,15.0,13.0,2.0,2.0,227.0,647.0,72.0,295.0,83.0,272.0,18.0,36.0,3.0,7.0,13.0,25.0,29.0,27.0,0.0,0.0,1.0,3.0,0.0,0.0,12.0,9.0,9.0,5.0,1.0,7.0,38.0,14.0,4.0,1.0,46.0,36.0,29.0,22.0,17.0,14.0,6.0,7.0,2.0,4.0,3.0,True,Chelsea,Brighton,2026-27
20260309,202602,3,9,1871.97,1803.43,59.0,41.0,2.16,1.84,17.0,13.0,5.0,7.0,6.0,3.0,6.0,3.0,374.0,242.0,11.0,14.0,10.0,7.0,1.17,1.59,0.99,0.25,2.16,1.84,1.9,1.41,5.0,6.0,7.0,0.0,0.0,0.0,13.0,7.0,4.0,6.0,453.0,313.0,192.0,115.0,182.0,127.0,22.0,11.0,6.0,2.0,23.0,19.0,28.0,20.0,0.0,1.0,3.0,2.0,0.0,0.0,18.0,18.0,9.0,11.0,1.0,7.0,27.0,32.0,5.0,4.0,61.0,48.0,37.0,33.0,24.0,15.0,5.0,5.0,2.0,1.0,1.0,True,Bournemouth,Everton,2026-27
20262930,202602,29,30,1661.48,1532.88,68.0,32.0,1.29,0.72,11.0,6.0,3.0,2.0,1.0,1.0,1.0,0.0,501.0,182.0,11.0,8.0,6.0,2.0,1.29,0.71,0.01,0.01,1.29,0.72,1.33,0.5,3.0,4.0,5.0,0.0,0.0,0.0,7.0,2.0,4.0,4.0,584.0,271.0,260.0,97.0,241.0,85.0,15.0,17.0,7.0,1.0,21.0,22.0,20.0,13.0,3.0,0.0,1.0,4.0,0.0,0.0,7.0,15.0,2.0,7.0,0.0,5.0,26.0,32.0,1.0,3.0,39.0,45.0,22.0,28.0,17.0,17.0,7.0,4.0,2.0,0.0,1.0,True,Coventry City,Hull City,2026-27
20260816,202602,8,16,1803.82,1970.85,28.0,72.0,0.66,2.21,9.0,18.0,1.0,9.0,3.0,5.0,3.0,2.0,236.0,731.0,8.0,11.0,2.0,6.0,0.47,1.81,0.2,0.4,0.66,2.21,0.05,3.08,7.0,7.0,1.0,2.0,1.0,0.0,6.0,13.0,3.0,5.0,291.0,788.0,160.0,354.0,76.0,377.0,13.0,25.0,4.0,5.0,12.0,19.0,14.0,35.0,3.0,0.0,1.0,2.0,0.0,0.0,34.0,14.0,11.0,9.0,3.0,1.0,20.0,14.0,4.0,1.0,58.0,51.0,52.0,39.0,6.0,12.0,8.0,17.0,2.0,1.0,4.0,True,Crystal Palace,Man City,2026-27
20261420,202602,14,20,1910.8,1822.17,69.0,31.0,1.75,2.3,13.0,12.0,4.0,3.0,1.0,5.0,0.0,3.0,562.0,193.0,13.0,10.0,3.0,5.0,1.67,1.16,0.08,0.35,1.75,1.51,2.02,1.28,5.0,3.0,4.0,6.0,0.0,1.0,8.0,11.0,5.0,1.0,631.0,288.0,210.0,99.0,352.0,94.0,34.0,30.0,5.0,2.0,20.0,25.0,21.0,23.0,3.0,0.0,4.0,2.0,0.0,0.0,21.0,23.0,11.0,6.0,6.0,4.0,23.0,34.0,1.0,2.0,51.0,62.0,39.0,45.0,12.0,17.0,8.0,9.0,2.0,2.0,2.0,True,Liverpool,Nott'm Forest,2026-27
20260201,202602,2,1,,,39.0,61.0,0.33,1.04,7.0,7.0,0.0,2.0,0.0,2.0,0.0,1.0,273.0,465.0,17.0,6.0,2.0,4.0,0.33,0.73,0.0,0.31,0.33,1.04,0.0,0.8,5.0,4.0,2.0,1.0,1.0,0.0,3.0,5.0,4.0,2.0,339.0,530.0,126.0,227.0,147.0,238.0,14.0,15.0,1.0,3.0,15.0,21.0,16.0,21.0,0.0,8.0,3.0,1.0,0.0,0.0,20.0,13.0,3.0,9.0,1.0,2.0,19.0,20.0,1.0,0.0,40.0,51.0,31.0,37.0,9.0,14.0,5.0,8.0,2.0,0.0,1.0,True,Aston Villa,Arsenal,2026-27
20261711,202602,17,11,1915.32,1640.0,60.0,40.0,4.77,2.06,33.0,9.0,11.0,5.0,9.0,4.0,5.0,2.0,502.0,305.0,7.0,12.0,8.0,4.0,3.72,1.97,0.26,0.09,3.99,2.06,4.7,2.49,10.0,3.0,12.0,1.0,1.0,0.0,19.0,6.0,14.0,3.0,561.0,369.0,236.0,189.0,266.0,116.0,24.0,14.0,8.0,2.0,11.0,21.0,44.0,13.0,0.0,1.0,1.0,3.0,0.0,0.0,22.0,10.0,13.0,8.0,1.0,13.0,9.0,29.0,3.0,6.0,55.0,34.0,42.0,25.0,13.0,9.0,9.0,8.0,2.0,5.0,2.0,True,Man Utd,Ipswich,2026-27
20262810,202602,28,10,1735.93,1813.1,41.0,59.0,2.02,0.95,12.0,11.0,4.0,0.0,4.0,2.0,3.0,2.0,326.0,473.0,10.0,15.0,3.0,4.0,1.77,0.61,0.25,0.34,2.02,0.95,1.33,0.0,6.0,3.0,2.0,8.0,1.0,0.0,9.0,7.0,3.0,4.0,390.0,560.0,163.0,253.0,163.0,220.0,28.0,17.0,8.0,4.0,14.0,22.0,19.0,26.0,1.0,1.0,0.0,2.0,0.0,0.0,13.0,11.0,7.0,7.0,8.0,2.0,39.0,17.0,0.0,3.0,56.0,44.0,34.0,31.0,22.0,13.0,7.0,11.0,2.0,1.0,0.0,True,Sunderland,Fulham,2026-27
