player_id,full_name,web_name,player_name,photo_url
2,Aaron Connolly,Connolly,Connolly,
3,Aaron Cresswell,Cresswell,A. Cresswell,
5,Aaron Lennon,Lennon,Lennon,
6,Aaron Mooy,Mooy,Mooy,
9,Aaron Wan Bissaka,Wan-Bissaka,A. Bissaka,
10,Abdoulaye Doucouré,Doucouré,A. Doucouré,
13,Abdul Rahman Baba,Baba,Baba,
14,Aboubakar Kamara,Kamara,A. Kamara,
17,Adam Davies,A.Davies,A.Davies,
18,Adam Forshaw,Forshaw,Forshaw,
19,Adam Idah,Idah,Idah,
20,Adam Lallana,Lallana,Lallana,
21,Adam Masina,Masina,Masina,
26,Adedapo Awokoya Mebude,Mebude,Mebude,
27,Ademipo Odubeko,Odubeko,Odubeko,
28,Ademola Lookman,Lookman,Lookman,
29,Ademola Ola Adebomi,Ola-Adebomi,Ola-Adebomi,
30,Admiral Muskwe,Muskwe,Muskwe,
31,Adrian Blake,Blake,Blake,
33,Adrien Silva,Silva,A. Silva,
34,Adrián Bernabé,Bernabé,Bernabé,
35,Adrián San Miguel del Castillo,Adrián,Adrián,
36,Ahmed El Mohamady,El Mohamady,El Mohamady,
37,Ahmed El Sayed Hegazy,Hegazi,Hegazi,
38,Aidan Francis Clarke,Francis-Clarke,Francis-Clarke,
40,Ajibola Alese,Alese,A. Alese,
41,Albert Grønbæk,Grønbæk,Grønbæk,
43,Albian Ajeti,Ajeti,Ajeti,
45,Alejo Véliz,Veliz,Veliz,
46,Aleksandar Mitrović,Mitrović,Mitrović,
48,Alex Kirk,Kirk,Kirk,
49,Alex Kral,Kral,Kral,
50,Alex Matos,Matos,Matos,
51,Alex McCarthy,McCarthy,A. McCarthy,
52,Alex Mighten,Mighten,Mighten,
54,Alex Oxlade Chamberlain,Chamberlain,Chamberlain,
57,Alex Robertson,Robertson,A. Robertson,
59,Alex Smithies,Smithies,Smithies,
60,Alex Telles,Telles,Telles,
62,Alexandre Jankewitz,Jankewitz,Jankewitz,
63,Alexandre Lacazette,Lacazette,Lacazette,
64,Alexandre Moreno Lopera,Álex Moreno,Álex Moreno,
66,Alfie Devine,Devine,Devine,
67,Alfie Dorrington,Dorrington,Dorrington,
68,Alfie Doughty,Doughty,Doughty,
69,Alfie Gilchrist,Gilchrist,Gilchrist,
70,Alfie Mawson,Mawson,Mawson,
72,Alfie Whiteman,Whiteman,Whiteman,
74,Alireza Jahanbakhsh,Jahanbakhsh,Jahanbakhsh,
76,Allan Campbell,Campbell,A. Campbell,
77,Allan Marques Loureiro,Allan,A. Loureiro,
78,Allan Saint Maximin,Saint-Maximin,Saint-Maximin,
79,Allan Tchaptchet,Tchaptchet,Tchaptchet,
81,Altay Bayindir,Altay,Altay,
83,Amadou Diallo,Diallo,A. Diallo,
86,Amari'i Bell,Bell,Bell,
88,Ameen Al Dakhil,Al-Dakhil,Al-Dakhil,
89,Anass Zaroury,Zaroury,Zaroury,
90,Andi Zeqiri,Zeqiri,Zeqiri,
91,Andre Brooks,Brooks,A. Brooks,
92,Andre Gray,Gray,A. Gray,
93,Andreas Christensen,Christensen,Christensen,
95,Andreas Söndergaard,Söndergaard,Söndergaard,
97,Andrew Omobamidele,Omobamidele,Omobamidele,
100,Andriy Yarmolenko,Yarmolenko,Yarmolenko,
101,Andros Townsend,Townsend,A. Townsend,
102,André Ayew,A.Ayew,A.Ayew,
103,André Frank Zambo Anguissa,Anguissa,Anguissa,
105,André Tavares Gomes,André Gomes,André Gomes,
108,Andy Carroll,Carroll,A. Carroll,
110,Andy Lonergan,Lonergan,Lonergan,
111,Anel Ahmedhodžić,Ahmedhodžić,Ahmedhodžić,
112,Angelo Ogbonna,Ogbonna,Ogbonna,
114,Anis Slimane,Slimane,Slimane,
115,Anssumane Fati Vieira,Ansu Fati,Ansu Fati,
116,Anthony Driscoll Glennon,Driscoll-Glennon,Driscoll-Glennon,
119,Anthony Knockaert,Knockaert,Knockaert,
120,Anthony Mancini,Mancini,Mancini,
121,Anthony Martial,Martial,Martial,
124,Antonio Rüdiger,Rüdiger,Rüdiger,
127,Antwoine Hackford,Hackford,Hackford,
128,Anwar El Ghazi,El Ghazi,El Ghazi,
130,Archie Harris,Harris,A. Harris,
131,Aribim Pepple,Pepple,Pepple,
132,Arijanet Muric,Muric,Muric,
134,Armel Bella Kotchap,Bella-Kotchap,Bella-Kotchap,
135,Armstrong Oko Flex,Oko-Flex,Oko-Flex,
136,Arnaut Danjuma Groeneveld,Danjuma,Danjuma,
137,Arthur Henrique Ramos de Oliveira Melo,Arthur,A. Melo,
139,Arthur Okonkwo,Okonkwo,Okonkwo,
142,Ashley Fletcher,Fletcher,A. Fletcher,
144,Ashley Westwood,Westwood,Westwood,
145,Ashley Young,Young,A. Young,
146,Asmir Begovic,Begovic,Begovic,
147,Asmir Begović,Begović,Begović,
148,Auston Trusty,Trusty,Trusty,
150,Axel Piesold,Piesold,Piesold,
153,Aymeric Laporte,Laporte,Laporte,
154,Ayotomiwa Dele Bashiru,Dele-Bashiru,Dele-Bashiru,
155,Ayoze Pérez,Pérez,Pérez,
156,Bailey Peacock Farrell,Peacock-Farrell,Peacock-Farrell,
157,Bali Mumba,Mumba,Mumba,
158,Bamidele Alli,Alli,Alli,
159,Barry Douglas,Douglas,Douglas,
163,Ben Brereton Díaz,Díaz,Díaz,
167,Ben Doak,Doak,Doak,
168,Ben Foster,Foster,B. Foster,
169,Ben Gibson,Gibson,Gibson,
170,Ben Godfrey,Godfrey,Godfrey,
171,Ben Greenwood,Greenwood,B. Greenwood,
172,Ben Jackson,Jackson,B. Jackson,
174,Ben Knight,Knight,B. Knight,
175,Ben Mee,Mee,B. Mee,
176,Ben Nelson,Nelson,B. Nelson,
177,Ben Osborn,Osborn,Osborn,
178,Ben Parkinson,Parkinson,Parkinson,
179,Ben Pearson,Pearson,Pearson,
180,Ben White,White,B. White,
181,Ben Wilmot,Wilmot,Wilmot,
183,Ben Woodburn,Woodburn,Woodburn,
184,Bendegúz Bolla,Bolla,Bolla,
185,Benicio Baker Boaitey,Baker-Boaitey,Baker-Boaitey,
187,Benjamin Chilwell,Chilwell,B. Chilwell,
188,Benjamin Chrisene,Chrisene,Chrisene,
190,Benjamin Mendy,Mendy,B. Mendy,
193,Bernard Anício Caldeira Duarte,Bernard,Bernard,
194,Bernardo Fernandes Da Silva Junior,Bernardo,B. Junior,
198,Bilal El Khannouss,Khannouss,Khannouss,
199,Billy Blacker,Blacker,Blacker,
200,Billy Crellin,Crellin,Crellin,
201,Billy Gilmour,Gilmour,Gilmour,
202,Billy Koumetio,Koumetio,Koumetio,
203,Billy Sharp,Sharp,Sharp,
204,Björn Engels,Engels,Engels,
205,Bobby Clark,Clark,B. Clark,
206,Bobby De Cordova Reid,De Cordova-Reid,De Cordova-Reid,
207,Bobby Decordova Reid,Decordova-Reid,Decordova-Reid,
211,Boubakary Soumaré,Soumaré,Soumaré,
212,Bradley Ibrahim,Ibrahim,Ibrahim,
213,Braian Ojeda Rodríguez,Ojeda,Ojeda,
215,Brandon Aguilera Zamora,B.Aguilera,B.Aguilera,
217,Brandon Pierrick,Pierrick,Pierrick,
218,Brandon Williams,Williams,Williams,
219,Branislav Ivanovic,Ivanovic,Ivanovic,
223,Brice Samba,Samba,Samba,
224,Bruno André Cavaco Jordão,Jordão,B. Jordão,
226,Bruno Cavaco Jordão,Jordão,B. Jordão,
231,Bénie Traoré,T.Bénie,T.Bénie,
232,CJ Egan Riley,Egan-Riley,C. Riley,
234,Caleb Okoli,Okoli,Okoli,
235,Caleb Taylor,Taylor,C. Taylor,
236,Caleb Watts,Watts,C. Watts,
237,Caleb Wiley,Wiley,Wiley,
243,Callum Robinson,Callum Robinson,Callum Robinson,
244,Callum Scanlon,Scanlon,Scanlon,
246,Calum Chambers,Chambers,C. Chambers,
249,Cameron Archer,Archer,Archer,
250,Cameron Burgess,Burgess,Burgess,
251,Cameron Carter Vickers,Carter-Vickers,Carter-Vickers,
253,Cameron Peupion,Peupion,Peupion,
254,Cameron Plain,Plain,Plain,
260,Carlos Mendes Gomes,Mendes,Mendes,
262,Carlos Ribeiro Dias,Cafú,Cafú,
263,Carlos Roberto Forbs Borges,Borges,Borges,
264,Carlos Soler,Soler,C. Soler,
265,Carlos Vinícius Alves Morais,Vinícius,Vinícius,
266,Carlton Morris,Morris,C. Morris,
267,Carney Chukwuemeka,Chukwuemeka,Chukwuemeka,
268,Cauley Woodrow,Woodrow,Woodrow,
269,Cedric Kipre,Kipre,Kipre,
270,Cengiz Ünder,Ünder,Ünder,
271,Cenk Tosun,Tosun,Tosun,
272,Cesare Casadei,Casadei,Casadei,
274,Charles Sagoe,Sagoe,Sagoe,
275,Charlie Austin,Austin,C. Austin,
276,Charlie Cresswell,Cresswell,C. Cresswell,
277,Charlie Goode,Goode,Goode,
278,Charlie Patino,Patino,Patino,
279,Charlie Robinson,C.Robinson,C.Robinson,
280,Charlie Savage,Savage,Savage,
282,Charlie Taylor,Taylor,C. Taylor,
283,Charlie Whitaker,Whitaker,Whitaker,
284,Che Adams,Adams,C. Adams,
286,Cheikh Diaby,Diaby,C. Diaby,
287,Cheikhou Kouyaté,Kouyaté,Kouyaté,
288,Chem Campbell,Campbell,C. Campbell,
291,Chris Basham,Basham,Basham,
294,Chris Smalling,Smalling,Smalling,
296,Christian Atsu,Atsu,Atsu,
297,Christian Benteke,Benteke,Benteke,
298,Christian Chigozie,Chigozie,Chigozie,
299,Christian Eriksen,Eriksen,Eriksen,
300,Christian Fuchs,Fuchs,Fuchs,
301,Christian Kabasele,Kabasele,Kabasele,
302,Christian Marques,Marques,Marques,
304,Christian Pulisic,Pulisic,Pulisic,
305,Christian Saydee,Saydee,Saydee,
307,Christoph Zimmermann,Zimmermann,Zimmermann,
310,Ciaran Clark,Clark,C. Clark,
311,Cieran Slicker,Slicker,Slicker,
312,Claudio Bravo,Bravo,Bravo,
314,Claudio Gomes,Gomes,C. Gomes,
315,Clément Lenglet,Lenglet,Lenglet,
321,Connor Ronan,Ronan,Ronan,
322,Connor Wickham,Wickham,Wickham,
324,Conor Chaplin,Chaplin,Chaplin,
325,Conor Coady,Coady,Coady,
326,Conor Coventry,Coventry,Coventry,
328,Conor Hourihane,Hourihane,Hourihane,
329,Conor Townsend,Townsend,C. Townsend,
330,Conrad Egan Riley,Egan-Riley,C. Riley,
331,Corrie Ndaba,Ndaba,Ndaba,
332,Craig Cathcart,Cathcart,Cathcart,
333,Craig Dawson,Dawson,Dawson,
335,Cristiano Ronaldo dos Santos Aveiro,Ronaldo,Ronaldo,
338,Cyrus Christie,Christie,C. Christie,
339,Cédric Alves Soares,Cédric,Cédric,
340,César Azpilicueta,Azpilicueta,Azpilicueta,
342,Daiki Hashioka,Hashioka,Hashioka,
343,Dale Stephens,Stephens,D. Stephens,
344,Dale Taylor,Dale Taylor,Dale Taylor,
345,Damola Ajayi,Ajayi,D. Ajayi,
347,Dan Gosling,Gosling,Gosling,
348,Dan Potts,Potts,D. Potts,
351,Daniel Adu Adjei,Adu-Adjei,D. Adjei,
352,Daniel Amartey,Amartey,Amartey,
353,Daniel Bachmann,Bachmann,Bachmann,
355,Daniel Castelo Podence,Podence,Podence,
356,Daniel Ceballos Fernández,Ceballos,Ceballos,
357,Daniel Chesters,Chesters,Chesters,
358,Daniel Gore,Gore,Gore,
359,Daniel Iversen,Iversen,Iversen,
362,Daniel Langley,Langley,Langley,
364,Daniel N'Lundulu,N'Lundulu,N'Lundulu,
365,Danilo dos Santos de Oliveira,Danilo,Danilo,
366,Danny Ings,Ings,Ings,
367,Danny Rose,Rose,Rose,
368,Danny Ward,Ward,D. Ward,
370,Dante Cassanova,Cassanova,Cassanova,
371,Dara Costelloe,Costelloe,Costelloe,
376,Darren Randolph,Randolph,Randolph,
380,David Datro Fofana,D.D.Fofana,D.D.Fofana,
381,David De Gea Quintana,De Gea,De Gea,
382,David Luiz Moreira Marinho,David Luiz,David Luiz,
383,David McGoldrick,McGoldrick,McGoldrick,
386,Davinson Sánchez,Sánchez,D. Sánchez,
387,Davy Pröpper,Pröpper,Pröpper,
388,DeAndre Yedlin,Yedlin,Yedlin,
390,Dean Huijsen,Huijsen,Huijsen,
392,Deivid Washington de Souza Eugênio,Deivid,Deivid,
394,Dele Alli,Dele,Dele,
395,Demarai Gray,Gray,D. Gray,
396,Denis Franchi,Franchi,Franchi,
397,Denis Odoi,Odoi,Odoi,
398,Denis Zakaria,Zakaria,Zakaria,
399,Deniz Undav,Undav,Undav,
400,Dennis Praet,Praet,Praet,
403,Detlef Esapa Osong,Osong,Osong,
404,Devan Tanton,Tanton,Tanton,
405,Dexter Lembikisa,Lembikisa,Lembikisa,
406,Diego Carlos Santos Silva,Diego Carlos,Diego Carlos,
407,Diego Da Silva Costa,Diego Costa,Diego Costa,
409,Diego Llorente,Llorente,Llorente,
410,Diego Manuel Jadon da Silva Moreira,Diego Moreira,Diego Moreira,
411,Dilan Markanday,Markanday,Markanday,
412,Dimitris Giannoulis,Giannoulis,Giannoulis,
414,Diogo Jota,Jota,D. Jota,
415,Diogo Pinheiro Monteiro,Monteiro,Monteiro,
416,Diogo Teixeira da Silva,Diogo Jota,Diogo Jota,
417,Dion Pereira,Pereira,D. Pereira,
418,Dion Sanderson,Sanderson,Sanderson,
419,Divin Mubama,Mubama,Mubama,
420,Divock Origi,Origi,Origi,
422,Djordje Petrovic,Petrovic,Petrovic,
423,Domingos Quina,Quina,Quina,
424,Dominic Ballard,Ballard,D. Ballard,
426,Dominic Dos Santos Martins,Martins,Martins,
428,Dominic Solanke Mitchell,Mitchell,D. Mitchell,
429,Dominic Thompson,Thompson,D. Thompson,
431,Donny van de Beek,van de Beek,van de Beek,
434,Dovydas Sasnauskas,Sasnauskas,Sasnauskas,
435,Duje Caleta Car,Caleta-Car,Caleta-Car,
436,Dwight Gayle,Gayle,Gayle,
438,Dynel Simeu,Simeu,Simeu,
440,Ed Turns,Turns,Turns,
441,Eddie Beach,Beach,Beach,
444,Edinson Cavani,Cavani,Cavani,
445,Edo Kayembe,Kayembe,Kayembe,
446,Edouard Mendy,Mendy,E. Mendy,
448,Edward Nketiah,Nketiah,E. Nketiah,
450,Eldin Jakupovic,Jakupovic,Jakupovic,
451,Elia Caprile,Caprile,Caprile,
452,Elijah Adebayo,Adebayo,Adebayo,
454,Elkan Baggott,Baggott,Baggott,
457,Elliot Thorpe,Thorpe,Thorpe,
460,Emerson Leite de Souza Junior,Emerson Royal,Emerson Royal,
465,Emiliano Marcondes,Marcondes,Marcondes,
468,Emmanuel Dennis,Dennis,E. Dennis,
469,Enda Stevens,Stevens,E. Stevens,
473,Enock Mwepu,Mwepu,Mwepu,
477,Eric Bailly,Bailly,Bailly,
478,Eric Dier,Dier,Dier,
479,Eric Garcia,Garcia,Garcia,
481,Erik Lamela,Lamela,Lamela,
482,Erik Pieters,Pieters,Pieters,
485,Ethan Brierley,Brierley,E. Brierley,
486,Ethan Horvath,Horvath,Horvath,
489,Ethan Wady,Wady,Wady,
491,Euan Pollock,Pollock,E. Pollock,
493,Ezgjan Alioski,Alioski,Alioski,
496,Fabian Delph,Delph,Delph,
497,Fabian Mrozek,Mrozek,Mrozek,
499,Fabio Carvalho,Carvalho,F. Carvalho,
500,Fabio Henrique Tavares,Fabinho,Fabinho,
501,Fabián Balbuena,Balbuena,Balbuena,
502,Fabricio Agosto Ramírez,Fabri,Fabri,
504,Facundo Pellistri Rebollo,Pellistri,Pellistri,
505,Faustino Anjorin,Anjorin,Anjorin,
507,Federico Fernández,Fernández,Fernández,
508,Felipe Anderson Pereira Gomes,Felipe Anderson,Felipe Anderson,
509,Felipe Augusto de Almeida Monteiro,Felipe,Felipe,
511,Felix Nmecha,Nmecha,F. Nmecha,
512,Femi Seriki,Seriki,Seriki,
513,Ferdi Kadioglu,Kadioglu,Kadioglu,
514,Fernando Luiz Rosa,Fernandinho,Fernandinho,
515,Fernando Marçal,Marçal,Marçal,
516,Ferran Torres,Torres,Torres,
517,Fikayo Tomori,Tomori,Tomori,
518,Filip Benkovic,Benkovic,Benkovic,
520,Filip Krovinovic,Krovinovic,Krovinovic,
522,Fin Stevens,Stevens,F. Stevens,
523,Finley Munroe,Munroe,Munroe,
524,Finley Stevens,Stevens,F. Stevens,
525,Fletcher Holman,Holman,Holman,
526,Florian Lejeune,Lejeune,Lejeune,
527,Florin Andone,Andone,Andone,
528,Flynn Downes,Downes,Downes,
529,Fodé Ballo Touré,Ballo-Touré,Ballo-Touré,
530,Folarin Balogun,Balogun,Balogun,
531,Francisco Casilla Cortés,Casilla,Casilla,
533,Francisco Femenía Far,Femenía,Femenía,
534,Francisco Jorge Tomás Oliveira,Chiquinho,Chiquinho,
535,Francisco Machado Mota de Castro Trincão,Trincão,Trincão,
536,Francisco Sierralta,Sierralta,Sierralta,
537,Franco Umeh Chibueze,Umeh-Chibueze,Umeh-Chibueze,
539,Frankie Maguire,Maguire,F. Maguire,
541,Fred Onyedinma,Onyedinma,Onyedinma,
542,Freddie Ladapo,Ladapo,Ladapo,
545,Frederico Rodrigues de Paula Santos,Fred,Fred,
546,Frederik Alves,Alves,F. Alves,
547,Frédéric Guilbert,Guilbert,Guilbert,
553,Gabriel Osho,Osho,Osho,
556,Gaetano Berardi,Berardi,Berardi,
558,Gareth Bale,Bale,Bale,
559,Gary Cahill,Cahill,G. Cahill,
560,Gavin Bazunu,Bazunu,Bazunu,
561,Gavin Kilkenny,Kilkenny,Kilkenny,
562,Gedson Carvalho Fernandes,Fernandes,G. Fernandes,
563,Genesis Antwi,Antwi,Antwi,
564,George Abbott,Abbott,G. Abbott,
565,George Baldock,Baldock,Baldock,
567,George Edmundson,Edmundson,Edmundson,
569,George Shelvey,G.Shelvey,G.Shelvey,
570,George Wickens,Wickens,Wickens,
572,Georginio Wijnaldum,Wijnaldum,Wijnaldum,
573,Gianluca Scamacca,Scamacca,Scamacca,
574,Giovani Lo Celso,Lo Celso,Lo Celso,
575,Giovanni Reyna,Reyna,Reyna,
576,Giulian Biancone,Biancone,Biancone,
577,Glen Rea,Rea,Rea,
578,Glenn Murray,Murray,Murray,
580,Gonzalo Montiel,G.Montiel,G.Montiel,
582,Grady Diangana,Diangana,Diangana,
584,Grant Hanley,Hanley,Hanley,
588,Gustavo Henrique Furtado Scarpa,Scarpa,Scarpa,
590,Gylfi Sigurdsson,Sigurdsson,Sigurdsson,
591,Habeeb Ogunneye,Ogunneye,Ogunneye,
592,Hakim Ziyech,Ziyech,Ziyech,
593,Hal Robson Kanu,Robson-Kanu,Robson-Kanu,
594,Halil Dervişoğlu,Dervişoğlu,Dervişoğlu,
596,Hamza Choudhury,Choudhury,Choudhury,
597,Han Noah Massengo,Massengo,Massengo,
604,Harry Arter,Arter,Arter,
605,Harry Boyes,Boyes,Boyes,
606,Harry Clarke,Clarke,H. Clarke,
608,Harry Kane,Kane,Kane,
609,Harry Lewis,Lewis,H. Lewis,
611,Harry Souttar,Souttar,Souttar,
612,Harry Toffolo,Toffolo,Toffolo,
615,Harry Winks,Winks,Winks,
619,Harvey Griffiths,Griffiths,Griffiths,
620,Harvey Vale,Vale,Vale,
621,Harvey White,White,H. White,
622,Hassane Kamara,Kamara,H. Kamara,
623,Haydon Roberts,Roberts,H. Roberts,
624,Henri Lansbury,Lansbury,Lansbury,
625,Henry Cartwright,Cartwright,H. Cartwright,
627,Hubert Graczyk,Graczyk,Graczyk,
629,Hugo Lloris,Lloris,Lloris,
631,Hwang Ui jo,Ui-jo,Ui-jo,
633,Héctor Bellerín,Bellerín,Bellerín,
634,Hélder Wander Sousa de Azevedo e Costa,Costa,Costa,
635,Ian Carlo Poveda Ocampo,Poveda-Ocampo,Poveda-Ocampo,
639,Ibrahima Diallo,Diallo,I. Diallo,
645,Ilkay Gündogan,Gündogan,Gündogan,
648,Imari Samuels,Samuels,Samuels,
649,Imrân Louza,Louza,Louza,
650,Indiana Vassilev,Vassilev,Vassilev,
651,Ionuț Radu,Radu,Radu,
654,Isaac Price,Price,Price,
655,Isaac Success Ajayi,Success,Success,
656,Ishé Samuels Smith,Samuels-Smith,Samuels-Smith,
657,Islam Slimani,Slimani,Slimani,
658,Ismaila Coulibaly,Coulibaly,I. Coulibaly,
662,Issa Kaboré,Kaboré,Kaboré,
663,Ivan Neves Abreu Cavaleiro,Cavaleiro,Cavaleiro,
664,Ivan Perišić,Perišić,Perišić,
665,Ivan Toney,Toney,Toney,
666,Ivo Grbic,Grbić,Grbić,
670,Jack Colback,Colback,Colback,
671,Jack Cork,Cork,Cork,
674,Jack Grieves,Grieves,Grieves,
676,Jack Henry Francis,Francis,Francis,
678,Jack Jenkins,Jenkins,Jenkins,
680,Jack O'Connell,O'Connell,O'Connell,
681,Jack Porter,Porter,Porter,
682,Jack Robinson,Jack Robinson,Jack Robinson,
683,Jack Stacey,Stacey,Stacey,
684,Jack Stephens,Stephens,J. Stephens,
686,Jack Walton,Walton,J. Walton,
687,Jack Wells Morrison,Wells-Morrison,Wells-Morrison,
688,Jack Wilshere,Wilshere,Wilshere,
689,Jackson Smith,Smith,J. Smith,
690,Jacob Brown,Brown,J. Brown,
696,Jacob Sørensen,Sørensen,J. Sørensen,
697,Jacob Wright,Wright,J. Wright,
698,Jadan Raymond,Raymond,Raymond,
701,Jahmai Simpson Pusey,Pusey,Pusey,
703,Jairo Riedewald,Riedewald,Riedewald,
704,Jake Cain,Cain,Cain,
705,Jake Evans,Evans,J. Evans,
706,Jake Livermore,Livermore,Livermore,
708,Jake Vokins,Vokins,Vokins,
710,Jakub Moder,Moder,Moder,
711,Jakub Ojrzynski,Ojrzynski,Ojrzynski,
712,Jakub Stolarczyk,Stolarczyk,Stolarczyk,
714,Jamal Baptiste,Baptiste,J. Baptiste,
715,Jamal Lewis,Lewis,J. Lewis,
716,Jamal Lowe,Lowe,J. Lowe,
717,Jamaldeen Jimoh,Jimoh,Jimoh,
718,James Bree,Bree,Bree,
719,James Furlong,Furlong,J. Furlong,
724,James McArthur,McArthur,McArthur,
726,James McCarthy,McCarthy,J. McCarthy,
729,James Morris,Morris,J. Morris,
730,James Rodríguez,Rodríguez,J. Rodríguez,
731,James Shea,Shea,Shea,
732,James Storer,Storer,Storer,
733,James Sweet,Sweet,Sweet,
735,James Tomkins,Tomkins,Tomkins,
737,James Ward Prowse,Ward-Prowse,J. Prowse,
739,Jamie Bowden,Bowden,Bowden,
740,Jamie Donley,Donley,Donley,
741,Jamie McDonnell,McDonnell,McDonnell,
742,Jamie Shackleton,Shackleton,Shackleton,
743,Jamie Vardy,Vardy,Vardy,
744,Jan Bednarek,Bednarek,Bednarek,
746,Jan Zamburek,Zamburek,Zamburek,
747,Jannik Vestergaard,Vestergaard,Vestergaard,
748,Japhet Tanganga,Tanganga,Tanganga,
749,Jarell Quansah,Quansah,Quansah,
750,Jarosław Jach,Jach,Jach,
754,Javier Manquillo Gaitán,Manquillo,Manquillo,
755,Jay Robinson,Robinson,J. Robinson,
756,Jay Rodriguez,Rodriguez,Rodriguez,
757,Jay Roy Grot,Grot,Grot,
758,Jay Stansfield,Stansfield,Stansfield,
762,Jayden Luker,Luker,Luker,
764,Jayden Moore,Moore,J. Moore,
765,Jayson Molumby,Molumby,Molumby,
766,Jean Clair Todibo,Todibo,J. Todibo,
767,Jean Michaël Seri,Seri,Seri,
768,Jean Philippe Gbamin,Gbamin,Gbamin,
771,Jed Steer,Steer,Steer,
772,Jeff Hendrick,Hendrick,Hendrick,
774,Jeffrey Schlupp,Schlupp,Schlupp,
775,Jens Cajuste,Cajuste,Cajuste,
776,Jensen Weir,Weir,Weir,
778,Jeremiah Chilokoa Mullen,Chilokoa-Mullen,Chilokoa-Mullen,
780,Jeremy Ngakia,Ngakia,Ngakia,
782,Jesper Lindstrøm,Lindstrøm,Lindstrøm,
783,Jesse Lingard,Lingard,Lingard,
785,Jhon Durán,Durán,Durán,
786,Jili Buyabu,Buyabu,Buyabu,
787,Jimi Gower,Gower,Gower,
788,Jimi Tauriainen,Tauriainen,Tauriainen,
789,Jimmy Dunne,Dunne,Dunne,
790,Jimmy Morgan,Morgan,J. Morgan,
792,Joachim Kayi Sanda,Sanda,Sanda,
793,Joe Aribo,Aribo,Aribo,
794,Joe Bryan,Bryan,J. Bryan,
795,Joe Gardner,Gardner,Gardner,
799,Joe Hart,Hart,Hart,
801,Joe Hugill,Hugill,J. Hugill,
803,Joe Lolley,Lolley,Lolley,
804,Joe Lumley,Lumley,Lumley,
806,Joe Rothwell,Rothwell,Rothwell,
807,Joe Taylor,Taylor,J. Taylor,
809,Joe Whitworth,Whitworth,J. Whitworth,
811,Joe Wormleighton,Wormleighton,Wormleighton,
813,Joel Matip,Matip,Matip,
814,Joel Mumbongo,Mumbongo,Mumbongo,
815,Joel Robles,Robles,Robles,
816,Joel Ward,Ward,J. Ward,
819,John Fleck,Fleck,Fleck,
820,John Kymani Gordon,Gordon,J. Gordon,
821,John Lundstram,Lundstram,Lundstram,
822,John McAtee,McAtee,J. McAtee,
826,Jon McCracken,McCracken,McCracken,
827,Jonas Lössl,Lössl,Lössl,
828,Jonathan Castro Otto,Jonny,Jonny,
829,Jonathan Leko,Leko,Leko,
830,Jonathan Panzo,Panzo,Panzo,
831,Jonathan Rowe,Rowe,J. Rowe,
832,Jonathan Tomkinson,Tomkinson,Tomkinson,
833,Jonjo Shelvey,Shelvey,Shelvey,
834,Jonjoe Kenny,Kenny,Kenny,
835,Jonny Evans,Evans,J. Evans,
836,Jordan Amissah,Amissah,J. Amissah,
837,Jordan Ayew,Ayew,Ayew,
839,Jordan Clark,Clark,J. Clark,
841,Jordan Hugill,Hugill,J. Hugill,
843,Jordan Smith,Smith,J. Smith,
844,Jordan Stevens,Stevens,J. Stevens,
845,Jordan Zemura,Zemura,Zemura,
847,Jorge Luiz Frello Filho,Jorginho,Jorginho,
848,Joseph Anang,Anang,Anang,
849,Joseph Gomez,Gomez,J. Gomez,
850,Joseph Hodge,Hodge,J. Hodge,
851,Joseph Hungbo,Hungbo,Hungbo,
852,Joseph Johnson,Johnson,J. Johnson,
853,Joseph McGlynn,McGlynn,McGlynn,
854,Joseph O'Brien Whitmarsh,Whitmarsh,Whitmarsh,
855,Joseph Whitworth,Whitworth,J. Whitworth,
856,Joseph Willock,Willock,J. Willock,
858,Josh Benson,Benson,J. Benson,
859,Josh Bowler,Bowler,Bowler,
860,Josh Brooking,Brooking,Brooking,
861,Josh Brownhill,Brownhill,Brownhill,
864,Josh Feeney,Feeney,Feeney,
866,Josh Maja,Maja,Maja,
867,Josh Martin,Martin,Martin,
869,Josh Onomah,Onomah,Onomah,
870,Josh Powell,Powell,Powell,
871,Josh Sims,Sims,Sims,
872,Josh Wilson Esbrand,Wilson-Esbrand,Wilson-Esbrand,
873,Joshua Duffus,Duffus,Duffus,
874,Joshua King,King,J. King,
875,Joshua Sargent,Sargent,Sargent,
877,José Ignacio Peleteiro Romallo,Jota,J. Romallo,
878,José Izquierdo,Izquierdo,Izquierdo,
880,João Cavaco Cancelo,Cancelo,Cancelo,
881,João Filipe Iria Santos Moutinho,Moutinho,Moutinho,
882,João Félix Sequeira,João Félix,João Félix,
883,João Neves Virgínia,J.Virginia,J.Virginia,
889,Juan Camilo Hernández Suárez,Cucho,Cucho,
890,Juan Foyth,Foyth,Foyth,
891,Juan Larios López,Larios,Larios,
892,Juan Mata,Mata,Mata,
894,Julian Jeanvier,Jeanvier,Jeanvier,
898,Julián Álvarez,Álvarez,J. Álvarez,
899,Junior Firpo Adames,Firpo,Firpo,
900,Junior Stanislas,Stanislas,Stanislas,
901,Juraj Kucka,Kucka,Kucka,
904,Justin Hubner,Hubner,Hubner,
907,Jóhann Berg Gudmundsson,Gudmundsson,J. Gudmundsson,
909,Jürgen Locadia,Locadia,Locadia,
910,Kacper Kozłowski,Kozłowski,Kozłowski,
915,Kaide Gordon,Gordon,K. Gordon,
916,Kaine Kesler Hayden,Kesler Hayden,Kesler Hayden,
917,Kalidou Koulibaly,Koulibaly,Koulibaly,
919,Kamaldeen Sulemana,Kamaldeen,Kamaldeen,
920,Kamari Doyle,Doyle,K. Doyle,
921,Kamil Conteh,Conteh,Conteh,
922,Kamil Grosicki,Grosicki,Grosicki,
923,Kamil Miazek,Miazek,Miazek,
926,Karlan Grant,Grant,K. Grant,
927,Karlo Ziger,Ziger,Ziger,
929,Kasper Schmeichel,Schmeichel,Schmeichel,
930,Kayky da Silva Chagas,Kayky,Kayky,
931,Kayne Ramsay,Ramsay,K. Ramsay,
932,Kean Bryan,Bryan,K. Bryan,
934,Keinan Davis,Davis,K. Davis,
935,Kelechi Iheanacho,Iheanacho,Iheanacho,
936,Kell Watts,Watts,K. Watts,
937,Kelland Watts,Watts,K. Watts,
938,Ken Sema,Sema,Sema,
939,Kenneth Zohore,Zohore,Zohore,
940,Kenny McLean,McLean,McLean,
944,Kevin De Bruyne,De Bruyne,De Bruyne,
945,Kevin Long,Long,K. Long,
946,Kevin Mbabu,Mbabu,Mbabu,
947,Kevin McDonald,McDonald,McDonald,
949,Keylor Navas,Navas,Navas,
950,Kgaogelo Chauke,Chauke,Chauke,
951,Ki Jana Hoever,Hoever,K. Hoever,
952,Kiano Dyer,Dyer,Dyer,
953,Kieffer Moore,Moore,K. Moore,
955,Kieran Gibbs,Gibbs,K. Gibbs,
956,Kieran Tierney,Tierney,Tierney,
959,Killian Cahill,Cahill,K. Cahill,
960,Killian Phillips,Phillips,K. Phillips,
964,Kofi Balmer,Balmer,Balmer,
967,Kortney Hause,Hause,Hause,
969,Kris Moore,Moore,K. Moore,
970,Kristian Sekularac,Sekularac,Sekularac,
972,Kristoffer Klaesson,Klaesson,Klaesson,
974,Kurt Zouma,Zouma,Zouma,
975,Kwadwo Baah,Baah,Baah,
976,Kyle Bartley,Bartley,Bartley,
977,Kyle Edwards,Edwards,K. Edwards,
978,Kyle John,John,K. John,
980,Kyron Gordon,Gordon,K. Gordon,
982,Lander Emery,Emery,Emery,
983,Lawrence Vigouroux,Vigouroux,Vigouroux,
984,Layvin Kurzawa,Kurzawa,Kurzawa,
987,Lee Grant,Grant,L. Grant,
988,Lee Peltier,Peltier,Peltier,
990,Leigh Kavanagh,Kavanagh,Kavanagh,
991,Leighton Clarkson,Clarkson,Clarkson,
993,Leo Castledine,Castledine,Castledine,
997,Leonardo Campana,Campana,Campana,
1000,Lewis Bate,Bate,Bate,
1001,Lewis Brunt,Brunt,L. Brunt,
1010,Lewis Payne,Payne,Payne,
1011,Lewis Richards,Richards,L. Richards,
1012,Lewis Warrington,Warrington,Warrington,
1013,Liam Cooper,Cooper,Cooper,
1015,Liam Gibbs,Gibbs,L. Gibbs,
1016,Liam Hughes,Hughes,L. Hughes,
1017,Liam McCarron,McCarron,McCarron,
1020,Lloyd Kelly,Kelly,L. Kelly,
1021,Lorenz Assignon,Assignon,Assignon,
1022,Loris Karius,Karius,Karius,
1023,Louie Marsh,Marsh,L. Marsh,
1024,Louie Moulden,Moulden,Moulden,
1025,Louie Watson,Watson,L. Watson,
1026,Louis Jackson,Jackson,L. Jackson,
1027,Loïc Badé,Badé,Badé,
1028,Loïc Mbe Soh,Mbe Soh,Mbe Soh,
1030,Luca Barrington,Barrington,Barrington,
1032,Luca Williams Barnett,Barnett,L. Barnett,
1033,Lucas Bergström,Bergström,Bergström,
1035,Lucas De Bolle,De Bolle,De Bolle,
1037,Lucas Rodrigues Moura da Silva,Lucas Moura,Lucas Moura,
1039,Lucas Torreira di Pascua,Torreira,Torreira,
1040,Ludwig Augustinsson,Augustinsson,Augustinsson,
1044,Luka Milivojevic,Milivojevic,Milivojevic,
1045,Lukas Rupp,Rupp,Rupp,
1047,Luke Ayling,Ayling,Ayling,
1048,Luke Berry,Berry,Berry,
1049,Luke Chambers,Chambers,L. Chambers,
1050,Luke Cundle,Cundle,Cundle,
1051,Luke Freeman,Freeman,Freeman,
1053,Luke Mbete Tabu,Mbete,Mbete,
1054,Luke McNally,McNally,L. McNally,
1055,Luke Plange,Plange,Plange,
1057,Luke Thomas,Thomas,L. Thomas,
1059,Lyanco Silveira Neves Vojnovic,Lyanco,Lyanco,
1061,Lyle Taylor,Lyle Taylor,Lyle Taylor,
1062,Lys Mousset,Mousset,Mousset,
1063,Léo Bonatini,Bonatini,Bonatini,
1064,Mace Goodridge,Goodridge,Goodridge,
1065,Mackenzie Hunt,Hunt,Hunt,
1066,Mads Bech Sørensen,Sørensen,M. Sørensen,
1067,Mads Bidstrup,Bidstrup,Bidstrup,
1069,Mads Juel Andersen,Andersen,M. Andersen,
1071,Maeson King,King,M. King,
1072,Mahamadou Susoho,Susoho,Susoho,
1073,Mahmoud Ahmed Ibrahim Hassan,Trézéguet,Trézéguet,
1074,Mahmoud Dahoud,Dahoud,Dahoud,
1075,Malachi Hardy,Hardy,Hardy,
1076,Malang Sarr,Sarr,M. Sarr,
1080,Mamadou Sakho,Sakho,Sakho,
1084,Manuel Lanzini,Lanzini,Lanzini,
1086,Marc Albrighton,Albrighton,Albrighton,
1090,Marc Jurado Gomez,Jurado,Jurado,
1091,Marc Leonard,Leonard,Leonard,
1092,Marc Navarro,Navarro,Navarro,
1093,Marc Roca Junqué,Roca,Roca,
1094,Marcel Lavinier,Lavinier,Lavinier,
1095,Marcel Sabitzer,Sabitzer,Sabitzer,
1096,Marcelo Flores,Flores,Flores,
1097,Marcelo de Araújo Pitaluga Filho,Pitaluga,Pitaluga,
1098,Marco Asensio,Asensio,Asensio,
1099,Marco Stiepermann,Stiepermann,Stiepermann,
1100,Marcos Alonso,Alonso,M. Alonso,
1101,Marcos Rojo,Rojo,Rojo,
1104,Marcus Forss,Forss,Forss,
1105,Marcus Myers Harness,Harness,Harness,
1106,Marcus Oliveira Alencar,Marquinhos,Marquinhos,
1109,Marek Rodák,Rodák,Rodák,
1110,Mario Lemina,Lemina,Lemina,
1111,Mark Flekken,Flekken,Flekken,
1113,Mark Noble,Noble,Noble,
1114,Mark O’Mahony,O’Mahony,O’Mahony,
1119,Martin Kelly,Kelly,M. Kelly,
1122,Martín Montoya,Montoya,Montoya,
1123,Marvelous Nakamba,Nakamba,Nakamba,
1125,Mason Greenwood,Greenwood,M. Greenwood,
1126,Mason Holgate,Holgate,Holgate,
1128,Massimo Luongo,Luongo,Luongo,
1130,Matej Kovár,Kovár,Kovár,
1131,Matej Vydra,Vydra,Vydra,
1132,Mateo Joseph Fernández,Mateo Joseph,M. Fernández,
1133,Mateo Kovacic,Kovacic,Kovacic,
1135,Mateus Cardoso Lemos Martins,Tetê,Tetê,
1138,Mateusz Bogusz,Bogusz,Bogusz,
1139,Mateusz Klich,Klich,Klich,
1140,Mateusz Lis,Lis,Lis,
1143,Matheus Pereira,Pereira,M. Pereira,
1145,Mathew Ryan,Ryan,Ryan,
1147,Mathias Jorgensen,Zanka,Zanka,
1148,Mathias Normann,Normann,Normann,
1149,Mathis Amougou,Amougou,Amougou,
1151,Matija Sarkic,Sarkic,Sarkic,
1152,Matija Šarkić,Šarkić,Šarkić,
1154,Matt Clarke,Clarke,M. Clarke,
1156,Matt Macey,Macey,Macey,
1158,Matt Phillips,Phillips,M. Phillips,
1159,Matt Ritchie,Ritchie,Ritchie,
1162,Matthew Cash,Cash,M. Cash,
1163,Matthew Clarke,Clarke,M. Clarke,
1165,Matthew Craig,Craig,Craig,
1166,Matthew Dibley Dias,Dibley-Dias,Dibley-Dias,
1167,Matthew Longstaff,Matty Longstaff,Matty Longstaff,
1168,Matthew Lowton,Lowton,Lowton,
1169,Matthew Pollock,Pollock,M. Pollock,
1170,Matthew Smith,Smith,M. Smith,
1171,Matthew Whittingham,Whittingham,Whittingham,
1174,Matty James,James,M. James,
1175,Mattéo Guendouzi,Guendouzi,Guendouzi,
1177,Matías Viña,Viña,Viña,
1178,Mauro Bandeira,Bandeira,Bandeira,
1179,Max Aarons,Aarons,M. Aarons,
1181,Max Kilman,Kilman,M. Kilman,
1182,Max Kinsey,Kinsey,Kinsey,
1183,Max Lowe,Lowe,M. Lowe,
1184,Max Meyer,Meyer,Meyer,
1185,Max Sanders,Sanders,Sanders,
1186,Max Thompson,Thompson,M. Thompson,
1189,Maxime Le Marchand,Le Marchand,Le Marchand,
1190,Maximilian Wöber,Wöber,Wöber,
1192,Maxwell Haygarth,Haygarth,Haygarth,
1193,Mazeed Ogungbo,Ogungbo,Ogungbo,
1194,Mbaye Diagne,Diagne,Diagne,
1195,Mbwana Ally Samatta,Samatta,Samatta,
1196,Meritan Shabani,Shabani,Shabani,
1197,Mesut Özil,Özil,Özil,
1198,Micah Hamilton,Hamilton,Hamilton,
1199,Michael Dacosta Gonzalez,Dacosta Gonzalez,Dacosta Gonzalez,
1200,Michael Golding,Golding,Golding,
1201,Michael Hector,Hector,Hector,
1204,Michael McGovern,McGovern,McGovern,
1205,Michael Ndiweni,Ndiweni,Ndiweni,
1207,Michael Olise,Olise,Olise,
1208,Michael Verrips,Verrips,Verrips,
1209,Michail Antonio,Antonio,Antonio,
1210,Michale Olakigbe,Olakigbe,Olakigbe,
1211,Michał Karbownik,Karbownik,Karbownik,
1212,Michy Batshuayi,Batshuayi,Batshuayi,
1214,Miguel Almirón Rejala,Almirón,Almirón,
1215,Miguel Azeez,Azeez,Azeez,
1216,Mika Biereth,Biereth,Biereth,
1222,Milot Rashica,Rashica,Rashica,
1223,Min Hyeok Yang,Yang,Yang,
1225,Mislav Orsic,Orsic,Orsic,
1227,Mohamed Dräger,Dräger,Dräger,
1228,Mohamed Elneny,Elneny,Elneny,
1229,Mohamed Elyounoussi,Elyounoussi,Elyounoussi,
1232,Mohammed Salisu,Salisu,Salisu,
1233,Moise Kean,Kean,Kean,
1237,Morgan Sanson,Sanson,Sanson,
1238,Moussa Diaby,Diaby,M. Diaby,
1239,Moussa Djenepo,Djenepo,Djenepo,
1240,Moussa Niakhaté,Niakhaté,Niakhaté,
1241,Moussa Sissoko,Sissoko,Sissoko,
1245,Myles Peart Harris,Peart-Harris,M. Harris,
1246,Máximo Perrone,Perrone,Perrone,
1247,N'Golo Kanté,Kanté,Kanté,
1248,Naby Keita,Keita,Keita,
1249,Nampalys Mendy,Mendy,N. Mendy,
1251,Nasser Djiga,Djiga,Djiga,
1253,Nathan Bishop,Bishop,Bishop,
1254,Nathan Broadhead,Broadhead,Broadhead,
1255,Nathan Butler Oyedeji,Butler-Oyedeji,Butler-Oyedeji,
1257,Nathan Ferguson,Ferguson,N. Ferguson,
1260,Nathan Redmond,Redmond,N. Redmond,
1261,Nathan Tella,Tella,Tella,
1262,Nathan Trott,Trott,Trott,
1263,Nathan Wood Gordon,Gordon,N. Gordon,
1264,Nathan Young Coombes,Young-Coombes,Young-Coombes,
1265,Nathaniel Chalobah,Chalobah,N. Chalobah,
1267,Nathaniel Phillips,Phillips,N. Phillips,
1269,Neal Maupay,Maupay,Maupay,
1271,Neeskens Kebano,Kebano,Kebano,
1272,Neil Taylor,Taylor,N. Taylor,
1273,Nemanja Matic,Matic,Matic,
1280,Nicolas Nkoulou,Nkoulou,Nkoulou,
1281,Nicolas Pépé,Pépé,Pépé,
1283,Nicolás Otamendi,Otamendi,Otamendi,
1284,Nicolò Zaniolo,Zaniolo,Zaniolo,
1285,Niels Nkounkou,Nkounkou,Nkounkou,
1286,Nigel Lonwijk,Lonwijk,Lonwijk,
1288,Nikola Vlasic,Vlasic,Vlasic,
1289,Nikola Vlašić,Vlašić,Vlašić,
1290,Nile John,John,N. John,
1291,Noha Lemina,N.Lemina,N.Lemina,
1292,Nohan Kenneh,Kenneh,Kenneh,
1297,Noël Atom,Atom,Atom,
1298,Nuno Varela Tavares,Tavares,N. Tavares,
1299,Nélson Cabral Semedo,Semedo,Semedo,
1300,Odeluga Offiah,Offiah,Offiah,
1301,Odion Ighalo,Ighalo,Ighalo,
1304,Oghenekaro Peter Etebo,Etebo,Etebo,
1305,Okay Yokuslu,Yokuslu,Yokuslu,
1307,Olabade Aluko,Aluko,Aluko,
1309,Oliver Arblaster,Arblaster,Arblaster,
1310,Oliver Burke,Burke,O. Burke,
1311,Oliver Casey,Casey,O. Casey,
1312,Oliver Hammond,Hammond,Hammond,
1313,Oliver McBurnie,McBurnie,O. McBurnie,
1314,Oliver Norwood,Norwood,Norwood,
1315,Oliver Scarles,Scarles,O. Scarles,
1316,Oliver Skipp,Skipp,Skipp,
1317,Olivier Giroud,Giroud,Giroud,
1318,Oliwier Zych,Zych,Zych,
1319,Ollie Harrison,Harrison,O. Harrison,
1322,Olu Aina,Aina,O. Aina,
1323,Oluwasemilogo Adesewo Ibidapo Ajayi,Ajayi,O. Ajayi,
1326,Omari Forson,Forson,Forson,
1328,Omari Kellyman,Kellyman,Kellyman,
1329,Onel Hernández,Hernández,O. Hernández,
1330,Orel Mangala,Mangala,Mangala,
1331,Oriol Romeu Vidal,Oriol Romeu,Oriol Romeu,
1333,Oskar Buur,Buur,Buur,
1334,Owen Beck,Beck,Beck,
1337,Owen Goodman,Goodman,Goodman,
1338,Owen Hampson,Hampson,Hampson,
1339,Owen Hesketh,Hesketh,Hesketh,
1340,Owen Otasowie,Otasowie,Otasowie,
1341,Ozan Kabak,Kabak,Kabak,
1342,Ozan Tufan,Tufan,Tufan,
1343,Pablo Fornals Malla,Fornals,Fornals,
1344,Pablo Hernández Domínguez,Hernández,P. Domínguez,
1345,Pablo Marí Villar,Pablo Marí,Pablo Marí,
1346,Pablo Sarabia,Sarabia,Sarabia,
1352,Patrick Cutrone,Cutrone,Cutrone,
1354,Patrick van Aanholt,van Aanholt,van Aanholt,
1355,Patrik Gunnarsson,Gunnarsson,Gunnarsson,
1356,Patson Daka,Daka,Daka,
1358,Paul Dummett,Dummett,Dummett,
1359,Paul Onuachu,Onuachu,Onuachu,
1360,Paul Pogba,Pogba,Pogba,
1361,Paulo Gazzaniga Farias,Gazzaniga,Gazzaniga,
1365,Pelenda Joshua Dasilva,Dasilva,P. Dasilva,
1366,Pelly Ruddock Mpanzu,Mpanzu,Mpanzu,
1367,Percy Tau,Tau,Tau,
1369,Phil Bardsley,Bardsley,Bardsley,
1371,Phil Jagielka,Jagielka,Jagielka,
1372,Phil Jones,Jones,P. Jones,
1374,Philip Zinckernagel,Zinckernagel,Zinckernagel,
1375,Philippe Coutinho Correia,Coutinho,Coutinho,
1376,Pierluigi Gollini,Gollini,Gollini,
1378,Pierre Emerick Aubameyang,Aubameyang,Aubameyang,
1379,Pierre Emile Højbjerg,Højbjerg,Højbjerg,
1380,Pierre Lees Melou,Lees-Melou,Lees-Melou,
1381,Pontus Jansson,Jansson,Jansson,
1382,Przemyslaw Placheta,Placheta,Placheta,
1383,Radek Vítek,Vítek,Vítek,
1384,Radu Dragusin,Drăgușin,Drăgușin,
1386,Raheem Sterling,Sterling,Sterling,
1387,Ramón Sosa,Sosa,R. Sosa,
1388,Raphael Dias Belloli,Raphinha,Raphinha,
1389,Raphaël Varane,Varane,Varane,
1391,Rasmus Kristensen,Kristensen,Kristensen,
1394,Reda Khadra,Khadra,Khadra,
1395,Reece Burke,Burke,R. Burke,
1396,Reece Hannam,Hannam,Hannam,
1400,Rekeem Harper,Harper,Harper,
1402,Remo Freuler,Freuler,Freuler,
1403,Remy Rees Dottin,Dottin,Dottin,
1404,Renan Augusto Lodi dos Santos,Renan Lodi,Renan Lodi,
1405,Renato Palma Veiga,Veiga,Veiga,
1406,Reuell Walters,Walters,Walters,
1407,Rhian Brewster,Brewster,Brewster,
1408,Rhys Bennett,Bennett,R. Bennett,
1409,Rhys Norrington Davies,Norrington-Davies,Norrington-Davies,
1411,Ricardo Barbosa Pereira,Ricardo,Ricardo,
1413,Richard Nartey,Nartey,Nartey,
1415,Richie Laryea,Laryea,Laryea,
1418,Riyad Mahrez,Mahrez,Mahrez,
1420,Robbie Brady,Brady,Brady,
1421,Robert Elliot,Elliot,Elliot,
1422,Robert Kenedy Nunes do Nascimento,Kenedy,Kenedy,
1423,Robert Snodgrass,Snodgrass,Snodgrass,
1424,Robert Street,Street,Street,
1426,Roberto Firmino,Firmino,Firmino,
1427,Roberto Jimenez Gago,Roberto,Roberto,
1428,Robin Koch,Koch,Koch,
1429,Robin Olsen,Olsen,Olsen,
1432,Rodrigo Duarte Ribeiro,Ribeiro,Ribeiro,
1434,Rodrigo Moreno,Rodrigo,R. Moreno,
1436,Rolando Aarons,Aarons,R. Aarons,
1439,Romain Perraud,Perraud,Perraud,
1440,Romain Saïss,Saïss,Saïss,
1442,Romaine Sawyers,Sawyers,Sawyers,
1444,Romelu Lukaku Bolingoli,Lukaku,Lukaku,
1446,Ronnie Edwards,Edwards,R. Edwards,
1447,Ronnie Stutter,Stutter,Stutter,
1448,Roshaun Mathurin,Mathurin,Mathurin,
1450,Ross Stewart,Stewart,Stewart,
1451,Ruairi McConville,McConville,McConville,
1452,Ruben Loftus Cheek,Loftus-Cheek,Loftus-Cheek,
1453,Rui Pedro dos Santos Patrício,Patrício,Patrício,
1454,Ryan Alebiosu,Alebiosu,Alebiosu,
1455,Ryan Astley,Astley,Astley,
1456,Ryan Bennett,Bennett,R. Bennett,
1457,Ryan Bertrand,Bertrand,Bertrand,
1459,Ryan Finnigan,Finnigan,Finnigan,
1460,Ryan Fraser,Fraser,R. Fraser,
1461,Ryan Fredericks,Fredericks,Fredericks,
1464,Ryan Inniss,Inniss,Inniss,
1465,Ryan Manning,Manning,Manning,
1466,Ryan Oné,Oné,Oné,
1471,Rúben Nascimento Vinagre,Vinagre,Vinagre,
1472,Rúben da Silva Neves,Neves,Neves,
1473,Rúnar Alex Rúnarsson,Rúnarsson,Rúnarsson,
1474,Sadio Mané,Mané,S. Mané,
1475,Salah Eddine Oulad M'hand,Oulad M'hand,Oulad M'hand,
1476,Salomón Rondón,Rondón,Rondón,
1478,Sam Curtis,Curtis,Curtis,
1479,Sam Field,Field,Field,
1482,Sam Morsy,Morsy,Morsy,
1484,Sam Surridge,Surridge,Surridge,
1486,Sam Waller,Waller,Waller,
1487,Sam Woods,Woods,Woods,
1488,Saman Ghoddos,Ghoddos,Ghoddos,
1489,Samir Caetano de Souza Santos,Samir,Samir,
1490,Sammy Braybrooke,Braybrooke,Braybrooke,
1492,Samuel Amo Ameyaw,Amo-Ameyaw,Amo-Ameyaw,
1493,Samuel Bastien,Bastien,Bastien,
1494,Samuel Edozie,Edozie,S. Edozie,
1496,Samuel Kalu,Kalu,Kalu,
1497,Samuel Rak Sakyi,Sakyi,Sakyi,
1498,Samy Chouchane,Chouchane,Chouchane,
1502,Sasa Kalajdzic,Kalajdžić,S. Kalajdzic,
1503,Sasa Lukic,Lukic,Lukic,
1504,Saïd Benrahma,Benrahma,Benrahma,
1505,Saúl Ñíguez,Saúl,Saúl,
1508,Scott Banks,Banks,Banks,
1509,Scott Carson,Carson,Carson,
1510,Scott Dann,Dann,Dann,
1511,Scott McKenna,McKenna,S. McKenna,
1512,Scott McTominay,McTominay,McTominay,
1513,Scott Twine,Twine,Twine,
1514,Sead Kolasinac,Kolasinac,Kolasinac,
1516,Sean McAllister,McAllister,McAllister,
1518,Sebastian Revan,Revan,Revan,
1520,Serge Aurier,Aurier,Aurier,
1521,Sergi Canós Tenés,Canós,Canós,
1522,Sergio Agüero,Agüero,Agüero,
1523,Sergio Gómez,Sergio Gómez,Sergio Gómez,
1524,Sergio Reguilón,Reguilón,Reguilón,
1525,Sergio Romero,Romero,S. Romero,
1526,Shandon Baptiste,Baptiste,S. Baptiste,
1527,Shane Duffy,Duffy,Duffy,
1528,Shane Flynn,Flynn,Flynn,
1529,Shane Long,Long,S. Long,
1530,Shaqai Forde,Forde,Forde,
1532,Shkodran Mustafi,Mustafi,Mustafi,
1533,Shola Shoretire,Shoretire,Shoretire,
1535,Sidnei Tavares,Tavares,S. Tavares,
1536,Sil Swinkels,Swinkels,Swinkels,
1539,Siriki Dembélé,Dembélé,Dembélé,
1540,Sofiane Boufal,Boufal,Boufal,
1541,Sofyan Amrabat,Amrabat,Amrabat,
1542,Sokratis Papastathopoulos,Sokratis,Sokratis,
1544,Solomon March,March,S. March,
1545,Somto Boniface,Boniface,Boniface,
1547,Sonny Perkins,Perkins,Perkins,
1548,Spike Brits,Brits,Brits,
1549,Stanley Mills,Mills,Mills,
1550,Stefan Bajcetic,Bajcetic,S. Bajcetic,
1552,Stefan Johansen,Johansen,Johansen,
1554,Stefan Parkes,Parkes,Parkes,
1555,Stephen Henderson,Henderson,S. Henderson,
1556,Stephy Mavididi,Mavididi,Mavididi,
1557,Steve Cook,Cook,S. Cook,
1558,Steven Alzate,Alzate,Alzate,
1560,Steven Bergwijn,Bergwijn,Bergwijn,
1561,Stipe Perica,Perica,Perica,
1562,Stuart Armstrong,Armstrong,S. Armstrong,
1563,Stuart Dallas,Dallas,Dallas,
1564,Stuart McKinstry,McKinstry,McKinstry,
1565,Sugawara Yukinari,Yukinari,Yukinari,
1567,Sydie Peck,Peck,Peck,
1568,Sylvester Jasper,Jasper,Jasper,
1571,Sébastien Haller,Haller,Haller,
1573,Sékou Mara,Mara,Mara,
1574,Tahith Chong,Chong,Chong,
1576,Takumi Minamino,Minamino,Minamino,
1578,Tanguy Ndombele,Ndombele,T. Ndombele,
1579,Tanguy Ndombélé Alvaro,Ndombele,T. Alvaro,
1581,Tariqe Fosu Henry,Fosu,Fosu,
1583,Tawanda Maswanhise,Maswanhise,Maswanhise,
1584,Taylan Harris,Harris,T. Harris,
1585,Taylor Gardner Hickman,Gardner-Hickman,Gardner-Hickman,
1586,Taylor Harwood Bellis,Harwood-Bellis,T. Bellis,
1587,Taylor Perry,Perry,Perry,
1588,Taylor Richards,Richards,T. Richards,
1589,Tayo Adaramola,Adaramola,Adaramola,
1590,Ted Curd,Curd,Curd,
1591,Teddy Jenks,Jenks,Jenks,
1592,Teddy Sharman Lowe,Sharman-Lowe,T. Lowe,
1593,Teden Mengi,Mengi,Mengi,
1594,Teemu Pukki,Pukki,Pukki,
1596,Terence Kongolo,Kongolo,Kongolo,
1597,Terry Ablade,Ablade,Ablade,
1598,Thakgalo Leshabela,Leshabela,Leshabela,
1599,Thanawat Suengchitthawon,Suengchitthawon,Suengchitthawon,
1600,Theo Corbeanu,Corbeanu,Corbeanu,
1601,Theo Walcott,Walcott,Walcott,
1602,Thiago Alcántara do Nascimento,Thiago,T. Nascimento,
1603,Thiago Emiliano da Silva,Thiago Silva,Thiago Silva,
1604,Thierry Small,Small,Small,
1605,Thilo Kehrer,Kehrer,Kehrer,
1606,Thomas Cannon,Cannon,T. Cannon,
1607,Thomas Dickson Peters,Dickson-Peters,Dickson-Peters,
1608,Thomas Kaminski,Kaminski,Kaminski,
1609,Thomas McGill,McGill,T. McGill,
1610,Thomas Partey,Partey,Partey,
1611,Thomas Strakosha,Strakosha,Strakosha,
1612,Thomas Wilson Brown,Brown,T. Brown,
1613,Tiago Çukur,Çukur,Çukur,
1615,Tim Krul,Krul,Krul,
1616,Tim Ream,Ream,Ream,
1617,Timo Werner,Werner,Werner,
1619,Timothy Fosu Mensah,Fosu-Mensah,Fosu-Mensah,
1621,Tobi Omole,Omole,Omole,
1622,Toby Alderweireld,Alderweireld,Alderweireld,
1624,Toby King,King,T. King,
1625,Todd Cantwell,Cantwell,Cantwell,
1627,Tom Cannon,Cannon,T. Cannon,
1628,Tom Cleverley,Cleverley,Cleverley,
1629,Tom Davies,Davies,T. Davies,
1633,Tom Lockyer,Lockyer,Lockyer,
1635,Tom Taylor,Taylor,T. Taylor,
1636,Tomas Soucek,Soucek,Soucek,
1638,Tommi O'Reilly,O'Reilly,T. O'Reilly,
1639,Tommy Doyle,Doyle,T. Doyle,
1642,Tony Springett,Springett,Springett,
1643,Tony Yogane,Yogane,Yogane,
1646,Travis Hernes,Hernes,Hernes,
1648,Trent Alexander Arnold,Alexander-Arnold,Alexander-Arnold,
1650,Treymaurice Nyoni,Nyoni,T. Nyoni,
1651,Tristan Crama,Crama,Crama,
1652,Troy Deeney,Deeney,Deeney,
1653,Troy Parrott,Parrott,Parrott,
1654,Ty Barnett,Barnett,T. Barnett,
1660,Tyler Roberts,Roberts,T. Roberts,
1662,Tyrese Francois,Francois,Francois,
1663,Tyrese Hall,Hall,T. Hall,
1667,Valentino Livramento,Livramento,V. Livramento,
1669,Valintino Adedokun,Adedokun,Adedokun,
1670,Vicente Guaita,Guaita,Guaita,
1671,Victor Kristiansen,Kristiansen,Kristiansen,
1674,Viljami Sinisalo,Sinisalo,Sinisalo,
1675,Vincent Angelini,Angelini,Angelini,
1676,Vini de Souza Costa,Vini Souza,Vini Souza,
1680,Vitor Ferreira,Vitinha,Vitinha,
1682,Vladimír Coufal,Coufal,Coufal,
1683,Vontae Daley Campbell,Daley-Campbell,Daley-Campbell,
1685,Wanya Marçal Madivádua,Madivádua,Madivádua,
1686,Wayne Hennessey,Hennessey,Hennessey,
1687,Welington Damascena Santos,Santos,Santos,
1690,Wes Morgan,Morgan,W. Morgan,
1691,Wes Okoduwa,Okoduwa,W. Okoduwa,
1693,Wesley Moraes Ferreira da Silva,Wesley,Wesley,
1694,Wesley Okoduwa,Okoduwa,W. Okoduwa,
1695,Weston McKennie,McKennie,McKennie,
1696,Wilfred Ndidi,Ndidi,Ndidi,
1698,Wilfried Zaha,Zaha,Zaha,
1699,Will Alves,Alves,W. Alves,
1701,Will Ferry,Ferry,Ferry,
1704,Will Norris,Norris,Norris,
1705,Will Smallbone,Smallbone,W. Smallbone,
1706,William Fish,Fish,Fish,
1709,William Smallbone,Smallbone,W. Smallbone,
1710,William Troost Ekong,Troost-Ekong,Troost-Ekong,
1711,Willian Borges da Silva,Willian,Willian,
1712,Willian José Da Silva,Willian José,Willian José,
1714,Willy Caballero,Caballero,Caballero,
1715,Willy Kambwala,Kambwala,Kambwala,
1717,Winston Reid,Reid,Reid,
1718,Wout Faes,Faes,Faes,
1719,Wout Weghorst,Weghorst,Weghorst,
1720,Woyo Coulibaly,Coulibaly,W. Coulibaly,
1721,Xande Nascimento da Costa Silva,Xande Silva,Xande Silva,
1722,Xherdan Shaqiri,Shaqiri,Shaqiri,
1723,Yago de Santiago Alonso,Alonso,Y. Alonso,
1724,Yan Valery,Valery,Valery,
1727,Yasser Larouci,Larouci,Larouci,
1728,Yegor Yarmoliuk,Yarmoliuk,Y. Yarmoliuk,
1730,Yerry Mina,Mina,Mina,
1733,Yoshinori Muto,Muto,Muto,
1739,Zach Awe,Awe,Awe,
1741,Zack Nelson,Nelson,Z. Nelson,
1742,Zack Steffen,Steffen,Steffen,
1743,Zain Silcott Duberry,Duberry,Duberry,
1744,Zak Brunt,Brunt,Z. Brunt,
1745,Zak Sturge,Sturge,Sturge,
1746,Zak Swanson,Swanson,Swanson,
1748,Zeze Steven Sessegnon,Sessegnon,Z. Sessegnon,
1749,Zidane Iqbal,Iqbal,Iqbal,
1751,Álvaro Fernández Carreras,Fernandez,Fernandez,
1752,Ângelo Gabriel Borges Damaceno,Ângelo,Ângelo,
1753,Çaglar Söyüncü,Söyüncü,Söyüncü,
1754,Ørjan Nyland,Nyland,Nyland,
1756,Łukasz Fabiański,Fabiański,Fabiański,
925,Karl Hein,Hein,Hein,https://fantasy.premierleague.com/dist/img/shirts/standard/shirt_3-110.png
1640,Tommy Setford,Setford,Setford,https://fantasy.premierleague.com/dist/img/shirts/standard/shirt_3-110.png
709,Jakub Kiwior,Kiwior,Kiwior,https://fantasy.premierleague.com/dist/img/shirts/standard/shirt_3-110.png
220,Brayden Clarke,Clarke,B. Clarke,https://fantasy.premierleague.com/dist/img/shirts/standard/shirt_3-110.png
1078,Maldini Kacurri,Kacurri,Kacurri,https://fantasy.premierleague.com/dist/img/shirts/standard/shirt_3-110.png
868,Josh Nichols,Nichols,Nichols,https://fantasy.premierleague.com/dist/img/shirts/standard/shirt_3-110.png
986,Leandro Trossard,Trossard,Trossard,https://fantasy.premierleague.com/dist/img/shirts/standard/shirt_3-110.png
660,Ismeal Kabia,Kabia,Kabia,https://fantasy.premierleague.com/dist/img/shirts/standard/shirt_3-110.png
42,Albert Sambi Lokonga,Sambi,Sambi,https://fantasy.premierleague.com/dist/img/shirts/standard/shirt_3-110.png
1761,Andre Harriman-Annous,Harriman-Annous,Harriman-Annous,https://fantasy.premierleague.com/dist/img/shirts/standard/shirt_3-110.png
1763,Marli Salmon,Salmon,Salmon,https://fantasy.premierleague.com/dist/img/shirts/standard/shirt_3-110.png
796,Joe Gauci,Gauci,Gauci,https://fantasy.premierleague.com/dist/img/shirts/standard/shirt_7-110.png
521,Filip Marschall,Marschall,Marschall,https://fantasy.premierleague.com/dist/img/shirts/standard/shirt_7-110.png
1750,Álex Moreno Lopera,Alex Moreno,Alex Moreno,https://fantasy.premierleague.com/dist/img/shirts/standard/shirt_7-110.png
1018,Lino da Cruz Sousa,Sousa,Sousa,https://fantasy.premierleague.com/dist/img/shirts/standard/shirt_7-110.png
1765,Yasin Özcan,Yasin,Yasin,https://fantasy.premierleague.com/dist/img/shirts/standard/shirt_7-110.png
432,Donyell Malen,Malen,Malen,https://fantasy.premierleague.com/dist/img/shirts/standard/shirt_7-110.png
475,Enzo Barrenechea,Barrenechea,Barrenechea,https://fantasy.premierleague.com/dist/img/shirts/standard/shirt_7-110.png
1003,Lewis Dobbin,Dobbin,Dobbin,https://fantasy.premierleague.com/dist/img/shirts/standard/shirt_7-110.png
164,Ben Broggio,Broggio,Broggio,https://fantasy.premierleague.com/dist/img/shirts/standard/shirt_7-110.png
985,Leander Dendoncker,Dendoncker,Dendoncker,https://fantasy.premierleague.com/dist/img/shirts/standard/shirt_7-110.png
1766,Jamaldeen Jimoh-Aloba,Jimoh-Aloba,Jimoh-Aloba,https://fantasy.premierleague.com/dist/img/shirts/standard/shirt_7-110.png
911,Kadan Young,Young,K. Young,https://fantasy.premierleague.com/dist/img/shirts/standard/shirt_7-110.png
1767,Zépiqueno Redmond,Redmond,Z. Redmond,https://fantasy.premierleague.com/dist/img/shirts/standard/shirt_7-110.png
700,Jadon Sancho,Sancho,Sancho,https://fantasy.premierleague.com/dist/img/shirts/standard/shirt_7-110.png
738,James Wright,Wright,J. Wright,https://fantasy.premierleague.com/dist/img/shirts/standard/shirt_7-110.png
433,Douglas Luiz Soares de Paulo,Douglas Luiz,Douglas Luiz,https://fantasy.premierleague.com/dist/img/shirts/standard/shirt_7-110.png
1483,Sam Proctor,Proctor,Proctor,https://fantasy.premierleague.com/dist/img/shirts/standard/shirt_7-110.png
1647,Travis Patterson,Patterson,T. Patterson,https://fantasy.premierleague.com/dist/img/shirts/standard/shirt_7-110.png
1771,Ronnie Hollingshead,Hollingshead,Hollingshead,https://fantasy.premierleague.com/dist/img/shirts/standard/shirt_7-110.png
1772,Leon Routh,Leon Routh,Leon Routh,https://fantasy.premierleague.com/dist/img/shirts/standard/shirt_7-110.png
1773,TJ Carroll,Carroll,T. Carroll,https://fantasy.premierleague.com/dist/img/shirts/standard/shirt_7-110.png
1775,Max Weiß,Weiss,Weiss,https://fantasy.premierleague.com/dist/img/shirts/standard/shirt_90-110.png
1776,Etienne Green,Green,Green,https://fantasy.premierleague.com/dist/img/shirts/standard/shirt_90-110.png
1777,Václav Hladký,Hladký,Hladký,https://fantasy.premierleague.com/dist/img/shirts/standard/shirt_90-110.png
320,Connor Roberts,Roberts,C. Roberts,https://fantasy.premierleague.com/dist/img/shirts/standard/shirt_90-110.png
979,Kyle Walker,Walker,Walker,https://fantasy.premierleague.com/dist/img/shirts/standard/shirt_90-110.png
598,Hannes Delcroix,Delcroix,Delcroix,https://fantasy.premierleague.com/dist/img/shirts/standard/shirt_90-110.png
1336,Owen Dodgson,Dodgson,Dodgson,https://fantasy.premierleague.com/dist/img/shirts/standard/shirt_90-110.png
626,Hjalmar Ekdal,Ekdal,Ekdal,https://fantasy.premierleague.com/dist/img/shirts/standard/shirt_90-110.png
1188,Maxime Estève,Estève,Estève,https://fantasy.premierleague.com/dist/img/shirts/standard/shirt_90-110.png
1778,Quilindschy Hartman,Hartman,Hartman,https://fantasy.premierleague.com/dist/img/shirts/standard/shirt_90-110.png
161,Bashir Humphreys,Humphreys,B. Humphreys,https://fantasy.premierleague.com/dist/img/shirts/standard/shirt_90-110.png
838,Jordan Beyer,Jordan,Jordan,https://fantasy.premierleague.com/dist/img/shirts/standard/shirt_90-110.png
1779,Lucas Pires Silva,Lucas Pires,Lucas Pires,https://fantasy.premierleague.com/dist/img/shirts/standard/shirt_90-110.png
1780,Shurandy Sambo,Sambo,Sambo,https://fantasy.premierleague.com/dist/img/shirts/standard/shirt_90-110.png
1781,Oliver Sonne,Sonne,Sonne,https://fantasy.premierleague.com/dist/img/shirts/standard/shirt_90-110.png
151,Axel Tuanzebe,Tuanzebe,Tuanzebe,https://fantasy.premierleague.com/dist/img/shirts/standard/shirt_90-110.png
812,Joe Worrall,Worrall,Worrall,https://fantasy.premierleague.com/dist/img/shirts/standard/shirt_90-110.png
1083,Manuel Benson Hedilazio,Benson,M. Hedilazio,https://fantasy.premierleague.com/dist/img/shirts/standard/shirt_90-110.png
691,Jacob Bruun Larsen,Bruun Larsen,Bruun Larsen,https://fantasy.premierleague.com/dist/img/shirts/standard/shirt_90-110.png
472,Enock Agyei,Boateng,Boateng,https://fantasy.premierleague.com/dist/img/shirts/standard/shirt_90-110.png
373,Darko Churlinov,Churlinov,Churlinov,https://fantasy.premierleague.com/dist/img/shirts/standard/shirt_90-110.png
862,Josh Cullen,Cullen,Cullen,https://fantasy.premierleague.com/dist/img/shirts/standard/shirt_90-110.png
1782,Marcus Edwards,Edwards,M. Edwards,https://fantasy.premierleague.com/dist/img/shirts/standard/shirt_90-110.png
599,Hannibal Mejbri,Hannibal,Hannibal,https://fantasy.premierleague.com/dist/img/shirts/standard/shirt_90-110.png
1031,Luca Koleosho,Koleosho,Koleosho,https://fantasy.premierleague.com/dist/img/shirts/standard/shirt_90-110.png
1783,Josh Laurent,Laurent,Laurent,https://fantasy.premierleague.com/dist/img/shirts/standard/shirt_90-110.png
8,Aaron Ramsey,A.Ramsey,A.Ramsey,https://fantasy.premierleague.com/dist/img/shirts/standard/shirt_90-110.png
1785,Oluwaseun Adewumi,Adewumi,Adewumi,https://fantasy.premierleague.com/dist/img/shirts/standard/shirt_90-110.png
1786,Jaydon Banel,Banel,Banel,https://fantasy.premierleague.com/dist/img/shirts/standard/shirt_90-110.png
1217,Mike Trésor Ndayishimiye,Trésor,Trésor,https://fantasy.premierleague.com/dist/img/shirts/standard/shirt_90-110.png
1747,Zeki Amdouni,Amdouni,Amdouni,https://fantasy.premierleague.com/dist/img/shirts/standard/shirt_90-110.png
1060,Lyle Foster,Foster,L. Foster,https://fantasy.premierleague.com/dist/img/shirts/standard/shirt_90-110.png
141,Ashley Barnes,Barnes,A. Barnes,https://fantasy.premierleague.com/dist/img/shirts/standard/shirt_90-110.png
1206,Michael Obafemi,Obafemi,Obafemi,https://fantasy.premierleague.com/dist/img/shirts/standard/shirt_90-110.png
1788,James Ward-Prowse,Ward-Prowse,J. Ward-Prowse,https://fantasy.premierleague.com/dist/img/shirts/standard/shirt_90-110.png
998,Lesley Ugochukwu,Ugochukwu,Ugochukwu,https://fantasy.premierleague.com/dist/img/shirts/standard/shirt_90-110.png
133,Armando Broja,Broja,Broja,https://fantasy.premierleague.com/dist/img/shirts/standard/shirt_90-110.png
1790,Oliver Pimlott,Pimlott,Pimlott,https://fantasy.premierleague.com/dist/img/shirts/standard/shirt_90-110.png
1791,George Brierley,Brierley,G. Brierley,https://fantasy.premierleague.com/dist/img/shirts/standard/shirt_90-110.png
1792,Kian McMahon-Brown,McMahon-Brown,McMahon-Brown,https://fantasy.premierleague.com/dist/img/shirts/standard/shirt_90-110.png
1295,Norberto Murara Neto,Neto,N. Neto,https://fantasy.premierleague.com/dist/img/shirts/standard/shirt_91-110.png
238,Callan McKenna,McKenna,C. McKenna,https://fantasy.premierleague.com/dist/img/shirts/standard/shirt_91-110.png
56,Alex Paulsen,Paulsen,Paulsen,https://fantasy.premierleague.com/dist/img/shirts/standard/shirt_91-110.png
647,Illia Zabarnyi,Zabarnyi,Zabarnyi,https://fantasy.premierleague.com/dist/img/shirts/standard/shirt_91-110.png
1129,Matai Akinmboni,Akinmboni,Akinmboni,https://fantasy.premierleague.com/dist/img/shirts/standard/shirt_91-110.png
1335,Owen Bevan,Bevan,Bevan,https://fantasy.premierleague.com/dist/img/shirts/standard/shirt_91-110.png
292,Chris Mepham,Mepham,Mepham,https://fantasy.premierleague.com/dist/img/shirts/standard/shirt_91-110.png
1373,Philip Billing,Philip,Philip,https://fantasy.premierleague.com/dist/img/shirts/standard/shirt_91-110.png
1043,Luis Sinisterra Lucumí,Sinisterra,Sinisterra,https://fantasy.premierleague.com/dist/img/shirts/standard/shirt_91-110.png
1438,Romain Faivre,Faivre,Faivre,https://fantasy.premierleague.com/dist/img/shirts/standard/shirt_91-110.png
595,Hamed Traorè,H.Traorè,H.Traorè,https://fantasy.premierleague.com/dist/img/shirts/standard/shirt_91-110.png
427,Dominic Sadi,Sadi,Sadi,https://fantasy.premierleague.com/dist/img/shirts/standard/shirt_91-110.png
1794,Zain Silcott-Duberry,Silcott-Duberry,Silcott-Duberry,https://fantasy.premierleague.com/dist/img/shirts/standard/shirt_91-110.png
182,Ben Winterburn,Winterburn,Winterburn,https://fantasy.premierleague.com/dist/img/shirts/standard/shirt_91-110.png
1795,Daniel Adu-Adjei,Adu-Adjei,D. Adu-Adjei,https://fantasy.premierleague.com/dist/img/shirts/standard/shirt_91-110.png
1799,Remy Rees-Dottin,Rees-Dottin,Rees-Dottin,https://fantasy.premierleague.com/dist/img/shirts/standard/shirt_91-110.png
1801,Álex Jiménez Sánchez,A.Jimenez,A.Jimenez,https://fantasy.premierleague.com/dist/img/shirts/standard/shirt_91-110.png
1803,Malcom DaCosta,DaCosta,DaCosta,https://fantasy.premierleague.com/dist/img/shirts/standard/shirt_91-110.png
1804,Charlie Stevens,Stevens,C. Stevens,https://fantasy.premierleague.com/dist/img/shirts/standard/shirt_91-110.png
1806,Christos Mandas,Mandas,Mandas,https://fantasy.premierleague.com/dist/img/shirts/standard/shirt_91-110.png
455,Ellery Balcombe,Balcombe,Balcombe,https://fantasy.premierleague.com/dist/img/shirts/standard/shirt_94-110.png
1164,Matthew Cox,Cox,Cox,https://fantasy.premierleague.com/dist/img/shirts/standard/shirt_94-110.png
893,Julian Eyestone,Eyestone,Eyestone,https://fantasy.premierleague.com/dist/img/shirts/standard/shirt_94-110.png
1070,Mads Roerslev Rasmussen,Roerslev,Roerslev,https://fantasy.premierleague.com/dist/img/shirts/standard/shirt_94-110.png
186,Benjamin Arthur,Arthur,B. Arthur,https://fantasy.premierleague.com/dist/img/shirts/standard/shirt_94-110.png
189,Benjamin Fredrick,Fredrick,Fredrick,https://fantasy.premierleague.com/dist/img/shirts/standard/shirt_94-110.png
763,Jayden Meghoma,Meghoma,Meghoma,https://fantasy.premierleague.com/dist/img/shirts/standard/shirt_94-110.png
589,Gustavo Nunes Fernandes Gomes,Nunes,Nunes,https://fantasy.premierleague.com/dist/img/shirts/standard/shirt_94-110.png
1809,Romelle Donovan,Donovan,Donovan,https://fantasy.premierleague.com/dist/img/shirts/standard/shirt_94-110.png
1736,Yunus Emre Konak,Konak,Konak,https://fantasy.premierleague.com/dist/img/shirts/standard/shirt_94-110.png
1348,Paris Maghoma,Maghoma,Maghoma,https://fantasy.premierleague.com/dist/img/shirts/standard/shirt_94-110.png
1810,Myles Peart-Harris,Peart-Harris,M. Peart-Harris,https://fantasy.premierleague.com/dist/img/shirts/standard/shirt_94-110.png
1468,Ryan Trevitt,Trevitt,Trevitt,https://fantasy.premierleague.com/dist/img/shirts/standard/shirt_94-110.png
667,Iwan Morgan,Morgan,I. Morgan,https://fantasy.premierleague.com/dist/img/shirts/standard/shirt_94-110.png
1812,Luka Bentt,Bentt,Bentt,https://fantasy.premierleague.com/dist/img/shirts/standard/shirt_94-110.png
1813,Ollie Shield,Shield,Shield,https://fantasy.premierleague.com/dist/img/shirts/standard/shirt_94-110.png
1814,Joshua Stephenson,Stephenson,Stephenson,https://fantasy.premierleague.com/dist/img/shirts/standard/shirt_94-110.png
1815,Conor McManus,McManus,McManus,https://fantasy.premierleague.com/dist/img/shirts/standard/shirt_94-110.png
1816,Riley Owen,Owen,Owen,https://fantasy.premierleague.com/dist/img/shirts/standard/shirt_94-110.png
1634,Tom McGill,McGill,T. McGill,https://fantasy.premierleague.com/dist/img/shirts/standard/shirt_36-110.png
1368,Pervis Estupiñán Tenorio,Estupiñan,Estupiñan,https://fantasy.premierleague.com/dist/img/shirts/standard/shirt_36-110.png
1580,Tariq Lamptey,Lamptey,Lamptey,https://fantasy.premierleague.com/dist/img/shirts/standard/shirt_36-110.png
887,Joël Veltman,Veltman,Veltman,https://fantasy.premierleague.com/dist/img/shirts/standard/shirt_36-110.png
23,Adam Webster,Webster,Webster,https://fantasy.premierleague.com/dist/img/shirts/standard/shirt_36-110.png
449,Eiran Cashin,Cashin,Cashin,https://fantasy.premierleague.com/dist/img/shirts/standard/shirt_36-110.png
695,Jacob Slater,Slater,J. Slater,https://fantasy.premierleague.com/dist/img/shirts/standard/shirt_36-110.png
281,Charlie Tasker,Tasker,Tasker,https://fantasy.premierleague.com/dist/img/shirts/standard/shirt_36-110.png
1543,Solly March,March,S. March,https://fantasy.premierleague.com/dist/img/shirts/standard/shirt_36-110.png
214,Brajan Gruda,Gruda,Gruda,https://fantasy.premierleague.com/dist/img/shirts/standard/shirt_36-110.png
1821,Abdallah Sima,Sima,Sima,https://fantasy.premierleague.com/dist/img/shirts/standard/shirt_36-110.png
728,James Milner,Milner,Milner,https://fantasy.premierleague.com/dist/img/shirts/standard/shirt_36-110.png
781,Jeremy Sarmiento Morante,Sarmiento,Sarmiento,https://fantasy.premierleague.com/dist/img/shirts/standard/shirt_36-110.png
802,Joe Knight,Knight,J. Knight,https://fantasy.premierleague.com/dist/img/shirts/standard/shirt_36-110.png
32,Adrian Mazilu,Mazilu,Mazilu,https://fantasy.premierleague.com/dist/img/shirts/standard/shirt_36-110.png
96,Andrew Moran,Moran,Moran,https://fantasy.premierleague.com/dist/img/shirts/standard/shirt_36-110.png
543,Freddie Simmonds,Simmonds,Simmonds,https://fantasy.premierleague.com/dist/img/shirts/standard/shirt_36-110.png
554,Gabriel Słonina,Slonina,Slonina,https://fantasy.premierleague.com/dist/img/shirts/standard/shirt_8-110.png
1087,Marc Cucurella Saseta,Cucurella,Cucurella,https://fantasy.premierleague.com/dist/img/shirts/standard/shirt_8-110.png
308,Christopher Nkunku,Nkunku,Nkunku,https://fantasy.premierleague.com/dist/img/shirts/standard/shirt_8-110.png
1832,Kendry Páez Andrade,Paez,Paez,https://fantasy.premierleague.com/dist/img/shirts/standard/shirt_8-110.png
1834,Landon Emenalo,Emenalo,Emenalo,https://fantasy.premierleague.com/dist/img/shirts/standard/shirt_8-110.png
1835,Max Merrick,Merrick,Merrick,https://fantasy.premierleague.com/dist/img/shirts/standard/shirt_8-110.png
1836,Teddy Sharman-Lowe,Sharman-Lowe,T. Sharman-Lowe,https://fantasy.premierleague.com/dist/img/shirts/standard/shirt_8-110.png
1837,Jesse Derry,Derry,Derry,https://fantasy.premierleague.com/dist/img/shirts/standard/shirt_8-110.png
1838,Mathis Eboué,Eboué,Eboué,https://fantasy.premierleague.com/dist/img/shirts/standard/shirt_8-110.png
1839,Ryan Kavuma-McQueen,Kavuma-McQueen,Kavuma-McQueen,https://fantasy.premierleague.com/dist/img/shirts/standard/shirt_8-110.png
1266,Nathaniel Clyne,Clyne,Clyne,https://fantasy.premierleague.com/dist/img/shirts/standard/shirt_31-110.png
1419,Rob Holding,Holding,Holding,https://fantasy.premierleague.com/dist/img/shirts/standard/shirt_31-110.png
233,Caleb Kporha,Kporha,Kporha,https://fantasy.premierleague.com/dist/img/shirts/standard/shirt_31-110.png
140,Asher Agbinone,Agbinone,Agbinone,https://fantasy.premierleague.com/dist/img/shirts/standard/shirt_31-110.png
1250,Naouirou Ahamada,Ahamada,Ahamada,https://fantasy.premierleague.com/dist/img/shirts/standard/shirt_31-110.png
1077,Malcolm Ebiowei,Ebiowei,Ebiowei,https://fantasy.premierleague.com/dist/img/shirts/standard/shirt_31-110.png
384,David Ozoh,Ozoh,Ozoh,https://fantasy.premierleague.com/dist/img/shirts/standard/shirt_31-110.png
912,Kaden Rodney,Rodney,Rodney,https://fantasy.premierleague.com/dist/img/shirts/standard/shirt_31-110.png
1842,Franco Umeh-Chibueze,Umeh,Umeh,https://fantasy.premierleague.com/dist/img/shirts/standard/shirt_31-110.png
1302,Odsonne Édouard,Édouard,Édouard,https://fantasy.premierleague.com/dist/img/shirts/standard/shirt_31-110.png
1740,Zach Marsh,Marsh,Z. Marsh,https://fantasy.premierleague.com/dist/img/shirts/standard/shirt_31-110.png
1849,Dean Benamar,Benamar,Benamar,https://fantasy.premierleague.com/dist/img/shirts/standard/shirt_31-110.png
1850,Ben Casey,Casey,B. Casey,https://fantasy.premierleague.com/dist/img/shirts/standard/shirt_31-110.png
1851,George King,King,G. King,https://fantasy.premierleague.com/dist/img/shirts/standard/shirt_31-110.png
1852,Danny Imray,Imray,Imray,https://fantasy.premierleague.com/dist/img/shirts/standard/shirt_31-110.png
613,Harry Tyrer,Tyrer,Tyrer,https://fantasy.premierleague.com/dist/img/shirts/standard/shirt_11-110.png
1570,Séamus Coleman,Coleman,Coleman,https://fantasy.premierleague.com/dist/img/shirts/standard/shirt_11-110.png
1443,Roman Dixon,Dixon,Dixon,https://fantasy.premierleague.com/dist/img/shirts/standard/shirt_11-110.png
1398,Reece Welch,Welch,Welch,https://fantasy.premierleague.com/dist/img/shirts/standard/shirt_11-110.png
641,Idrissa Gana Gueye,Gana,Gana,https://fantasy.premierleague.com/dist/img/shirts/standard/shirt_11-110.png
239,Callum Bates,Bates,Bates,https://fantasy.premierleague.com/dist/img/shirts/standard/shirt_11-110.png
316,Coby Ebere,Ebere,Ebere,https://fantasy.premierleague.com/dist/img/shirts/standard/shirt_11-110.png
653,Isaac Heath,Heath,Heath,https://fantasy.premierleague.com/dist/img/shirts/standard/shirt_11-110.png
777,Jenson Metcalfe,Metcalfe,Metcalfe,https://fantasy.premierleague.com/dist/img/shirts/standard/shirt_11-110.png
1735,Youssef Ramalho Chermiti,Y.Chermiti,Y.Chermiti,https://fantasy.premierleague.com/dist/img/shirts/standard/shirt_11-110.png
1120,Martin Sherif,Sherif,Sherif,https://fantasy.premierleague.com/dist/img/shirts/standard/shirt_11-110.png
1659,Tyler Onyango,Onyango,Onyango,https://fantasy.premierleague.com/dist/img/shirts/standard/shirt_11-110.png
453,Elijah Campbell,Campbell,E. Campbell,https://fantasy.premierleague.com/dist/img/shirts/standard/shirt_11-110.png
1856,Braiden Graham,Graham,Graham,https://fantasy.premierleague.com/dist/img/shirts/standard/shirt_11-110.png
1491,Samuel Amissah,Amissah,S. Amissah,https://fantasy.premierleague.com/dist/img/shirts/standard/shirt_54-110.png
94,Andreas Hoelgebaum Pereira,Andreas,Andreas,https://fantasy.premierleague.com/dist/img/shirts/standard/shirt_54-110.png
1117,Martial Godo,Godo,Godo,https://fantasy.premierleague.com/dist/img/shirts/standard/shirt_54-110.png
1052,Luke Harris,Harris,L. Harris,https://fantasy.premierleague.com/dist/img/shirts/standard/shirt_54-110.png
1393,Raúl Jiménez Rodríguez,Raúl,Raúl,https://fantasy.premierleague.com/dist/img/shirts/standard/shirt_54-110.png
1858,Samuel Chukwueze,Chukwueze,Chukwueze,https://fantasy.premierleague.com/dist/img/shirts/standard/shirt_54-110.png
1861,Seth Ridgeon,Ridgeon,Ridgeon,https://fantasy.premierleague.com/dist/img/shirts/standard/shirt_54-110.png
1477,Sam Byram,Byram,Byram,https://fantasy.premierleague.com/dist/img/shirts/standard/shirt_2-110.png
1867,Isaac Schmidt,Schmidt,Schmidt,https://fantasy.premierleague.com/dist/img/shirts/standard/shirt_2-110.png
1480,Sam Greenwood,Greenwood,S. Greenwood,https://fantasy.premierleague.com/dist/img/shirts/standard/shirt_2-110.png
1869,Largie Ramazani,Ramazani,Ramazani,https://fantasy.premierleague.com/dist/img/shirts/standard/shirt_2-110.png
1871,Charlie Crew,Crew,Crew,https://fantasy.premierleague.com/dist/img/shirts/standard/shirt_2-110.png
1351,Patrick Bamford,Bamford,Bamford,https://fantasy.premierleague.com/dist/img/shirts/standard/shirt_2-110.png
1878,Harry Gray,Gray,H. Gray,https://fantasy.premierleague.com/dist/img/shirts/standard/shirt_2-110.png
1879,Sam Chambers,Chambers,S. Chambers,https://fantasy.premierleague.com/dist/img/shirts/standard/shirt_2-110.png
1881,Rhys Chadwick,Chadwick,Chadwick,https://fantasy.premierleague.com/dist/img/shirts/standard/shirt_2-110.png
1884,Ármin Pécsi,Pécsi,Pécsi,https://fantasy.premierleague.com/dist/img/shirts/standard/shirt_14-110.png
640,Ibrahima Konaté,Konaté,Konaté,https://fantasy.premierleague.com/dist/img/shirts/standard/shirt_14-110.png
966,Konstantinos Tsimikas,Tsimikas,K. Tsimikas,https://fantasy.premierleague.com/dist/img/shirts/standard/shirt_14-110.png
85,Amara Nallo,Nallo,Nallo,https://fantasy.premierleague.com/dist/img/shirts/standard/shirt_14-110.png
1410,Rhys Williams,R.Williams,R.Williams,https://fantasy.premierleague.com/dist/img/shirts/standard/shirt_14-110.png
1230,Mohamed Salah,M.Salah,M.Salah,https://fantasy.premierleague.com/dist/img/shirts/standard/shirt_14-110.png
1041,Luis Díaz Marulanda,Luis Díaz,Luis Díaz,https://fantasy.premierleague.com/dist/img/shirts/standard/shirt_14-110.png
1658,Tyler Morton,Morton,Morton,https://fantasy.premierleague.com/dist/img/shirts/standard/shirt_14-110.png
377,Darwin Núñez Ribeiro,Darwin,Darwin,https://fantasy.premierleague.com/dist/img/shirts/standard/shirt_14-110.png
1891,Kieran Morrison,Morrison,Morrison,https://fantasy.premierleague.com/dist/img/shirts/standard/shirt_14-110.png
1893,Will Wright,Wright,W. Wright,https://fantasy.premierleague.com/dist/img/shirts/standard/shirt_14-110.png
1894,Talla Ndiaye,Ndiaye,T. Ndiaye,https://fantasy.premierleague.com/dist/img/shirts/standard/shirt_14-110.png
443,Ederson Santana de Moraes,Ederson M.,Ederson M.,https://fantasy.premierleague.com/dist/img/shirts/standard/shirt_43-110.png
1082,Manuel Akanji,Akanji,Akanji,https://fantasy.premierleague.com/dist/img/shirts/standard/shirt_43-110.png
1252,Nathan Aké,Aké,Aké,https://fantasy.premierleague.com/dist/img/shirts/standard/shirt_43-110.png
825,John Stones,Stones,Stones,https://fantasy.premierleague.com/dist/img/shirts/standard/shirt_43-110.png
195,Bernardo Mota Veiga de Carvalho e Silva,Bernardo,B. Silva,https://fantasy.premierleague.com/dist/img/shirts/standard/shirt_43-110.png
1896,İlkay Gündoğan,Gündoğan,Gündoğan,https://fantasy.premierleague.com/dist/img/shirts/standard/shirt_43-110.png
1898,Sverre Nypan,Nypan,Nypan,https://fantasy.premierleague.com/dist/img/shirts/standard/shirt_43-110.png
1901,Stephen Mfuni,Mfuni,Mfuni,https://fantasy.premierleague.com/dist/img/shirts/standard/shirt_43-110.png
1903,Charlie Gray,Gray,C. Gray,https://fantasy.premierleague.com/dist/img/shirts/standard/shirt_43-110.png
1904,Reigan Heskey,Heskey,Heskey,https://fantasy.premierleague.com/dist/img/shirts/standard/shirt_43-110.png
104,André Onana,Onana,A. Onana,https://fantasy.premierleague.com/dist/img/shirts/standard/shirt_1-110.png
459,Elyh Harrison,Harrison,E. Harrison,https://fantasy.premierleague.com/dist/img/shirts/standard/shirt_1-110.png
401,Dermot Mee,Mee,D. Mee,https://fantasy.premierleague.com/dist/img/shirts/standard/shirt_1-110.png
1906,Diego León Blanco,D.Leon,D.Leon,https://fantasy.premierleague.com/dist/img/shirts/standard/shirt_1-110.png
1661,Tyrell Malacia,Malacia,Malacia,https://fantasy.premierleague.com/dist/img/shirts/standard/shirt_1-110.png
125,Antony dos Santos,Antony,Antony,https://fantasy.premierleague.com/dist/img/shirts/standard/shirt_1-110.png
259,Carlos Henrique Casimiro,Casemiro,Casemiro,https://fantasy.premierleague.com/dist/img/shirts/standard/shirt_1-110.png
759,Jayce Fitzgerald,Fitzgerald,Fitzgerald,https://fantasy.premierleague.com/dist/img/shirts/standard/shirt_1-110.png
1572,Sékou Koné,Kone,Kone,https://fantasy.premierleague.com/dist/img/shirts/standard/shirt_1-110.png
679,Jack Moorhouse,Moorhouse,Moorhouse,https://fantasy.premierleague.com/dist/img/shirts/standard/shirt_1-110.png
1390,Rasmus Højlund,Højlund,Højlund,https://fantasy.premierleague.com/dist/img/shirts/standard/shirt_1-110.png
490,Ethan Wheatley,Wheatley,Wheatley,https://fantasy.premierleague.com/dist/img/shirts/standard/shirt_1-110.png
579,Godwill Kukonki,Kukonki,Kukonki,https://fantasy.premierleague.com/dist/img/shirts/standard/shirt_1-110.png
1912,Jim Thwaites,Thwaites,Thwaites,https://fantasy.premierleague.com/dist/img/shirts/standard/shirt_1-110.png
1303,Odysseas Vlachodimos,Odysseas,Odysseas,https://fantasy.premierleague.com/dist/img/shirts/standard/shirt_4-110.png
957,Kieran Trippier,Trippier,Trippier,https://fantasy.premierleague.com/dist/img/shirts/standard/shirt_4-110.png
462,Emil Krafth,Krafth,Krafth,https://fantasy.premierleague.com/dist/img/shirts/standard/shirt_4-110.png
713,Jamaal Lascelles,Lascelles,Lascelles,https://fantasy.premierleague.com/dist/img/shirts/standard/shirt_4-110.png
601,Harrison Ashby,Ashby,Ashby,https://fantasy.premierleague.com/dist/img/shirts/standard/shirt_4-110.png
1224,Miodrag Pivaš,Pivas,Pivas,https://fantasy.premierleague.com/dist/img/shirts/standard/shirt_4-110.png
118,Anthony Gordon,Gordon,A. Gordon,https://fantasy.premierleague.com/dist/img/shirts/standard/shirt_4-110.png
1913,Antoñito Cordero Campillo,Antoñito C.,Antoñito C.,https://fantasy.premierleague.com/dist/img/shirts/standard/shirt_4-110.png
652,Isaac Hayden,Hayden,Hayden,https://fantasy.premierleague.com/dist/img/shirts/standard/shirt_4-110.png
557,Garang Kuol,Kuol,Kuol,https://fantasy.premierleague.com/dist/img/shirts/standard/shirt_4-110.png
808,Joe White,White,J. White,https://fantasy.premierleague.com/dist/img/shirts/standard/shirt_4-110.png
7,Aaron Ramsdale,Ramsdale,Ramsdale,https://fantasy.premierleague.com/dist/img/shirts/standard/shirt_4-110.png
1915,Seung-Soo Park,Seung soo,Seung soo,https://fantasy.premierleague.com/dist/img/shirts/standard/shirt_4-110.png
824,John Ruddy,Ruddy,Ruddy,https://fantasy.premierleague.com/dist/img/shirts/standard/shirt_4-110.png
1918,Sam Alabi,Alabi,Alabi,https://fantasy.premierleague.com/dist/img/shirts/standard/shirt_4-110.png
1308,Oleksandr Zinchenko,Zinchenko,Zinchenko,https://fantasy.premierleague.com/dist/img/shirts/standard/shirt_17-110.png
1553,Stefan Ortega Moreno,Ortega Moreno,Ortega Moreno,https://fantasy.premierleague.com/dist/img/shirts/standard/shirt_17-110.png
261,Carlos Miguel dos Santos Pereira,C.Miguel,C.Miguel,https://fantasy.premierleague.com/dist/img/shirts/standard/shirt_17-110.png
1161,Matt Turner,Turner,Turner,https://fantasy.premierleague.com/dist/img/shirts/standard/shirt_17-110.png
1919,David Mota Veiga Teixeira do Carmo,David Carmo,David Carmo,https://fantasy.premierleague.com/dist/img/shirts/standard/shirt_17-110.png
1713,Willy Boly,Boly,Boly,https://fantasy.premierleague.com/dist/img/shirts/standard/shirt_17-110.png
885,João Pedro Ferreira da Silva,Jota,J. Silva,https://fantasy.premierleague.com/dist/img/shirts/standard/shirt_17-110.png
1008,Lewis O'Brien,O'Brien,L. O'Brien,https://fantasy.premierleague.com/dist/img/shirts/standard/shirt_17-110.png
480,Eric da Silva Moreira,Da Silva Moreira,Da Silva Moreira,https://fantasy.premierleague.com/dist/img/shirts/standard/shirt_17-110.png
1921,Marko Stamenić,Stamenic,Stamenic,https://fantasy.premierleague.com/dist/img/shirts/standard/shirt_17-110.png
113,Angus Gunn,Gunn,Gunn,https://fantasy.premierleague.com/dist/img/shirts/standard/shirt_17-110.png
1927,Luis Eduardo Soares da Silva,Cuiabano,Cuiabano,https://fantasy.premierleague.com/dist/img/shirts/standard/shirt_17-110.png
1929,Lorenzo Lucca,Lucca,Lucca,https://fantasy.premierleague.com/dist/img/shirts/standard/shirt_17-110.png
1931,Archie Whitehall,Whitehall,Whitehall,https://fantasy.premierleague.com/dist/img/shirts/standard/shirt_17-110.png
1932,Jimmy Sinclair,Sinclair,Sinclair,https://fantasy.premierleague.com/dist/img/shirts/standard/shirt_17-110.png
1933,Lamin Sillah,Sillah,Sillah,https://fantasy.premierleague.com/dist/img/shirts/standard/shirt_17-110.png
1538,Simon Moore,Moore,S. Moore,https://fantasy.premierleague.com/dist/img/shirts/standard/shirt_56-110.png
1935,Blondy Nna Noukeu,Nna Noukeu,Nna Noukeu,https://fantasy.premierleague.com/dist/img/shirts/standard/shirt_56-110.png
1938,Aji Alese,Alese,A. Alese,https://fantasy.premierleague.com/dist/img/shirts/standard/shirt_56-110.png
1939,Joe Anderson,Anderson,J. Anderson,https://fantasy.premierleague.com/dist/img/shirts/standard/shirt_56-110.png
1940,Dennis Cirkin,Cirkin,Cirkin,https://fantasy.premierleague.com/dist/img/shirts/standard/shirt_56-110.png
1274,Niall Huggins,Huggins,Huggins,https://fantasy.premierleague.com/dist/img/shirts/standard/shirt_56-110.png
1941,Zak Johnson,Johnson,Z. Johnson,https://fantasy.premierleague.com/dist/img/shirts/standard/shirt_56-110.png
1943,Timothée Pembélé,Pembele,Pembele,https://fantasy.premierleague.com/dist/img/shirts/standard/shirt_56-110.png
1947,Patrick Roberts,Roberts,P. Roberts,https://fantasy.premierleague.com/dist/img/shirts/standard/shirt_56-110.png
1948,Milan Aleksić,Aleksić,Aleksić,https://fantasy.premierleague.com/dist/img/shirts/standard/shirt_56-110.png
1950,Dan Neil,Neil,Neil,https://fantasy.premierleague.com/dist/img/shirts/standard/shirt_56-110.png
1951,Ian Poveda-Ocampo,Poveda,Poveda,https://fantasy.premierleague.com/dist/img/shirts/standard/shirt_56-110.png
1955,Abdoullah Ba,Ba,Ba,https://fantasy.premierleague.com/dist/img/shirts/standard/shirt_56-110.png
1956,Alan Browne,Browne,Browne,https://fantasy.premierleague.com/dist/img/shirts/standard/shirt_56-110.png
1377,Pierre Ekwah Elimby,Ekwah,Ekwah,https://fantasy.premierleague.com/dist/img/shirts/standard/shirt_56-110.png
1957,Harrison Jones,H.Jones,H.Jones,https://fantasy.premierleague.com/dist/img/shirts/standard/shirt_56-110.png
1958,Jay Matete,Matete,Matete,https://fantasy.premierleague.com/dist/img/shirts/standard/shirt_56-110.png
1959,Nectarios Triantis,Triantis,Triantis,https://fantasy.premierleague.com/dist/img/shirts/standard/shirt_56-110.png
1961,Eliezer Mayenda Dossou,Mayenda,Mayenda,https://fantasy.premierleague.com/dist/img/shirts/standard/shirt_56-110.png
1962,Ahmed Abdullahi,Abdullahi,Abdullahi,https://fantasy.premierleague.com/dist/img/shirts/standard/shirt_56-110.png
1963,Luís Hemir Silva Semedo,Luís Hemir,Luís Hemir,https://fantasy.premierleague.com/dist/img/shirts/standard/shirt_56-110.png
1964,Nazarii Rusyn,Rusyn,Rusyn,https://fantasy.premierleague.com/dist/img/shirts/standard/shirt_56-110.png
1968,Lutsharel Geertruida,Geertruida,Geertruida,https://fantasy.premierleague.com/dist/img/shirts/standard/shirt_56-110.png
197,Bertrand Traoré,Traoré,Traoré,https://fantasy.premierleague.com/dist/img/shirts/standard/shirt_56-110.png
1970,Jenson Jones,Jenson Jones,Jenson Jones,https://fantasy.premierleague.com/dist/img/shirts/standard/shirt_56-110.png
1971,Tymur Tutierov,Tutierov,Tutierov,https://fantasy.premierleague.com/dist/img/shirts/standard/shirt_56-110.png
1975,Jack Whittaker,Whittaker,Whittaker,https://fantasy.premierleague.com/dist/img/shirts/standard/shirt_56-110.png
1976,Jaydon Jones,Jones,J. Jones,https://fantasy.premierleague.com/dist/img/shirts/standard/shirt_56-110.png
1385,Radu Drăgușin,Dragusin,Dragusin,https://fantasy.premierleague.com/dist/img/shirts/standard/shirt_6-110.png
1977,Takai Kōta,Takai,Takai,https://fantasy.premierleague.com/dist/img/shirts/standard/shirt_6-110.png
1546,Son Heung-min,Son,Son,https://fantasy.premierleague.com/dist/img/shirts/standard/shirt_6-110.png
1737,Yves Bissouma,Bissouma,Bissouma,https://fantasy.premierleague.com/dist/img/shirts/standard/shirt_6-110.png
1081,Manor Solomon,Solomon,Solomon,https://fantasy.premierleague.com/dist/img/shirts/standard/shirt_6-110.png
228,Bryan Gil Salvatierra,Bryan,B. Salvatierra,https://fantasy.premierleague.com/dist/img/shirts/standard/shirt_6-110.png
1979,Yang Min-hyeok,Min-hyeok,Min-hyeok,https://fantasy.premierleague.com/dist/img/shirts/standard/shirt_6-110.png
1703,Will Lankshear,Lankshear,Lankshear,https://fantasy.premierleague.com/dist/img/shirts/standard/shirt_6-110.png
884,João Maria Lobo Alves Palhares Costa Palhinha Gonçalves,J.Palhinha,J.Palhinha,https://fantasy.premierleague.com/dist/img/shirts/standard/shirt_6-110.png
1982,Randal Kolo Muani,Kolo Muani,Kolo Muani,https://fantasy.premierleague.com/dist/img/shirts/standard/shirt_6-110.png
1985,Yusuf Akhamrich,Akhamrich,Akhamrich,https://fantasy.premierleague.com/dist/img/shirts/standard/shirt_6-110.png
1988,Rio Kyerematen,Kyerematen,Kyerematen,https://fantasy.premierleague.com/dist/img/shirts/standard/shirt_6-110.png
1989,James Wilson,Wilson,J. Wilson,https://fantasy.premierleague.com/dist/img/shirts/standard/shirt_6-110.png
25,Adama Traoré Diarra,Adama,Adama,https://fantasy.premierleague.com/dist/img/shirts/standard/shirt_21-110.png
80,Alphonse Areola,Areola,Areola,https://fantasy.premierleague.com/dist/img/shirts/standard/shirt_21-110.png
1689,Wes Foderingham,Foderingham,Foderingham,https://fantasy.premierleague.com/dist/img/shirts/standard/shirt_21-110.png
973,Krisztián Hegyi,Hegyi,Hegyi,https://fantasy.premierleague.com/dist/img/shirts/standard/shirt_21-110.png
461,Emerson Palmieri dos Santos,Emerson,Emerson,https://fantasy.premierleague.com/dist/img/shirts/standard/shirt_21-110.png
1991,Maximilian Kilman,Kilman,M. Kilman,https://fantasy.premierleague.com/dist/img/shirts/standard/shirt_21-110.png
965,Konstantinos Mavropanos,Mavropanos,Mavropanos,https://fantasy.premierleague.com/dist/img/shirts/standard/shirt_21-110.png
1268,Nayef Aguerd,N.Aguerd,N.Aguerd,https://fantasy.premierleague.com/dist/img/shirts/standard/shirt_21-110.png
1320,Ollie Scarles,Scarles,O. Scarles,https://fantasy.premierleague.com/dist/img/shirts/standard/shirt_21-110.png
1992,Jean-Clair Todibo,Todibo,J. Todibo,https://fantasy.premierleague.com/dist/img/shirts/standard/shirt_21-110.png
913,Kaelan Casey,Casey,K. Casey,https://fantasy.premierleague.com/dist/img/shirts/standard/shirt_21-110.png
1038,Lucas Tolentino Coelho de Lima,L.Paquetá,L.Paquetá,https://fantasy.premierleague.com/dist/img/shirts/standard/shirt_21-110.png
1641,Tomáš Souček,Souček,Souček,https://fantasy.premierleague.com/dist/img/shirts/standard/shirt_21-110.png
336,Crysencio Summerville,Summerville,Summerville,https://fantasy.premierleague.com/dist/img/shirts/standard/shirt_21-110.png
447,Edson Álvarez Velázquez,Álvarez,E. Velázquez,https://fantasy.premierleague.com/dist/img/shirts/standard/shirt_21-110.png
1191,Maxwel Cornet,Cornet,Cornet,https://fantasy.premierleague.com/dist/img/shirts/standard/shirt_21-110.png
586,Guido Rodríguez,G.Rodriguez,G.Rodriguez,https://fantasy.premierleague.com/dist/img/shirts/standard/shirt_21-110.png
1042,Luis Guilherme Lira dos Santos,L.Guilherme,L.Guilherme,https://fantasy.premierleague.com/dist/img/shirts/standard/shirt_21-110.png
566,George Earthy,Earthy,Earthy,https://fantasy.premierleague.com/dist/img/shirts/standard/shirt_21-110.png
109,Andy Irving,Irving,Irving,https://fantasy.premierleague.com/dist/img/shirts/standard/shirt_21-110.png
1009,Lewis Orford,Orford,Orford,https://fantasy.premierleague.com/dist/img/shirts/standard/shirt_21-110.png
1994,Freddie Potts,Potts,F. Potts,https://fantasy.premierleague.com/dist/img/shirts/standard/shirt_21-110.png
752,Jarrod Bowen,Bowen,Bowen,https://fantasy.premierleague.com/dist/img/shirts/standard/shirt_21-110.png
1276,Niclas Füllkrug,Füllkrug,Füllkrug,https://fantasy.premierleague.com/dist/img/shirts/standard/shirt_21-110.png
241,Callum Marshall,Marshall,Marshall,https://fantasy.premierleague.com/dist/img/shirts/standard/shirt_21-110.png
1995,Kyle Walker-Peters,Walker-Peters,Walker-Peters,https://fantasy.premierleague.com/dist/img/shirts/standard/shirt_21-110.png
1068,Mads Hermansen,Hermansen,Hermansen,https://fantasy.premierleague.com/dist/img/shirts/standard/shirt_21-110.png
1996,Soungoutou Magassa,S.Magassa,S.Magassa,https://fantasy.premierleague.com/dist/img/shirts/standard/shirt_21-110.png
1046,Lukasz Fabianski,Fabianski,Fabianski,https://fantasy.premierleague.com/dist/img/shirts/standard/shirt_21-110.png
494,Ezra Mayers,Mayers,Mayers,https://fantasy.premierleague.com/dist/img/shirts/standard/shirt_21-110.png
1997,Airidas Golambeckis,Golambeckis,Golambeckis,https://fantasy.premierleague.com/dist/img/shirts/standard/shirt_21-110.png
1998,Mohamadou Kanté,Mohamadou Kanté,Mohamadou Kanté,https://fantasy.premierleague.com/dist/img/shirts/standard/shirt_21-110.png
1999,Pablo Felipe Pereira de Jesus,Pablo,Pablo,https://fantasy.premierleague.com/dist/img/shirts/standard/shirt_21-110.png
2000,Valentín Castellanos,Taty,Taty,https://fantasy.premierleague.com/dist/img/shirts/standard/shirt_21-110.png
2001,Keiber Lamadrid,Lamadrid,Lamadrid,https://fantasy.premierleague.com/dist/img/shirts/standard/shirt_21-110.png
2002,Finlay Herrick,Herrick,Herrick,https://fantasy.premierleague.com/dist/img/shirts/standard/shirt_21-110.png
1481,Sam Johnstone,Johnstone,Johnstone,https://fantasy.premierleague.com/dist/img/shirts/standard/shirt_39-110.png
879,José Malheiro de Sá,José Sá,José Sá,https://fantasy.premierleague.com/dist/img/shirts/standard/shirt_39-110.png
354,Daniel Bentley,Bentley,D. Bentley,https://fantasy.premierleague.com/dist/img/shirts/standard/shirt_39-110.png
467,Emmanuel Agbadou,Agbadou,Agbadou,https://fantasy.premierleague.com/dist/img/shirts/standard/shirt_39-110.png
1155,Matt Doherty,Doherty,Doherty,https://fantasy.premierleague.com/dist/img/shirts/standard/shirt_39-110.png
628,Hugo Bueno López,H.Bueno,H.Bueno,https://fantasy.premierleague.com/dist/img/shirts/standard/shirt_39-110.png
1731,Yerson Mosquera Valdelamar,Mosquera,Y. Valdelamar,https://fantasy.premierleague.com/dist/img/shirts/standard/shirt_39-110.png
1433,Rodrigo Martins Gomes,R.Gomes,R.Gomes,https://fantasy.premierleague.com/dist/img/shirts/standard/shirt_39-110.png
1501,Santiago Ignacio Bueno,S.Bueno,S.Bueno,https://fantasy.premierleague.com/dist/img/shirts/standard/shirt_39-110.png
1645,Toti Gomes,Toti,Toti,https://fantasy.premierleague.com/dist/img/shirts/standard/shirt_39-110.png
2003,Ki-Jana Hoever,Hoever,K. Hoever,https://fantasy.premierleague.com/dist/img/shirts/standard/shirt_39-110.png
162,Bastien Meupiyou Menadjou,Meupiyou,Meupiyou,https://fantasy.premierleague.com/dist/img/shirts/standard/shirt_39-110.png
1362,Pedro Cardoso de Lima,Pedro Lima,Pedro Lima,https://fantasy.premierleague.com/dist/img/shirts/standard/shirt_39-110.png
71,Alfie Pond,Pond,Pond,https://fantasy.premierleague.com/dist/img/shirts/standard/shirt_39-110.png
630,Hwang Hee-chan,Hee Chan,Hee Chan,https://fantasy.premierleague.com/dist/img/shirts/standard/shirt_39-110.png
106,André Trindade da Costa Neto,André,André,https://fantasy.premierleague.com/dist/img/shirts/standard/shirt_39-110.png
770,Jean-Ricner Bellegarde,Bellegarde,Bellegarde,https://fantasy.premierleague.com/dist/img/shirts/standard/shirt_39-110.png
2004,Fer López González,Fer López,Fer López,https://fantasy.premierleague.com/dist/img/shirts/standard/shirt_39-110.png
1673,João Victor Gomes da Silva,J.Gomes,J.Gomes,https://fantasy.premierleague.com/dist/img/shirts/standard/shirt_39-110.png
581,Gonçalo Manuel Ganchinho Guedes,Guedes,Guedes,https://fantasy.premierleague.com/dist/img/shirts/standard/shirt_39-110.png
1116,Marshall Munetsi,Munetsi,Munetsi,https://fantasy.premierleague.com/dist/img/shirts/standard/shirt_39-110.png
210,Boubacar Traoré,B.Traore,B.Traore,https://fantasy.premierleague.com/dist/img/shirts/standard/shirt_39-110.png
1582,Tawanda Chirewa,Chirewa,Chirewa,https://fantasy.premierleague.com/dist/img/shirts/standard/shirt_39-110.png
1630,Tom Edozie,Edozie,T. Edozie,https://fantasy.premierleague.com/dist/img/shirts/standard/shirt_39-110.png
474,Enso González Medina,Gonzalez,Gonzalez,https://fantasy.premierleague.com/dist/img/shirts/standard/shirt_39-110.png
800,Joe Hodge,Hodge,J. Hodge,https://fantasy.premierleague.com/dist/img/shirts/standard/shirt_39-110.png
550,Fábio Soares Silva,Fábio Silva,Fábio Silva,https://fantasy.premierleague.com/dist/img/shirts/standard/shirt_39-110.png
1506,Saša Kalajdžić,Kalajdžić,S. Kalajdžić,https://fantasy.premierleague.com/dist/img/shirts/standard/shirt_39-110.png
996,Leon Chiwome,Chiwome,Chiwome,https://fantasy.premierleague.com/dist/img/shirts/standard/shirt_39-110.png
1258,Nathan Fraser,Fraser,N. Fraser,https://fantasy.premierleague.com/dist/img/shirts/standard/shirt_39-110.png
2005,Jhon Arias,J.Arias,J.Arias,https://fantasy.premierleague.com/dist/img/shirts/standard/shirt_39-110.png
2006,David Møller Wolfe,Møller Wolfe,Møller Wolfe,https://fantasy.premierleague.com/dist/img/shirts/standard/shirt_39-110.png
2007,Jackson Tchatchoua,Tchatchoua,Tchatchoua,https://fantasy.premierleague.com/dist/img/shirts/standard/shirt_39-110.png
2008,Ladislav Krejcí,Krejčí,Krejčí,https://fantasy.premierleague.com/dist/img/shirts/standard/shirt_39-110.png
2009,Tolu Arokodare,Tolu,Tolu,https://fantasy.premierleague.com/dist/img/shirts/standard/shirt_39-110.png
1137,Mateus Mané,Mané,M. Mané,https://fantasy.premierleague.com/dist/img/shirts/standard/shirt_39-110.png
2010,Saheed Olagunju,Olagunju,Olagunju,https://fantasy.premierleague.com/dist/img/shirts/standard/shirt_39-110.png
2011,Luke Rawlings,Rawlings,Rawlings,https://fantasy.premierleague.com/dist/img/shirts/standard/shirt_39-110.png
1595,Temple Ojinnaka,Ojinnaka,Ojinnaka,https://fantasy.premierleague.com/dist/img/shirts/standard/shirt_39-110.png
2012,Ethan Sutherland,Sutherland,Sutherland,https://fantasy.premierleague.com/dist/img/shirts/standard/shirt_39-110.png
2013,Jerome Abbey,Abbey,Abbey,https://fantasy.premierleague.com/dist/img/shirts/standard/shirt_39-110.png
2014,Angel Gomes,Angel,Angel,https://fantasy.premierleague.com/dist/img/shirts/standard/shirt_39-110.png
16,Adam Armstrong,Armstrong,A. Armstrong,https://fantasy.premierleague.com/dist/img/shirts/standard/shirt_39-110.png
2015,Alfie Brooks,Brooks,A. Brooks,https://fantasy.premierleague.com/dist/img/shirts/standard/shirt_39-110.png
2016,Josh Gracey,Gracey,Gracey,https://fantasy.premierleague.com/dist/img/shirts/standard/shirt_39-110.png
385,David Raya Martín,Raya,Raya,https://fantasy.premierleague.com/dist/img/shirts/standard/shirt_3-110.png
942,Kepa Arrizabalaga Revuelta,Arrizabalaga,Arrizabalaga,https://fantasy.premierleague.com/dist/img/shirts/standard/shirt_3-110.png
646,Illan Meslier,Meslier,Meslier,https://fantasy.premierleague.com/dist/img/shirts/standard/shirt_3-110.png
555,Gabriel dos Santos Magalhães,Gabriel,Gabriel,https://fantasy.premierleague.com/dist/img/shirts/standard/shirt_3-110.png
902,Jurriën Timber,J.Timber,J.Timber,https://fantasy.premierleague.com/dist/img/shirts/standard/shirt_3-110.png
1708,William Saliba,Saliba,Saliba,https://fantasy.premierleague.com/dist/img/shirts/standard/shirt_3-110.png
1244,Myles Lewis-Skelly,Lewis-Skelly,Lewis-Skelly,https://fantasy.premierleague.com/dist/img/shirts/standard/shirt_3-110.png
1412,Riccardo Calafiori,Calafiori,Calafiori,https://fantasy.premierleague.com/dist/img/shirts/standard/shirt_3-110.png
1762,Piero Hincapié,Hincapie,Hincapie,https://fantasy.premierleague.com/dist/img/shirts/standard/shirt_3-110.png
191,Benjamin White,White,B. White,https://fantasy.premierleague.com/dist/img/shirts/standard/shirt_3-110.png
1758,Cristhian Mosquera,Mosquera,C. Mosquera,https://fantasy.premierleague.com/dist/img/shirts/standard/shirt_3-110.png
230,Bukayo Saka,Saka,Saka,https://fantasy.premierleague.com/dist/img/shirts/standard/shirt_3-110.png
391,Declan Rice,Rice,Rice,https://fantasy.premierleague.com/dist/img/shirts/standard/shirt_3-110.png
439,Eberechi Eze,Eze,Eze,https://fantasy.premierleague.com/dist/img/shirts/standard/shirt_3-110.png
1121,Martin Ødegaard,Ødegaard,Ødegaard,https://fantasy.premierleague.com/dist/img/shirts/standard/shirt_3-110.png
1293,Noni Madueke,Madueke,Madueke,https://fantasy.premierleague.com/dist/img/shirts/standard/shirt_3-110.png
1218,Mikel Merino Zazón,Merino,Merino,https://fantasy.premierleague.com/dist/img/shirts/standard/shirt_3-110.png
552,Gabriel Martinelli Silva,Martinelli,Martinelli,https://fantasy.premierleague.com/dist/img/shirts/standard/shirt_3-110.png
1757,Martín Zubimendi Ibáñez,Zubimendi,Zubimendi,https://fantasy.premierleague.com/dist/img/shirts/standard/shirt_3-110.png
1760,Max Dowman,Dowman,Dowman,https://fantasy.premierleague.com/dist/img/shirts/standard/shirt_3-110.png
487,Ethan Nwaneri,Nwaneri,Nwaneri,https://fantasy.premierleague.com/dist/img/shirts/standard/shirt_3-110.png
548,Fábio Ferreira Vieira,Fábio Vieira,Fábio Vieira,https://fantasy.premierleague.com/dist/img/shirts/standard/shirt_3-110.png
1399,Reiss Nelson,Nelson,R. Nelson,https://fantasy.premierleague.com/dist/img/shirts/standard/shirt_3-110.png
1759,Viktor Gyökeres,Gyökeres,Gyökeres,https://fantasy.premierleague.com/dist/img/shirts/standard/shirt_3-110.png
914,Kai Havertz,Havertz,Havertz,https://fantasy.premierleague.com/dist/img/shirts/standard/shirt_3-110.png
551,Gabriel Fernando de Jesus,G.Jesus,G.Jesus,https://fantasy.premierleague.com/dist/img/shirts/standard/shirt_3-110.png
495,Ezri Konsa Ngoyo,Konsa,Konsa,https://fantasy.premierleague.com/dist/img/shirts/standard/shirt_3-110.png
227,Bruno Guimarães Rodriguez Moura,Bruno G.,Bruno G.,https://fantasy.premierleague.com/dist/img/shirts/standard/shirt_3-110.png
309,Christos Tzolis,Tzolis,Tzolis,https://fantasy.premierleague.com/dist/img/shirts/standard/shirt_3-110.png
1764,Marco Bizot,M.Bizot,M.Bizot,https://fantasy.premierleague.com/dist/img/shirts/standard/shirt_7-110.png
1036,Lucas Digne,Digne,Digne,https://fantasy.premierleague.com/dist/img/shirts/standard/shirt_7-110.png
1173,Matty Cash,Cash,M. Cash,https://fantasy.premierleague.com/dist/img/shirts/standard/shirt_7-110.png
1666,Tyrone Mings,Mings,Mings,https://fantasy.premierleague.com/dist/img/shirts/standard/shirt_7-110.png
1357,Pau Torres,Pau,Pau,https://fantasy.premierleague.com/dist/img/shirts/standard/shirt_7-110.png
981,Lamare Bogarde,Bogarde,Bogarde,https://fantasy.premierleague.com/dist/img/shirts/standard/shirt_7-110.png
636,Ian Maatsen,Maatsen,Maatsen,https://fantasy.premierleague.com/dist/img/shirts/standard/shirt_7-110.png
1672,Victor Lindelöf,Lindelöf,Lindelöf,https://fantasy.premierleague.com/dist/img/shirts/standard/shirt_7-110.png
107,Andrés García,A.García,A.García,https://fantasy.premierleague.com/dist/img/shirts/standard/shirt_7-110.png
968,Kosta Nedeljkovic,Nedeljkovic,Nedeljkovic,https://fantasy.premierleague.com/dist/img/shirts/standard/shirt_7-110.png
464,Emiliano Buendía Stati,Buendía,Buendía,https://fantasy.premierleague.com/dist/img/shirts/standard/shirt_7-110.png
995,Leon Bailey,Bailey,Bailey,https://fantasy.premierleague.com/dist/img/shirts/standard/shirt_7-110.png
823,John McGinn,McGinn,McGinn,https://fantasy.premierleague.com/dist/img/shirts/standard/shirt_7-110.png
1449,Ross Barkley,Barkley,Barkley,https://fantasy.premierleague.com/dist/img/shirts/standard/shirt_7-110.png
209,Boubacar Kamara,Kamara,B. Kamara,https://fantasy.premierleague.com/dist/img/shirts/standard/shirt_7-110.png
84,Amadou Onana,Onana,A. Onana,https://fantasy.premierleague.com/dist/img/shirts/standard/shirt_7-110.png
1495,Samuel Iling-Junior,Iling Jr,Iling Jr,https://fantasy.premierleague.com/dist/img/shirts/standard/shirt_7-110.png
1769,Bradley Burrowes,Burrowes,Burrowes,https://fantasy.premierleague.com/dist/img/shirts/standard/shirt_7-110.png
1770,George Hemmings,George Hemmings,George Hemmings,https://fantasy.premierleague.com/dist/img/shirts/standard/shirt_7-110.png
1774,Alysson Edward Franco da Rocha dos Santos,Alysson,Alysson,https://fantasy.premierleague.com/dist/img/shirts/standard/shirt_7-110.png
2017,Johan Manzambi,Manzambi,Manzambi,https://fantasy.premierleague.com/dist/img/shirts/standard/shirt_7-110.png
2018,Joao Gomes,Gomes,J. Gomes,https://fantasy.premierleague.com/dist/img/shirts/standard/shirt_7-110.png
1321,Ollie Watkins,Watkins,Watkins,https://fantasy.premierleague.com/dist/img/shirts/standard/shirt_7-110.png
1577,Tammy Abraham,Abraham,Abraham,https://fantasy.premierleague.com/dist/img/shirts/standard/shirt_7-110.png
44,Alejandro Garnacho Ferreyra,Garnacho,Garnacho,https://fantasy.premierleague.com/dist/img/shirts/standard/shirt_7-110.png
1279,Nicolas Jackson,N.Jackson,N.Jackson,https://fantasy.premierleague.com/dist/img/shirts/standard/shirt_7-110.png
2019,Brian Madjo,Madjo,Madjo,https://fantasy.premierleague.com/dist/img/shirts/standard/shirt_7-110.png
2116,Matteo Ruggeri,Ruggeri,Ruggeri,https://fantasy.premierleague.com/dist/img/shirts/standard/shirt_7-110.png
2117,Zion Suzuki,Suzuki,Suzuki,https://fantasy.premierleague.com/dist/img/shirts/standard/shirt_7-110.png
1768,Triston Rowe,Rowe,T. Rowe,https://fantasy.premierleague.com/dist/img/shirts/standard/shirt_7-110.png
2120,Luka Lynch,Lynch,Lynch,https://fantasy.premierleague.com/dist/img/shirts/standard/shirt_7-110.png
1993,Aaron Wan-Bissaka,Wan-Bissaka,A. Wan-Bissaka,https://fantasy.premierleague.com/dist/img/shirts/standard/shirt_7-110.png
2126,Leon Goretzka,Goretzka,Goretzka,https://fantasy.premierleague.com/dist/img/shirts/standard/shirt_7-110.png
2135,Taylor Harwood-Bellis,Harwood-Bellis,T. Harwood-Bellis,https://fantasy.premierleague.com/dist/img/shirts/standard/shirt_7-110.png
2136,Ibrahim Mbaye,Mbaye,Mbaye,https://fantasy.premierleague.com/dist/img/shirts/standard/shirt_7-110.png
1755,Đorđe Petrović,Petrović,Petrović,https://fantasy.premierleague.com/dist/img/shirts/standard/shirt_91-110.png
540,Fraser Forster,Forster,Forster,https://fantasy.premierleague.com/dist/img/shirts/standard/shirt_91-110.png
1700,Will Dennis,Dennis,W. Dennis,https://fantasy.premierleague.com/dist/img/shirts/standard/shirt_91-110.png
721,James Hill,Hill,Hill,https://fantasy.premierleague.com/dist/img/shirts/standard/shirt_91-110.png
1793,Adrien Truffert,Truffert,Truffert,https://fantasy.premierleague.com/dist/img/shirts/standard/shirt_91-110.png
1798,Bafodé Diakité,Diakité,Diakité,https://fantasy.premierleague.com/dist/img/shirts/standard/shirt_91-110.png
1802,Veljko Milosavljevic,Milosavljević,Milosavljević,https://fantasy.premierleague.com/dist/img/shirts/standard/shirt_91-110.png
22,Adam Smith,Smith,A. Smith,https://fantasy.premierleague.com/dist/img/shirts/standard/shirt_91-110.png
897,Julián Araujo Zúñiga,J.Araujo,J.Araujo,https://fantasy.premierleague.com/dist/img/shirts/standard/shirt_91-110.png
896,Julio Soler Barreto,Soler,J. Barreto,https://fantasy.premierleague.com/dist/img/shirts/standard/shirt_91-110.png
1807,Rayan Vitor Simplício Rocha,Rayan,Rayan,https://fantasy.premierleague.com/dist/img/shirts/standard/shirt_91-110.png
1108,Marcus Tavernier,Tavernier,Tavernier,https://fantasy.premierleague.com/dist/img/shirts/standard/shirt_91-110.png
58,Alex Scott,Scott,Scott,https://fantasy.premierleague.com/dist/img/shirts/standard/shirt_91-110.png
905,Justin Kluivert,Kluivert,Kluivert,https://fantasy.premierleague.com/dist/img/shirts/standard/shirt_91-110.png
1002,Lewis Cook,Cook,L. Cook,https://fantasy.premierleague.com/dist/img/shirts/standard/shirt_91-110.png
1797,Ben Gannon-Doak,Gannon-Doak,Gannon-Doak,https://fantasy.premierleague.com/dist/img/shirts/standard/shirt_91-110.png
1655,Tyler Adams,Adams,T. Adams,https://fantasy.premierleague.com/dist/img/shirts/standard/shirt_91-110.png
378,David Brooks,Brooks,D. Brooks,https://fantasy.premierleague.com/dist/img/shirts/standard/shirt_91-110.png
1458,Ryan Christie,Christie,R. Christie,https://fantasy.premierleague.com/dist/img/shirts/standard/shirt_91-110.png
1805,Alex Tóth,Tóth.A,Tóth.A,https://fantasy.premierleague.com/dist/img/shirts/standard/shirt_91-110.png
1800,Amine Adli,Adli,Adli,https://fantasy.premierleague.com/dist/img/shirts/standard/shirt_91-110.png
1796,Junior Kroupi,Kroupi.Jr,Kroupi.Jr,https://fantasy.premierleague.com/dist/img/shirts/standard/shirt_91-110.png
532,Francisco Evanilson de Lima Barbosa,Evanilson,Evanilson,https://fantasy.premierleague.com/dist/img/shirts/standard/shirt_91-110.png
471,Enes Ünal,Enes Ünal,Enes Ünal,https://fantasy.premierleague.com/dist/img/shirts/standard/shirt_91-110.png
2020,Álvaro Rodríguez,Rodríguez,Á. Rodríguez,https://fantasy.premierleague.com/dist/img/shirts/standard/shirt_91-110.png
2021,António João Pereira de Albuquerque Tavares da Silva,Silva,A. Silva,https://fantasy.premierleague.com/dist/img/shirts/standard/shirt_91-110.png
2022,Juanlu Sánchez,Sanchez,Sanchez,https://fantasy.premierleague.com/dist/img/shirts/standard/shirt_91-110.png
361,Daniel Jebbison,Jebbison,Jebbison,https://fantasy.premierleague.com/dist/img/shirts/standard/shirt_91-110.png
2122,Michele Di Gregorio,Di Gregorio,Di Gregorio,https://fantasy.premierleague.com/dist/img/shirts/standard/shirt_91-110.png
255,Caoimhín Kelleher,Kelleher,Kelleher,https://fantasy.premierleague.com/dist/img/shirts/standard/shirt_94-110.png
632,Hákon Rafn Valdimarsson,Valdimarsson,Valdimarsson,https://fantasy.premierleague.com/dist/img/shirts/standard/shirt_94-110.png
1256,Nathan Collins,Collins,Collins,https://fantasy.premierleague.com/dist/img/shirts/standard/shirt_94-110.png
1519,Sepp van den Berg,Van den Berg,Van den Berg,https://fantasy.premierleague.com/dist/img/shirts/standard/shirt_94-110.png
933,Keane Lewis-Potter,Lewis-Potter,Lewis-Potter,https://fantasy.premierleague.com/dist/img/shirts/standard/shirt_94-110.png
971,Kristoffer Ajer,Ajer,Ajer,https://fantasy.premierleague.com/dist/img/shirts/standard/shirt_94-110.png
1202,Michael Kayode,Kayode,Kayode,https://fantasy.premierleague.com/dist/img/shirts/standard/shirt_94-110.png
1416,Rico Henry,Henry,Henry,https://fantasy.premierleague.com/dist/img/shirts/standard/shirt_94-110.png
4,Aaron Hickey,Hickey,Hickey,https://fantasy.premierleague.com/dist/img/shirts/standard/shirt_94-110.png
961,Kim Ji-soo,Ji-soo,Ji-soo,https://fantasy.premierleague.com/dist/img/shirts/standard/shirt_94-110.png
2023,Jannik Schuster,Schuster,Schuster,https://fantasy.premierleague.com/dist/img/shirts/standard/shirt_94-110.png
948,Kevin Schade,Schade,Schade,https://fantasy.premierleague.com/dist/img/shirts/standard/shirt_94-110.png
350,Dango Ouattara,O.Dango,O.Dango,https://fantasy.premierleague.com/dist/img/shirts/standard/shirt_94-110.png
1220,Mikkel Damsgaard,Damsgaard,Damsgaard,https://fantasy.premierleague.com/dist/img/shirts/standard/shirt_94-110.png
1146,Mathias Jensen,Jensen,Jensen,https://fantasy.premierleague.com/dist/img/shirts/standard/shirt_94-110.png
1679,Vitaly Janelt,Janelt,Janelt,https://fantasy.premierleague.com/dist/img/shirts/standard/shirt_94-110.png
1808,Antoni Milambo,Milambo,Milambo,https://fantasy.premierleague.com/dist/img/shirts/standard/shirt_94-110.png
549,Fábio Freitas Gouveia Carvalho,Carvalho,F. Carvalho,https://fantasy.premierleague.com/dist/img/shirts/standard/shirt_94-110.png
1729,Yehor Yarmoliuk,Yarmoliuk,Y. Yarmoliuk,https://fantasy.premierleague.com/dist/img/shirts/standard/shirt_94-110.png
863,Josh Dasilva,Dasilva,J. Dasilva,https://fantasy.premierleague.com/dist/img/shirts/standard/shirt_94-110.png
702,Jaidon Anthony,Anthony,Anthony,https://fantasy.premierleague.com/dist/img/shirts/standard/shirt_94-110.png
643,Igor Thiago Nascimento Rodrigues,Thiago,I. Rodrigues,https://fantasy.premierleague.com/dist/img/shirts/standard/shirt_94-110.png
1811,Kaye Furo,Furo,Furo,https://fantasy.premierleague.com/dist/img/shirts/standard/shirt_94-110.png
245,Callum Wilson,Wilson,C. Wilson,https://fantasy.premierleague.com/dist/img/shirts/standard/shirt_94-110.png
2024,Mamadou Sangaré,M.Sangaré,M.Sangaré,https://fantasy.premierleague.com/dist/img/shirts/standard/shirt_94-110.png
1990,El Hadji Malick Diouf,Diouf,Diouf,https://fantasy.premierleague.com/dist/img/shirts/standard/shirt_94-110.png
160,Bart Verbruggen,Verbruggen,Verbruggen,https://fantasy.premierleague.com/dist/img/shirts/standard/shirt_36-110.png
753,Jason Steele,Steele,Steele,https://fantasy.premierleague.com/dist/img/shirts/standard/shirt_36-110.png
1820,Ferdi Kadıoğlu,F.Kadıoğlu,F.Kadıoğlu,https://fantasy.premierleague.com/dist/img/shirts/standard/shirt_36-110.png
1817,Olivier Boscagli,Boscagli,Boscagli,https://fantasy.premierleague.com/dist/img/shirts/standard/shirt_36-110.png
1819,Maxim De Cuyper,De Cuyper,De Cuyper,https://fantasy.premierleague.com/dist/img/shirts/standard/shirt_36-110.png
1004,Lewis Dunk,Dunk,Dunk,https://fantasy.premierleague.com/dist/img/shirts/standard/shirt_36-110.png
1818,Diego Coppola,Coppola,Coppola,https://fantasy.premierleague.com/dist/img/shirts/standard/shirt_36-110.png
642,Igor Julio dos Santos de Paulo,Igor,Igor,https://fantasy.premierleague.com/dist/img/shirts/standard/shirt_36-110.png
2025,João Pedro Loureiro da Costa,Costinha,Costinha,https://fantasy.premierleague.com/dist/img/shirts/standard/shirt_36-110.png
2026,Michael Svoboda,Svoboda,Svoboda,https://fantasy.premierleague.com/dist/img/shirts/standard/shirt_36-110.png
1226,Mitoma Kaoru,Mitoma,Mitoma,https://fantasy.premierleague.com/dist/img/shirts/standard/shirt_36-110.png
1725,Yankuba Minteh,Minteh,Minteh,https://fantasy.premierleague.com/dist/img/shirts/standard/shirt_36-110.png
677,Jack Hinshelwood,Hinshelwood,Hinshelwood,https://fantasy.premierleague.com/dist/img/shirts/standard/shirt_36-110.png
1349,Pascal Groß,Groß,Groß,https://fantasy.premierleague.com/dist/img/shirts/standard/shirt_36-110.png
571,Georginio Rutter,Georginio,Georginio,https://fantasy.premierleague.com/dist/img/shirts/standard/shirt_36-110.png
1157,Matt O'Riley,O'Riley,O'Riley,https://fantasy.premierleague.com/dist/img/shirts/standard/shirt_36-110.png
408,Diego Gómez Amarilla,Gomez,D. Amarilla,https://fantasy.premierleague.com/dist/img/shirts/standard/shirt_36-110.png
503,Facundo Buonanotte,Buonanotte,Buonanotte,https://fantasy.premierleague.com/dist/img/shirts/standard/shirt_36-110.png
1726,Yasin Ayari,Ayari,Ayari,https://fantasy.premierleague.com/dist/img/shirts/standard/shirt_36-110.png
1153,Mats Wieffer,Wieffer,Wieffer,https://fantasy.premierleague.com/dist/img/shirts/standard/shirt_36-110.png
607,Harry Howell,Howell,Howell,https://fantasy.premierleague.com/dist/img/shirts/standard/shirt_36-110.png
1822,Tom Watson,Watson,T. Watson,https://fantasy.premierleague.com/dist/img/shirts/standard/shirt_36-110.png
1826,Nehemiah Oriola,Oriola,Oriola,https://fantasy.premierleague.com/dist/img/shirts/standard/shirt_36-110.png
2027,Zadok Yohanna,Yohanna,Yohanna,https://fantasy.premierleague.com/dist/img/shirts/standard/shirt_36-110.png
1824,Stefanos Tzimas,Tzimas,Tzimas,https://fantasy.premierleague.com/dist/img/shirts/standard/shirt_36-110.png
1825,Charalampos Kostoulas,Kostoulas,Kostoulas,https://fantasy.premierleague.com/dist/img/shirts/standard/shirt_36-110.png
492,Evan Ferguson,Ferguson,E. Ferguson,https://fantasy.premierleague.com/dist/img/shirts/standard/shirt_36-110.png
1350,Pascal Struijk,Struijk,Struijk,https://fantasy.premierleague.com/dist/img/shirts/standard/shirt_36-110.png
1978,Luka Vušković,Vuskovic,Vuskovic,https://fantasy.premierleague.com/dist/img/shirts/standard/shirt_36-110.png
2028,Promise David,David,David,https://fantasy.premierleague.com/dist/img/shirts/standard/shirt_36-110.png
637,Ibrahim Osman,Osman,Osman,https://fantasy.premierleague.com/dist/img/shirts/standard/shirt_36-110.png
1823,Malick Yalcouyé,Yalcouyé,Yalcouyé,https://fantasy.premierleague.com/dist/img/shirts/standard/shirt_36-110.png
2123,Jaouen Hadjam,Hadjam,Hadjam,https://fantasy.premierleague.com/dist/img/shirts/standard/shirt_36-110.png
87,Amario Cozier-Duberry,Cozier-Duberry,Cozier-Duberry,https://fantasy.premierleague.com/dist/img/shirts/standard/shirt_36-110.png
2137,José María Andrés Baixauli,Andrés,Andrés,https://fantasy.premierleague.com/dist/img/shirts/standard/shirt_36-110.png
466,Emiliano Martínez Romero,Martinez,E. Romero,https://fantasy.premierleague.com/dist/img/shirts/standard/shirt_8-110.png
1236,Morgan Rogers,Rogers,Rogers,https://fantasy.premierleague.com/dist/img/shirts/standard/shirt_8-110.png
840,Jordan Henderson,Henderson,J. Henderson,https://fantasy.premierleague.com/dist/img/shirts/standard/shirt_8-110.png
369,Danny Welbeck,Welbeck,Welbeck,https://fantasy.premierleague.com/dist/img/shirts/standard/shirt_8-110.png
1425,Robert Lynch Sánchez,Sánchez,R. Sánchez,https://fantasy.premierleague.com/dist/img/shirts/standard/shirt_8-110.png
519,Filip Jörgensen,Jörgensen,Jörgensen,https://fantasy.premierleague.com/dist/img/shirts/standard/shirt_8-110.png
1397,Reece James,James,R. James,https://fantasy.premierleague.com/dist/img/shirts/standard/shirt_8-110.png
1649,Trevoh Chalobah,Chalobah,T. Chalobah,https://fantasy.premierleague.com/dist/img/shirts/standard/shirt_8-110.png
1079,Malo Gusto,Gusto,Gusto,https://fantasy.premierleague.com/dist/img/shirts/standard/shirt_8-110.png
1692,Wesley Fofana,Fofana,W. Fofana,https://fantasy.premierleague.com/dist/img/shirts/standard/shirt_8-110.png
192,Benoît Badiashile Mukinayi,B.Badiashile,B.Badiashile,https://fantasy.premierleague.com/dist/img/shirts/standard/shirt_8-110.png
1833,Jorrel Hato,Hato,Hato,https://fantasy.premierleague.com/dist/img/shirts/standard/shirt_8-110.png
999,Levi Samuels Colwill,Colwill,Colwill,https://fantasy.premierleague.com/dist/img/shirts/standard/shirt_8-110.png
1828,Mamadou Sarr,M.Sarr,M.Sarr,https://fantasy.premierleague.com/dist/img/shirts/standard/shirt_8-110.png
857,Josh Acheampong,Acheampong,Acheampong,https://fantasy.premierleague.com/dist/img/shirts/standard/shirt_8-110.png
2029,Marco Palestra,Palestra,Palestra,https://fantasy.premierleague.com/dist/img/shirts/standard/shirt_8-110.png
319,Cole Palmer,Palmer,C. Palmer,https://fantasy.premierleague.com/dist/img/shirts/standard/shirt_8-110.png
1363,Pedro Lomba Neto,Neto,P. Neto,https://fantasy.premierleague.com/dist/img/shirts/standard/shirt_8-110.png
1829,Estêvão Almeida de Oliveira Gonçalves,Estêvão,Estêvão,https://fantasy.premierleague.com/dist/img/shirts/standard/shirt_8-110.png
1830,Jamie Bynoe-Gittens,Gittens,Gittens,https://fantasy.premierleague.com/dist/img/shirts/standard/shirt_8-110.png
1234,Moisés Caicedo Corozo,Caicedo,Caicedo,https://fantasy.premierleague.com/dist/img/shirts/standard/shirt_8-110.png
1445,Roméo Lavia,Lavia,Lavia,https://fantasy.premierleague.com/dist/img/shirts/standard/shirt_8-110.png
1831,Dário Luís Essugo,D.Essugo,D.Essugo,https://fantasy.premierleague.com/dist/img/shirts/standard/shirt_8-110.png
2030,Geovany Quenda,Quenda,Quenda,https://fantasy.premierleague.com/dist/img/shirts/standard/shirt_8-110.png
886,João Pedro Junqueira de Jesus,João Pedro,João Pedro,https://fantasy.premierleague.com/dist/img/shirts/standard/shirt_8-110.png
1088,Marc Guiu Paz,Marc Guiu,Marc Guiu,https://fantasy.premierleague.com/dist/img/shirts/standard/shirt_8-110.png
1534,Shumaira Mheuka,Mheuka,Mheuka,https://fantasy.premierleague.com/dist/img/shirts/standard/shirt_8-110.png
2031,Emmanuel Emegha,Emegha,Emegha,https://fantasy.premierleague.com/dist/img/shirts/standard/shirt_8-110.png
1187,Maxence Lacroix,Lacroix,Lacroix,https://fantasy.premierleague.com/dist/img/shirts/standard/shirt_8-110.png
1827,Mike Penders,Penders,Penders,https://fantasy.premierleague.com/dist/img/shirts/standard/shirt_8-110.png
1,Aaron Anselmino,Anselmino,Anselmino,https://fantasy.premierleague.com/dist/img/shirts/standard/shirt_8-110.png
1668,Valentín Barco,Barco,Barco,https://fantasy.premierleague.com/dist/img/shirts/standard/shirt_8-110.png
2032,Pep Chavarría,Chavarria,Chavarria,https://fantasy.premierleague.com/dist/img/shirts/standard/shirt_8-110.png
488,Ethan Pinnock,Pinnock,Pinnock,https://fantasy.premierleague.com/dist/img/shirts/standard/shirt_9-110.png
538,Frank Onyeka,Onyeka,Onyeka,https://fantasy.premierleague.com/dist/img/shirts/standard/shirt_9-110.png
256,Carl Rushworth,Rushworth,Rushworth,https://fantasy.premierleague.com/dist/img/shirts/standard/shirt_9-110.png
2033,Oliver Dovin,Dovin,Dovin,https://fantasy.premierleague.com/dist/img/shirts/standard/shirt_9-110.png
2034,Ben Wilson,Wilson,B. Wilson,https://fantasy.premierleague.com/dist/img/shirts/standard/shirt_9-110.png
208,Bobby Thomas,Thomas,B. Thomas,https://fantasy.premierleague.com/dist/img/shirts/standard/shirt_9-110.png
2035,Liam Kitching,Kitching,Kitching,https://fantasy.premierleague.com/dist/img/shirts/standard/shirt_9-110.png
2036,Milan van Ewijk,van Ewijk,van Ewijk,https://fantasy.premierleague.com/dist/img/shirts/standard/shirt_9-110.png
2037,Jay Dasilva,Dasilva,J. Dasilva,https://fantasy.premierleague.com/dist/img/shirts/standard/shirt_9-110.png
2038,Kaine Kesler-Hayden,Kesler-Hayden,Kesler-Hayden,https://fantasy.premierleague.com/dist/img/shirts/standard/shirt_9-110.png
2039,Jake Bidwell,Bidwell,Bidwell,https://fantasy.premierleague.com/dist/img/shirts/standard/shirt_9-110.png
2040,Joel Latibeaudiere,Latibeaudiere,Latibeaudiere,https://fantasy.premierleague.com/dist/img/shirts/standard/shirt_9-110.png
1058,Luke Woolfenden,Woolfenden,Woolfenden,https://fantasy.premierleague.com/dist/img/shirts/standard/shirt_9-110.png
2041,Miguel Brau,Brau,Brau,https://fantasy.premierleague.com/dist/img/shirts/standard/shirt_9-110.png
2042,Aurèle Amenda,Amenda,Amenda,https://fantasy.premierleague.com/dist/img/shirts/standard/shirt_9-110.png
2043,Jack Rudoni,Rudoni,Rudoni,https://fantasy.premierleague.com/dist/img/shirts/standard/shirt_9-110.png
2044,Matt Grimes,Grimes,Grimes,https://fantasy.premierleague.com/dist/img/shirts/standard/shirt_9-110.png
2045,Tatsuhiro Sakamoto,Sakamoto,Sakamoto,https://fantasy.premierleague.com/dist/img/shirts/standard/shirt_9-110.png
2046,Ephron Mason-Clark,Mason-Clark,Mason-Clark,https://fantasy.premierleague.com/dist/img/shirts/standard/shirt_9-110.png
2047,Josh Eccles,Eccles,Eccles,https://fantasy.premierleague.com/dist/img/shirts/standard/shirt_9-110.png
2048,Victor Torp,Torp,Torp,https://fantasy.premierleague.com/dist/img/shirts/standard/shirt_9-110.png
2049,George Shepherd,Shepherd,Shepherd,https://fantasy.premierleague.com/dist/img/shirts/standard/shirt_9-110.png
1784,Loum Tchaouna,Tchaouna,Tchaouna,https://fantasy.premierleague.com/dist/img/shirts/standard/shirt_9-110.png
2050,Raphael Borges Rodrigues,Borges Rodrigues,Borges Rodrigues,https://fantasy.premierleague.com/dist/img/shirts/standard/shirt_9-110.png
2051,Kai Andrews,Andrews,Andrews,https://fantasy.premierleague.com/dist/img/shirts/standard/shirt_9-110.png
2052,Haji Wright,Wright,H. Wright,https://fantasy.premierleague.com/dist/img/shirts/standard/shirt_9-110.png
2053,Brandon Thomas-Asante,Thomas-Asante,Thomas-Asante,https://fantasy.premierleague.com/dist/img/shirts/standard/shirt_9-110.png
458,Ellis Simms,Simms,Simms,https://fantasy.premierleague.com/dist/img/shirts/standard/shirt_9-110.png
2054,Jahnoah Markelo,Markelo,Markelo,https://fantasy.premierleague.com/dist/img/shirts/standard/shirt_9-110.png
2055,Norman Bassette,Bassette,Bassette,https://fantasy.premierleague.com/dist/img/shirts/standard/shirt_9-110.png
1575,Taiwo Awoniyi,Awoniyi,Awoniyi,https://fantasy.premierleague.com/dist/img/shirts/standard/shirt_9-110.png
2056,Caleb Yirenkyi,Yirenkyi,Yirenkyi,https://fantasy.premierleague.com/dist/img/shirts/standard/shirt_9-110.png
587,Gustavo Hamer,Hamer,Hamer,https://fantasy.premierleague.com/dist/img/shirts/standard/shirt_9-110.png
2118,Sidiki Cherif,Cherif,Cherif,https://fantasy.premierleague.com/dist/img/shirts/standard/shirt_9-110.png
2130,Dan Bentley,Bentley,D. Bentley,https://fantasy.premierleague.com/dist/img/shirts/standard/shirt_9-110.png
1843,Evann Guessand,Guessand,Guessand,https://fantasy.premierleague.com/dist/img/shirts/standard/shirt_31-110.png
149,Axel Disasi,Disasi,Disasi,https://fantasy.premierleague.com/dist/img/shirts/standard/shirt_31-110.png
389,Dean Henderson,Henderson,D. Henderson,https://fantasy.premierleague.com/dist/img/shirts/standard/shirt_31-110.png
1840,Walter Benítez,Benitez,Benitez,https://fantasy.premierleague.com/dist/img/shirts/standard/shirt_31-110.png
293,Chris Richards,Richards,C. Richards,https://fantasy.premierleague.com/dist/img/shirts/standard/shirt_31-110.png
1846,Jaydee Canvot,Canvot,Canvot,https://fantasy.premierleague.com/dist/img/shirts/standard/shirt_31-110.png
1664,Tyrick Mitchell,Mitchell,T. Mitchell,https://fantasy.premierleague.com/dist/img/shirts/standard/shirt_31-110.png
1841,Borna Sosa,Sosa,B. Sosa,https://fantasy.premierleague.com/dist/img/shirts/standard/shirt_31-110.png
273,Chadi Riad Dnanou,Chadi Riad,Chadi Riad,https://fantasy.premierleague.com/dist/img/shirts/standard/shirt_31-110.png
2057,Oscar Mingueza,Mingueza,Mingueza,https://fantasy.premierleague.com/dist/img/shirts/standard/shirt_31-110.png
659,Ismaïla Sarr,Sarr,I. Sarr,https://fantasy.premierleague.com/dist/img/shirts/standard/shirt_31-110.png
24,Adam Wharton,Wharton,Wharton,https://fantasy.premierleague.com/dist/img/shirts/standard/shirt_31-110.png
1845,Yéremy Pino Santos,Yeremy,Yeremy,https://fantasy.premierleague.com/dist/img/shirts/standard/shirt_31-110.png
1702,Will Hughes,Hughes,W. Hughes,https://fantasy.premierleague.com/dist/img/shirts/standard/shirt_31-110.png
773,Jefferson Lerma Solís,Lerma,Lerma,https://fantasy.premierleague.com/dist/img/shirts/standard/shirt_31-110.png
341,Daichi Kamada,Kamada,Kamada,https://fantasy.premierleague.com/dist/img/shirts/standard/shirt_31-110.png
903,Justin Devenny,Devenny,Devenny,https://fantasy.premierleague.com/dist/img/shirts/standard/shirt_31-110.png
1437,Romain Esse,Esse,Esse,https://fantasy.premierleague.com/dist/img/shirts/standard/shirt_31-110.png
1141,Matheus França de Oliveira,M.França,M.França,https://fantasy.premierleague.com/dist/img/shirts/standard/shirt_31-110.png
285,Cheick Doucouré,Doucouré,C. Doucouré,https://fantasy.premierleague.com/dist/img/shirts/standard/shirt_31-110.png
784,Jesurun Rak-Sakyi,J.Rak-Sakyi,J.Rak-Sakyi,https://fantasy.premierleague.com/dist/img/shirts/standard/shirt_31-110.png
1844,Rio Cardines,Cardines,Cardines,https://fantasy.premierleague.com/dist/img/shirts/standard/shirt_31-110.png
1848,Joél Drakes-Thomas,Drakes-Thomas,Drakes-Thomas,https://fantasy.premierleague.com/dist/img/shirts/standard/shirt_31-110.png
908,Jørgen Strand Larsen,Strand Larsen,Strand Larsen,https://fantasy.premierleague.com/dist/img/shirts/standard/shirt_31-110.png
769,Jean-Philippe Mateta,Mateta,Mateta,https://fantasy.premierleague.com/dist/img/shirts/standard/shirt_31-110.png
442,Eddie Nketiah,Nketiah,E. Nketiah,https://fantasy.premierleague.com/dist/img/shirts/standard/shirt_31-110.png
1847,Christantus Uche,Uche,Uche,https://fantasy.premierleague.com/dist/img/shirts/standard/shirt_31-110.png
437,Dwight McNeil,McNeil,McNeil,https://fantasy.premierleague.com/dist/img/shirts/standard/shirt_31-110.png
1401,Remi Matthews,Matthews,Matthews,https://fantasy.premierleague.com/dist/img/shirts/standard/shirt_31-110.png
1637,Takehiro Tomiyasu,Tomiyasu,Tomiyasu,https://fantasy.premierleague.com/dist/img/shirts/standard/shirt_31-110.png
2058,Anan Khalaili,Khalaili,Khalaili,https://fantasy.premierleague.com/dist/img/shirts/standard/shirt_31-110.png
2059,Zavier Gozo,Gozo,Gozo,https://fantasy.premierleague.com/dist/img/shirts/standard/shirt_31-110.png
2138,Honest Ahanor,Ahanor,Ahanor,https://fantasy.premierleague.com/dist/img/shirts/standard/shirt_31-110.png
165,Ben Chilwell,Chilwell,B. Chilwell,https://fantasy.premierleague.com/dist/img/shirts/standard/shirt_31-110.png
2139,Quinten Timber,Timber,Timber,https://fantasy.premierleague.com/dist/img/shirts/standard/shirt_31-110.png
2140,Darío Osorio,Osorio,Osorio,https://fantasy.premierleague.com/dist/img/shirts/standard/shirt_31-110.png
303,Christian Nørgaard,Nørgaard,Nørgaard,https://fantasy.premierleague.com/dist/img/shirts/standard/shirt_11-110.png
222,Brennan Johnson,Johnson,B. Johnson,https://fantasy.premierleague.com/dist/img/shirts/standard/shirt_11-110.png
842,Jordan Pickford,Pickford,Pickford,https://fantasy.premierleague.com/dist/img/shirts/standard/shirt_11-110.png
1115,Mark Travers,Travers,Travers,https://fantasy.premierleague.com/dist/img/shirts/standard/shirt_11-110.png
1632,Tom King,King,T. King,https://fantasy.premierleague.com/dist/img/shirts/standard/shirt_11-110.png
734,James Tarkowski,Tarkowski,Tarkowski,https://fantasy.premierleague.com/dist/img/shirts/standard/shirt_11-110.png
751,Jarrad Branthwaite,Branthwaite,Branthwaite,https://fantasy.premierleague.com/dist/img/shirts/standard/shirt_11-110.png
1203,Michael Keane,Keane,Keane,https://fantasy.premierleague.com/dist/img/shirts/standard/shirt_11-110.png
707,Jake O'Brien,O'Brien,J. O'Brien,https://fantasy.premierleague.com/dist/img/shirts/standard/shirt_11-110.png
1678,Vitalii Mykolenko,Mykolenko,Mykolenko,https://fantasy.premierleague.com/dist/img/shirts/standard/shirt_11-110.png
1259,Nathan Patterson,Patterson,N. Patterson,https://fantasy.premierleague.com/dist/img/shirts/standard/shirt_11-110.png
1854,Adam Aznou,Aznou,Aznou,https://fantasy.premierleague.com/dist/img/shirts/standard/shirt_11-110.png
958,Kiernan Dewsbury-Hall,Dewsbury-Hall,Dewsbury-Hall,https://fantasy.premierleague.com/dist/img/shirts/standard/shirt_11-110.png
673,Jack Grealish,Grealish,Grealish,https://fantasy.premierleague.com/dist/img/shirts/standard/shirt_11-110.png
720,James Garner,Garner,Garner,https://fantasy.premierleague.com/dist/img/shirts/standard/shirt_11-110.png
1665,Tyrique George,George,George,https://fantasy.premierleague.com/dist/img/shirts/standard/shirt_11-110.png
257,Carlos Alcaraz Durán,Alcaraz,Alcaraz,https://fantasy.premierleague.com/dist/img/shirts/standard/shirt_11-110.png
600,Harrison Armstrong,Armstrong,H. Armstrong,https://fantasy.premierleague.com/dist/img/shirts/standard/shirt_11-110.png
1656,Tyler Dibling,Dibling,Dibling,https://fantasy.premierleague.com/dist/img/shirts/standard/shirt_11-110.png
1855,Merlin Röhl,Röhl,Röhl,https://fantasy.premierleague.com/dist/img/shirts/standard/shirt_11-110.png
2060,Hayden Hackney,Hackney,Hackney,https://fantasy.premierleague.com/dist/img/shirts/standard/shirt_11-110.png
1294,Norberto Bercique Gomes Betuncal,Beto,Beto,https://fantasy.premierleague.com/dist/img/shirts/standard/shirt_11-110.png
1853,Thierno Barry,Barry,Barry,https://fantasy.premierleague.com/dist/img/shirts/standard/shirt_11-110.png
39,Ainsley Maitland-Niles,Maitland-Niles,Maitland-Niles,https://fantasy.premierleague.com/dist/img/shirts/standard/shirt_11-110.png
196,Bernd Leno,Leno,Leno,https://fantasy.premierleague.com/dist/img/shirts/standard/shirt_54-110.png
1857,Benjamin Lecomte,Lecomte,Lecomte,https://fantasy.premierleague.com/dist/img/shirts/standard/shirt_54-110.png
1862,Alfie McNally,McNally,A. McNally,https://fantasy.premierleague.com/dist/img/shirts/standard/shirt_54-110.png
791,Joachim Andersen,Andersen,J. Andersen,https://fantasy.premierleague.com/dist/img/shirts/standard/shirt_54-110.png
123,Antonee Robinson,Robinson,A. Robinson,https://fantasy.premierleague.com/dist/img/shirts/standard/shirt_54-110.png
846,Jorge Cuenca Barreno,J.Cuenca,J.Cuenca,https://fantasy.premierleague.com/dist/img/shirts/standard/shirt_54-110.png
941,Kenny Tete,Tete,Tete,https://fantasy.premierleague.com/dist/img/shirts/standard/shirt_54-110.png
247,Calvin Bassey,Bassey,Bassey,https://fantasy.premierleague.com/dist/img/shirts/standard/shirt_54-110.png
1618,Timothy Castagne,Castagne,Castagne,https://fantasy.premierleague.com/dist/img/shirts/standard/shirt_54-110.png
47,Alex Iwobi,Iwobi,Iwobi,https://fantasy.premierleague.com/dist/img/shirts/standard/shirt_54-110.png
463,Emile Smith Rowe,Smith Rowe,Smith Rowe,https://fantasy.premierleague.com/dist/img/shirts/standard/shirt_54-110.png
1859,Kevin Santos Lopes de Macedo,Kevin,Kevin,https://fantasy.premierleague.com/dist/img/shirts/standard/shirt_54-110.png
1332,Oscar Bobb,Bobb,Bobb,https://fantasy.premierleague.com/dist/img/shirts/standard/shirt_54-110.png
1499,Sander Berge,Berge,Berge,https://fantasy.premierleague.com/dist/img/shirts/standard/shirt_54-110.png
1626,Tom Cairney,Cairney,Cairney,https://fantasy.premierleague.com/dist/img/shirts/standard/shirt_54-110.png
865,Josh King,King,J. King,https://fantasy.premierleague.com/dist/img/shirts/standard/shirt_54-110.png
1467,Ryan Sessegnon,Sessegnon,R. Sessegnon,https://fantasy.premierleague.com/dist/img/shirts/standard/shirt_54-110.png
602,Harrison Reed,Reed,Reed,https://fantasy.premierleague.com/dist/img/shirts/standard/shirt_54-110.png
1435,Rodrigo Muniz Carvalho,Muniz,Muniz,https://fantasy.premierleague.com/dist/img/shirts/standard/shirt_54-110.png
1860,Jonah Kusi-Asare,Kusi-Asare,Kusi-Asare,https://fantasy.premierleague.com/dist/img/shirts/standard/shirt_54-110.png
2061,Gonzalo García,Gonzalo,Gonzalo,https://fantasy.premierleague.com/dist/img/shirts/standard/shirt_54-110.png
2062,César Palacios,Palacios,C. Palacios,https://fantasy.premierleague.com/dist/img/shirts/standard/shirt_54-110.png
1531,Shea Charles,Charles,Charles,https://fantasy.premierleague.com/dist/img/shirts/standard/shirt_54-110.png
1029,Luc De Fougerolles,De Fougerolles,De Fougerolles,https://fantasy.premierleague.com/dist/img/shirts/standard/shirt_54-110.png
2131,Macauley Zepa,Zepa,Zepa,https://fantasy.premierleague.com/dist/img/shirts/standard/shirt_54-110.png
2141,Hugo Larsson,Larsson,Larsson,https://fantasy.premierleague.com/dist/img/shirts/standard/shirt_54-110.png
2142,Manuel Ángel Morán Ibáñez,Ángel,Ángel,https://fantasy.premierleague.com/dist/img/shirts/standard/shirt_54-110.png
2143,David Affengruber,Affengruber,Affengruber,https://fantasy.premierleague.com/dist/img/shirts/standard/shirt_54-110.png
1614,Tim Iroegbunam,Iroegbunam,Iroegbunam,https://fantasy.premierleague.com/dist/img/shirts/standard/shirt_88-110.png
2063,Dillon Phillips,Phillips,D. Phillips,https://fantasy.premierleague.com/dist/img/shirts/standard/shirt_88-110.png
668,Jack Butland,Butland,Butland,https://fantasy.premierleague.com/dist/img/shirts/standard/shirt_88-110.png
2064,Harvey Cartwright,Cartwright,H. Cartwright,https://fantasy.premierleague.com/dist/img/shirts/standard/shirt_88-110.png
2065,Thimothée Lo-Tutala,Lo-Tutala,Lo-Tutala,https://fantasy.premierleague.com/dist/img/shirts/standard/shirt_88-110.png
818,John Egan,Egan,Egan,https://fantasy.premierleague.com/dist/img/shirts/standard/shirt_88-110.png
2066,Charlie Hughes,Hughes,C. Hughes,https://fantasy.premierleague.com/dist/img/shirts/standard/shirt_88-110.png
2067,Semi Ajayi,Ajayi,S. Ajayi,https://fantasy.premierleague.com/dist/img/shirts/standard/shirt_88-110.png
2068,Lewie Coyle,Coyle,Coyle,https://fantasy.premierleague.com/dist/img/shirts/standard/shirt_88-110.png
317,Cody Drameh,Drameh,Drameh,https://fantasy.premierleague.com/dist/img/shirts/standard/shirt_88-110.png
1462,Ryan Giles,Giles,Giles,https://fantasy.premierleague.com/dist/img/shirts/standard/shirt_88-110.png
2069,Matty Jacob,Jacob,Jacob,https://fantasy.premierleague.com/dist/img/shirts/standard/shirt_88-110.png
2070,Cathal McCarthy,McCarthy,C. McCarthy,https://fantasy.premierleague.com/dist/img/shirts/standard/shirt_88-110.png
2071,Paddy McNair,McNair,McNair,https://fantasy.premierleague.com/dist/img/shirts/standard/shirt_88-110.png
2072,Mohamed Belloumi,Belloumi,Belloumi,https://fantasy.premierleague.com/dist/img/shirts/standard/shirt_88-110.png
2073,Liam Millar,Millar,Millar,https://fantasy.premierleague.com/dist/img/shirts/standard/shirt_88-110.png
954,Kieran Dowell,Dowell,Dowell,https://fantasy.premierleague.com/dist/img/shirts/standard/shirt_88-110.png
2074,Matt Crooks,Crooks,Crooks,https://fantasy.premierleague.com/dist/img/shirts/standard/shirt_88-110.png
2075,Regan Slater,Slater,R. Slater,https://fantasy.premierleague.com/dist/img/shirts/standard/shirt_88-110.png
2076,Eliot Matazo,Matazo,Matazo,https://fantasy.premierleague.com/dist/img/shirts/standard/shirt_88-110.png
2077,Abdülkadir Ömür,Ömür,Ömür,https://fantasy.premierleague.com/dist/img/shirts/standard/shirt_88-110.png
15,Abu Kamara,Kamara,A. Kamara,https://fantasy.premierleague.com/dist/img/shirts/standard/shirt_88-110.png
2078,Óscar Zambrano,Zambrano,Zambrano,https://fantasy.premierleague.com/dist/img/shirts/standard/shirt_88-110.png
2079,Oli McBurnie,McBurnie,O. McBurnie,https://fantasy.premierleague.com/dist/img/shirts/standard/shirt_88-110.png
2080,David Akintola,Akintola,Akintola,https://fantasy.premierleague.com/dist/img/shirts/standard/shirt_88-110.png
374,Darko Gyabi,Gyabi,Gyabi,https://fantasy.premierleague.com/dist/img/shirts/standard/shirt_88-110.png
2081,Enis Destan,Destan,Destan,https://fantasy.premierleague.com/dist/img/shirts/standard/shirt_88-110.png
1124,Mason Burstow,Burstow,Burstow,https://fantasy.premierleague.com/dist/img/shirts/standard/shirt_88-110.png
797,Joe Gelhardt,Gelhardt,Gelhardt,https://fantasy.premierleague.com/dist/img/shirts/standard/shirt_88-110.png
1160,Matt Targett,Targett,Targett,https://fantasy.premierleague.com/dist/img/shirts/standard/shirt_88-110.png
2082,Hidemasa Morita,Morita,Morita,https://fantasy.premierleague.com/dist/img/shirts/standard/shirt_88-110.png
2083,Konstantinos Tzolakis,Tzolakis,Tzolakis,https://fantasy.premierleague.com/dist/img/shirts/standard/shirt_88-110.png
2084,Jens Hjertø-Dahl,Hjertø-Dahl,Hjertø-Dahl,https://fantasy.premierleague.com/dist/img/shirts/standard/shirt_88-110.png
2085,Elliot Stroud,Stroud,Stroud,https://fantasy.premierleague.com/dist/img/shirts/standard/shirt_88-110.png
2086,Lucas Herrington,Herrington,Herrington,https://fantasy.premierleague.com/dist/img/shirts/standard/shirt_88-110.png
2087,Nobel Mendy,Mendy,N. Mendy,https://fantasy.premierleague.com/dist/img/shirts/standard/shirt_88-110.png
2088,Lucas Gourna-Douath,Gourna-Douath,Gourna-Douath,https://fantasy.premierleague.com/dist/img/shirts/standard/shirt_88-110.png
2127,Mohamed-Ali Cho,Cho,Cho,https://fantasy.premierleague.com/dist/img/shirts/standard/shirt_88-110.png
2144,Ilyas Ansah,Ansah,Ansah,https://fantasy.premierleague.com/dist/img/shirts/standard/shirt_88-110.png
2145,Robinio Vaz,Vaz,Vaz,https://fantasy.premierleague.com/dist/img/shirts/standard/shirt_88-110.png
2146,Brooke Norton-Cuffy,Norton-Cuffy,Norton-Cuffy,https://fantasy.premierleague.com/dist/img/shirts/standard/shirt_88-110.png
2147,Sorba Thomas,Thomas,S. Thomas,https://fantasy.premierleague.com/dist/img/shirts/standard/shirt_88-110.png
2148,Christos Mouzakitis,Mouzakitis,Mouzakitis,https://fantasy.premierleague.com/dist/img/shirts/standard/shirt_88-110.png
661,Issa Diop,Diop,Diop,https://fantasy.premierleague.com/dist/img/shirts/standard/shirt_40-110.png
1507,Saša Lukić,Lukić,Lukić,https://fantasy.premierleague.com/dist/img/shirts/standard/shirt_40-110.png
306,Christian Walton,Walton,C. Walton,https://fantasy.premierleague.com/dist/img/shirts/standard/shirt_40-110.png
55,Alex Palmer,Palmer,A. Palmer,https://fantasy.premierleague.com/dist/img/shirts/standard/shirt_40-110.png
379,David Button,Button,Button,https://fantasy.premierleague.com/dist/img/shirts/standard/shirt_40-110.png
2089,Cédric Kipré,Kipré,Kipré,https://fantasy.premierleague.com/dist/img/shirts/standard/shirt_40-110.png
372,Dara O'Shea,O'Shea,O'Shea,https://fantasy.premierleague.com/dist/img/shirts/standard/shirt_40-110.png
989,Leif Davis,Davis,L. Davis,https://fantasy.premierleague.com/dist/img/shirts/standard/shirt_40-110.png
692,Jacob Greaves,Greaves,Greaves,https://fantasy.premierleague.com/dist/img/shirts/standard/shirt_40-110.png
173,Ben Johnson,Johnson,B. Johnson,https://fantasy.premierleague.com/dist/img/shirts/standard/shirt_40-110.png
375,Darnell Furlong,Furlong,D. Furlong,https://fantasy.premierleague.com/dist/img/shirts/standard/shirt_40-110.png
2090,Marcelino Núñez,Núñez,Núñez,https://fantasy.premierleague.com/dist/img/shirts/standard/shirt_40-110.png
2091,Azor Matusiwa,Matusiwa,Matusiwa,https://fantasy.premierleague.com/dist/img/shirts/standard/shirt_40-110.png
1688,Wes Burns,Burns,Burns,https://fantasy.premierleague.com/dist/img/shirts/standard/shirt_40-110.png
685,Jack Taylor,Taylor,J. Taylor,https://fantasy.premierleague.com/dist/img/shirts/standard/shirt_40-110.png
669,Jack Clarke,Clarke,J. Clarke,https://fantasy.premierleague.com/dist/img/shirts/standard/shirt_40-110.png
290,Chiedozie Ogbene,Ogbene,Ogbene,https://fantasy.premierleague.com/dist/img/shirts/standard/shirt_40-110.png
12,Abdul Fatawu,Fatawu,Fatawu,https://fantasy.premierleague.com/dist/img/shirts/standard/shirt_40-110.png
2092,Emersonn Correia da Silva,Emersonn,Emersonn,https://fantasy.premierleague.com/dist/img/shirts/standard/shirt_40-110.png
568,George Hirst,Hirst,Hirst,https://fantasy.premierleague.com/dist/img/shirts/standard/shirt_40-110.png
699,Jaden Philogene,Philogene,Philogene,https://fantasy.premierleague.com/dist/img/shirts/standard/shirt_40-110.png
1485,Sam Szmodics,Szmodics,Szmodics,https://fantasy.premierleague.com/dist/img/shirts/standard/shirt_40-110.png
2093,Chuba Akpom,Akpom,Akpom,https://fantasy.premierleague.com/dist/img/shirts/standard/shirt_40-110.png
2094,Sindre Walle Egeli,Walle Egeli,Walle Egeli,https://fantasy.premierleague.com/dist/img/shirts/standard/shirt_40-110.png
73,Ali Al-Hamadi,Al-Hamadi,Al-Hamadi,https://fantasy.premierleague.com/dist/img/shirts/standard/shirt_40-110.png
928,Kasey McAteer,McAteer,McAteer,https://fantasy.premierleague.com/dist/img/shirts/standard/shirt_40-110.png
2095,Anis Mehmeti,Mehmeti,Mehmeti,https://fantasy.premierleague.com/dist/img/shirts/standard/shirt_40-110.png
2096,Kayne van Oevelen,Van Oevelen,Van Oevelen,https://fantasy.premierleague.com/dist/img/shirts/standard/shirt_40-110.png
2097,Daizen Maeda,Maeda,Maeda,https://fantasy.premierleague.com/dist/img/shirts/standard/shirt_40-110.png
962,Kjell Scherpen,Scherpen,Scherpen,https://fantasy.premierleague.com/dist/img/shirts/standard/shirt_40-110.png
1789,Florentino Ibrain Morris Luís,Florentino,Florentino,https://fantasy.premierleague.com/dist/img/shirts/standard/shirt_40-110.png
895,Julio Enciso,Enciso,Enciso,https://fantasy.premierleague.com/dist/img/shirts/standard/shirt_40-110.png
2098,Abdoul Ouattara,Ouattara,Ouattara,https://fantasy.premierleague.com/dist/img/shirts/standard/shirt_40-110.png
252,Cameron Humphreys,Humphreys,C. Humphreys,https://fantasy.premierleague.com/dist/img/shirts/standard/shirt_40-110.png
2128,Exequiel Palacios,Palacios,E. Palacios,https://fantasy.premierleague.com/dist/img/shirts/standard/shirt_40-110.png
1787,Zian Flemming,Flemming,Flemming,https://fantasy.premierleague.com/dist/img/shirts/standard/shirt_40-110.png
614,Harry Wilson,Wilson,H. Wilson,https://fantasy.premierleague.com/dist/img/shirts/standard/shirt_2-110.png
1876,Lucas Estella Perri,Perri,Perri,https://fantasy.premierleague.com/dist/img/shirts/standard/shirt_2-110.png
1864,Jaka Bijol,Bijol,Bijol,https://fantasy.premierleague.com/dist/img/shirts/standard/shirt_2-110.png
805,Joe Rodon,Rodon,Rodon,https://fantasy.premierleague.com/dist/img/shirts/standard/shirt_2-110.png
760,Jayden Bogle,Bogle,Bogle,https://fantasy.premierleague.com/dist/img/shirts/standard/shirt_2-110.png
1866,Gabriel Gudmundsson,Gudmundsson,G. Gudmundsson,https://fantasy.premierleague.com/dist/img/shirts/standard/shirt_2-110.png
722,James Justin,Justin,Justin,https://fantasy.premierleague.com/dist/img/shirts/standard/shirt_2-110.png
1865,Sebastiaan Bornauw,Bornauw,Bornauw,https://fantasy.premierleague.com/dist/img/shirts/standard/shirt_2-110.png
2099,Tarik Muharemović,Muharemović,Muharemović,https://fantasy.premierleague.com/dist/img/shirts/standard/shirt_2-110.png
1875,Anton Stach,Stach,Stach,https://fantasy.premierleague.com/dist/img/shirts/standard/shirt_2-110.png
1877,Noah Okafor,Okafor,Okafor,https://fantasy.premierleague.com/dist/img/shirts/standard/shirt_2-110.png
221,Brenden Aaronson,Aaronson,Aaronson,https://fantasy.premierleague.com/dist/img/shirts/standard/shirt_2-110.png
484,Ethan Ampadu,Ampadu,Ampadu,https://fantasy.premierleague.com/dist/img/shirts/standard/shirt_2-110.png
1515,Sean Longstaff,Longstaff,Longstaff,https://fantasy.premierleague.com/dist/img/shirts/standard/shirt_2-110.png
1697,Wilfried Gnonto,Gnonto,Gnonto,https://fantasy.premierleague.com/dist/img/shirts/standard/shirt_2-110.png
675,Jack Harrison,Harrison,J. Harrison,https://fantasy.premierleague.com/dist/img/shirts/standard/shirt_2-110.png
360,Daniel James,James,D. James,https://fantasy.premierleague.com/dist/img/shirts/standard/shirt_2-110.png
1868,Ilia Gruev,Gruev,Gruev,https://fantasy.premierleague.com/dist/img/shirts/standard/shirt_2-110.png
1870,Tanaka Ao,Tanaka,Tanaka,https://fantasy.premierleague.com/dist/img/shirts/standard/shirt_2-110.png
425,Dominic Calvert-Lewin,Calvert-Lewin,Calvert-Lewin,https://fantasy.premierleague.com/dist/img/shirts/standard/shirt_2-110.png
1874,Lukas Nmecha,Nmecha,L. Nmecha,https://fantasy.premierleague.com/dist/img/shirts/standard/shirt_2-110.png
1872,Joël Piroe,Piroe,Piroe,https://fantasy.premierleague.com/dist/img/shirts/standard/shirt_2-110.png
1873,Mateo Joseph Fernández-Regatillo,Mateo Joseph,M. Fernández-Regatillo,https://fantasy.premierleague.com/dist/img/shirts/standard/shirt_2-110.png
736,James Trafford,Trafford,Trafford,https://fantasy.premierleague.com/dist/img/shirts/standard/shirt_2-110.png
2119,Nico Elvedi,Elvedi,Elvedi,https://fantasy.premierleague.com/dist/img/shirts/standard/shirt_2-110.png
1880,Jayden Lienou,Lienou,Lienou,https://fantasy.premierleague.com/dist/img/shirts/standard/shirt_2-110.png
1882,Alfie Cresswell,Cresswell,A. Cresswell,https://fantasy.premierleague.com/dist/img/shirts/standard/shirt_2-110.png
1863,Alex Cairns,Cairns,Cairns,https://fantasy.premierleague.com/dist/img/shirts/standard/shirt_2-110.png
2132,Michael Zetterer,Zetterer,Zetterer,https://fantasy.premierleague.com/dist/img/shirts/standard/shirt_2-110.png
2149,Melvin Bard,Bard,Bard,https://fantasy.premierleague.com/dist/img/shirts/standard/shirt_2-110.png
2150,Jean-Mattéo Bahoya,Bahoya,Bahoya,https://fantasy.premierleague.com/dist/img/shirts/standard/shirt_2-110.png
75,Alisson Becker,A.Becker,A.Becker,https://fantasy.premierleague.com/dist/img/shirts/standard/shirt_14-110.png
1883,Giorgi Mamardashvili,Mamardashvili,Mamardashvili,https://fantasy.premierleague.com/dist/img/shirts/standard/shirt_14-110.png
544,Freddie Woodman,Woodman,Woodman,https://fantasy.premierleague.com/dist/img/shirts/standard/shirt_14-110.png
2100,Armin Pecsi,Pecsi,Pecsi,https://fantasy.premierleague.com/dist/img/shirts/standard/shirt_14-110.png
1684,Vitezslav Jaros,Jaros,Jaros,https://fantasy.premierleague.com/dist/img/shirts/standard/shirt_14-110.png
617,Harvey Davies,Davies,H. Davies,https://fantasy.premierleague.com/dist/img/shirts/standard/shirt_14-110.png
1677,Virgil van Dijk,Virgil,Virgil,https://fantasy.premierleague.com/dist/img/shirts/standard/shirt_14-110.png
1885,Jeremie Frimpong,Frimpong,Frimpong,https://fantasy.premierleague.com/dist/img/shirts/standard/shirt_14-110.png
1221,Milos Kerkez,Kerkez,Kerkez,https://fantasy.premierleague.com/dist/img/shirts/standard/shirt_14-110.png
798,Joe Gomez,Gomez,J. Gomez,https://fantasy.premierleague.com/dist/img/shirts/standard/shirt_14-110.png
323,Conor Bradley,Bradley,Bradley,https://fantasy.premierleague.com/dist/img/shirts/standard/shirt_14-110.png
1892,Wellity Lucky,Lucky,Lucky,https://fantasy.premierleague.com/dist/img/shirts/standard/shirt_14-110.png
2101,Jeremy Jacquet,Jacquet,Jacquet,https://fantasy.premierleague.com/dist/img/shirts/standard/shirt_14-110.png
1890,Giovanni Leoni,Leoni,Leoni,https://fantasy.premierleague.com/dist/img/shirts/standard/shirt_14-110.png
2102,Kostas Tsimikas,Tsimikas,K. Tsimikas,https://fantasy.premierleague.com/dist/img/shirts/standard/shirt_14-110.png
248,Calvin Ramsay,Ramsay,C. Ramsay,https://fantasy.premierleague.com/dist/img/shirts/standard/shirt_14-110.png
1886,Florian Wirtz,Wirtz,Wirtz,https://fantasy.premierleague.com/dist/img/shirts/standard/shirt_14-110.png
318,Cody Gakpo,Gakpo,Gakpo,https://fantasy.premierleague.com/dist/img/shirts/standard/shirt_14-110.png
430,Dominik Szoboszlai,Szoboszlai,Szoboszlai,https://fantasy.premierleague.com/dist/img/shirts/standard/shirt_14-110.png
1889,Rio Ngumoha,Ngumoha,Ngumoha,https://fantasy.premierleague.com/dist/img/shirts/standard/shirt_14-110.png
506,Federico Chiesa,Chiesa,Chiesa,https://fantasy.premierleague.com/dist/img/shirts/standard/shirt_14-110.png
1463,Ryan Gravenberch,Gravenberch,Gravenberch,https://fantasy.premierleague.com/dist/img/shirts/standard/shirt_14-110.png
65,Alexis Mac Allister,Mac Allister,Mac Allister,https://fantasy.premierleague.com/dist/img/shirts/standard/shirt_14-110.png
337,Curtis Jones,C.Jones,C.Jones,https://fantasy.premierleague.com/dist/img/shirts/standard/shirt_14-110.png
470,Endo Wataru,Endo,Endo,https://fantasy.premierleague.com/dist/img/shirts/standard/shirt_14-110.png
1887,Trey Nyoni,Nyoni,T. Nyoni,https://fantasy.premierleague.com/dist/img/shirts/standard/shirt_14-110.png
1551,Stefan Bajčetić Maquieira,Bajcetic,S. Maquieira,https://fantasy.premierleague.com/dist/img/shirts/standard/shirt_14-110.png
2103,Victor Munoz,Munoz,Munoz,https://fantasy.premierleague.com/dist/img/shirts/standard/shirt_14-110.png
727,James McConnell,McConnell,McConnell,https://fantasy.premierleague.com/dist/img/shirts/standard/shirt_14-110.png
61,Alexander Isak,Isak,Isak,https://fantasy.premierleague.com/dist/img/shirts/standard/shirt_14-110.png
1888,Hugo Ekitiké,Ekitiké,Ekitiké,https://fantasy.premierleague.com/dist/img/shirts/standard/shirt_14-110.png
1006,Lewis Koumas,Koumas,Koumas,https://fantasy.premierleague.com/dist/img/shirts/standard/shirt_14-110.png
761,Jayden Danns,Danns,Danns,https://fantasy.premierleague.com/dist/img/shirts/standard/shirt_14-110.png
618,Harvey Elliott,Elliott,Elliott,https://fantasy.premierleague.com/dist/img/shirts/standard/shirt_14-110.png
2104,Ronald Araujo,Araujo,Araujo,https://fantasy.premierleague.com/dist/img/shirts/standard/shirt_14-110.png
2133,Bradley Barcola,Barcola,Barcola,https://fantasy.premierleague.com/dist/img/shirts/standard/shirt_14-110.png
476,Enzo Fernández,Enzo,Enzo,https://fantasy.premierleague.com/dist/img/shirts/standard/shirt_43-110.png
644,Iliman Ndiaye,Ndiaye,I. Ndiaye,https://fantasy.premierleague.com/dist/img/shirts/standard/shirt_43-110.png
1899,Gianluigi Donnarumma,Donnarumma,Donnarumma,https://fantasy.premierleague.com/dist/img/shirts/standard/shirt_43-110.png
1103,Marcus Bettinelli,Bettinelli,Bettinelli,https://fantasy.premierleague.com/dist/img/shirts/standard/shirt_43-110.png
1278,Nico O'Reilly,O'Reilly,N. O'Reilly,https://fantasy.premierleague.com/dist/img/shirts/standard/shirt_43-110.png
1089,Marc Guéhi,Guéhi,Guéhi,https://fantasy.premierleague.com/dist/img/shirts/standard/shirt_43-110.png
1142,Matheus Nunes,Matheus N.,Matheus N.,https://fantasy.premierleague.com/dist/img/shirts/standard/shirt_43-110.png
1470,Rúben dos Santos Gato Alves Dias,Rúben,Rúben,https://fantasy.premierleague.com/dist/img/shirts/standard/shirt_43-110.png
888,Joško Gvardiol,Gvardiol,Gvardiol,https://fantasy.premierleague.com/dist/img/shirts/standard/shirt_43-110.png
1392,Rayan Aït-Nouri,Aït-Nouri,Aït-Nouri,https://fantasy.premierleague.com/dist/img/shirts/standard/shirt_43-110.png
11,Abdukodir Khusanov,Khusanov,Khusanov,https://fantasy.premierleague.com/dist/img/shirts/standard/shirt_43-110.png
1180,Max Alleyne,Alleyne,Alleyne,https://fantasy.premierleague.com/dist/img/shirts/standard/shirt_43-110.png
1417,Rico Lewis,Lewis,R. Lewis,https://fantasy.premierleague.com/dist/img/shirts/standard/shirt_43-110.png
1681,Vitor de Oliveira Nunes dos Reis,Vitor Reis,Vitor Reis,https://fantasy.premierleague.com/dist/img/shirts/standard/shirt_43-110.png
122,Antoine Semenyo,Semenyo,Semenyo,https://fantasy.premierleague.com/dist/img/shirts/standard/shirt_43-110.png
1370,Phil Foden,Foden,Foden,https://fantasy.premierleague.com/dist/img/shirts/standard/shirt_43-110.png
1895,Rayan Cherki,Cherki,Cherki,https://fantasy.premierleague.com/dist/img/shirts/standard/shirt_43-110.png
906,Jérémy Doku,Doku,Doku,https://fantasy.premierleague.com/dist/img/shirts/standard/shirt_43-110.png
1430,Rodrigo 'Rodri' Hernandez Cascante,Rodrigo,R. Cascante,https://fantasy.premierleague.com/dist/img/shirts/standard/shirt_43-110.png
1897,Tijjani Reijnders,Reijnders,Reijnders,https://fantasy.premierleague.com/dist/img/shirts/standard/shirt_43-110.png
1134,Mateo Kovačić,Kovačić,Kovačić,https://fantasy.premierleague.com/dist/img/shirts/standard/shirt_43-110.png
313,Claudio Echeverri,Echeverri,Echeverri,https://fantasy.premierleague.com/dist/img/shirts/standard/shirt_43-110.png
918,Kalvin Phillips,Phillips,K. Phillips,https://fantasy.premierleague.com/dist/img/shirts/standard/shirt_43-110.png
1900,Divine Mukasa,Mukasa,Mukasa,https://fantasy.premierleague.com/dist/img/shirts/standard/shirt_43-110.png
779,Jeremy Monga,Monga,Monga,https://fantasy.premierleague.com/dist/img/shirts/standard/shirt_43-110.png
483,Erling Haaland,Haaland,Haaland,https://fantasy.premierleague.com/dist/img/shirts/standard/shirt_43-110.png
456,Elliot Anderson,Anderson,E. Anderson,https://fantasy.premierleague.com/dist/img/shirts/standard/shirt_43-110.png
2105,Gerónimo Rulli,Rulli,Rulli,https://fantasy.premierleague.com/dist/img/shirts/standard/shirt_43-110.png
2124,Ayyoub Bouaddi,Bouaddi,Bouaddi,https://fantasy.premierleague.com/dist/img/shirts/standard/shirt_43-110.png
1902,Ryan McAidoo,McAidoo,McAidoo,https://fantasy.premierleague.com/dist/img/shirts/standard/shirt_43-110.png
2129,Kaden Braithwaite,Braithwaite,Braithwaite,https://fantasy.premierleague.com/dist/img/shirts/standard/shirt_43-110.png
2134,Allan Andrade Elias,Allan,A. Elias,https://fantasy.premierleague.com/dist/img/shirts/standard/shirt_43-110.png
1734,Youri Tielemans,Tielemans,Tielemans,https://fantasy.premierleague.com/dist/img/shirts/standard/shirt_1-110.png
258,Carlos Baleba,Baleba,Baleba,https://fantasy.premierleague.com/dist/img/shirts/standard/shirt_1-110.png
99,Andrey Nascimento dos Santos,Andrey Santos,Andrey Santos,https://fantasy.premierleague.com/dist/img/shirts/standard/shirt_1-110.png
924,Karl Darlow,Darlow,Darlow,https://fantasy.premierleague.com/dist/img/shirts/standard/shirt_1-110.png
1908,Senne Lammens,Lammens,Lammens,https://fantasy.premierleague.com/dist/img/shirts/standard/shirt_1-110.png
1905,Altay Bayındır,Bayindir,Bayindir,https://fantasy.premierleague.com/dist/img/shirts/standard/shirt_1-110.png
1631,Tom Heaton,Heaton,Heaton,https://fantasy.premierleague.com/dist/img/shirts/standard/shirt_1-110.png
1353,Patrick Dorgu,Dorgu,Dorgu,https://fantasy.premierleague.com/dist/img/shirts/standard/shirt_1-110.png
1172,Matthijs de Ligt,De Ligt,De Ligt,https://fantasy.premierleague.com/dist/img/shirts/standard/shirt_1-110.png
413,Diogo Dalot Teixeira,Dalot,Dalot,https://fantasy.premierleague.com/dist/img/shirts/standard/shirt_1-110.png
610,Harry Maguire,Maguire,H. Maguire,https://fantasy.premierleague.com/dist/img/shirts/standard/shirt_1-110.png
1019,Lisandro Martínez,Martinez,L. Martínez,https://fantasy.premierleague.com/dist/img/shirts/standard/shirt_1-110.png
992,Leny Yoro,Yoro,Yoro,https://fantasy.premierleague.com/dist/img/shirts/standard/shirt_1-110.png
152,Ayden Heaven,Heaven,Heaven,https://fantasy.premierleague.com/dist/img/shirts/standard/shirt_1-110.png
1296,Noussair Mazraoui,Mazraoui,Mazraoui,https://fantasy.premierleague.com/dist/img/shirts/standard/shirt_1-110.png
1056,Luke Shaw,Shaw,Shaw,https://fantasy.premierleague.com/dist/img/shirts/standard/shirt_1-110.png
603,Harry Amass,Amass,Amass,https://fantasy.premierleague.com/dist/img/shirts/standard/shirt_1-110.png
1657,Tyler Fredricson,Fredricson,Fredricson,https://fantasy.premierleague.com/dist/img/shirts/standard/shirt_1-110.png
225,Bruno Borges Fernandes,B.Fernandes,B.Fernandes,https://fantasy.premierleague.com/dist/img/shirts/standard/shirt_1-110.png
229,Bryan Mbeumo,Mbeumo,Mbeumo,https://fantasy.premierleague.com/dist/img/shirts/standard/shirt_1-110.png
1144,Matheus Santos Carneiro da Cunha,Cunha,Cunha,https://fantasy.premierleague.com/dist/img/shirts/standard/shirt_1-110.png
1107,Marcus Rashford,Rashford,Rashford,https://fantasy.premierleague.com/dist/img/shirts/standard/shirt_1-110.png
1127,Mason Mount,Mount,Mount,https://fantasy.premierleague.com/dist/img/shirts/standard/shirt_1-110.png
82,Amad Diallo,Amad,Amad,https://fantasy.premierleague.com/dist/img/shirts/standard/shirt_1-110.png
963,Kobbie Mainoo,Mainoo,Mainoo,https://fantasy.premierleague.com/dist/img/shirts/standard/shirt_1-110.png
1085,Manuel Ugarte Ribeiro,Ugarte,Ugarte,https://fantasy.premierleague.com/dist/img/shirts/standard/shirt_1-110.png
672,Jack Fletcher,J.Fletcher,J.Fletcher,https://fantasy.premierleague.com/dist/img/shirts/standard/shirt_1-110.png
1909,Shea Lacey,Lacey,Lacey,https://fantasy.premierleague.com/dist/img/shirts/standard/shirt_1-110.png
1623,Toby Collyer,Collyer,Collyer,https://fantasy.premierleague.com/dist/img/shirts/standard/shirt_1-110.png
1910,Bendito Mantato,Bendito Mantato,Bendito Mantato,https://fantasy.premierleague.com/dist/img/shirts/standard/shirt_1-110.png
1911,Tyler Fletcher,Fletcher,T. Fletcher,https://fantasy.premierleague.com/dist/img/shirts/standard/shirt_1-110.png
1907,Benjamin Sesko,Šeško,Šeško,https://fantasy.premierleague.com/dist/img/shirts/standard/shirt_1-110.png
876,Joshua Zirkzee,Zirkzee,Zirkzee,https://fantasy.premierleague.com/dist/img/shirts/standard/shirt_1-110.png
289,Chido Obi,Obi,Obi,https://fantasy.premierleague.com/dist/img/shirts/standard/shirt_1-110.png
1277,Nico González Iglesias,N.Gonzalez,N.Gonzalez,https://fantasy.premierleague.com/dist/img/shirts/standard/shirt_4-110.png
1275,Nick Pope,Pope,Pope,https://fantasy.premierleague.com/dist/img/shirts/standard/shirt_4-110.png
1112,Mark Gillespie,Gillespie,Gillespie,https://fantasy.premierleague.com/dist/img/shirts/standard/shirt_4-110.png
2106,Ewen Jaouen,Jaouen,Jaouen,https://fantasy.premierleague.com/dist/img/shirts/standard/shirt_4-110.png
1914,Malick Thiaw,Thiaw,Thiaw,https://fantasy.premierleague.com/dist/img/shirts/standard/shirt_4-110.png
498,Fabian Schär,Schär,Schär,https://fantasy.premierleague.com/dist/img/shirts/standard/shirt_4-110.png
1566,Sven Botman,Botman,Botman,https://fantasy.premierleague.com/dist/img/shirts/standard/shirt_4-110.png
346,Dan Burn,Burn,Burn,https://fantasy.premierleague.com/dist/img/shirts/standard/shirt_4-110.png
1005,Lewis Hall,Hall,L. Hall,https://fantasy.premierleague.com/dist/img/shirts/standard/shirt_4-110.png
1620,Tino Livramento,Livramento,T. Livramento,https://fantasy.premierleague.com/dist/img/shirts/standard/shirt_4-110.png
53,Alex Murphy,A.Murphy,A.Murphy,https://fantasy.premierleague.com/dist/img/shirts/standard/shirt_4-110.png
616,Harvey Barnes,Barnes,H. Barnes,https://fantasy.premierleague.com/dist/img/shirts/standard/shirt_4-110.png
117,Anthony Elanga,Elanga,Elanga,https://fantasy.premierleague.com/dist/img/shirts/standard/shirt_4-110.png
694,Jacob Ramsey,J.Ramsey,J.Ramsey,https://fantasy.premierleague.com/dist/img/shirts/standard/shirt_4-110.png
693,Jacob Murphy,J.Murphy,J.Murphy,https://fantasy.premierleague.com/dist/img/shirts/standard/shirt_4-110.png
817,Joelinton Cássio Apolinário de Lira,Joelinton,Joelinton,https://fantasy.premierleague.com/dist/img/shirts/standard/shirt_4-110.png
1007,Lewis Miley,L.Miley,L.Miley,https://fantasy.premierleague.com/dist/img/shirts/standard/shirt_4-110.png
810,Joe Willock,Willock,J. Willock,https://fantasy.premierleague.com/dist/img/shirts/standard/shirt_4-110.png
2107,Bazoumana Touré,Touré,Touré,https://fantasy.premierleague.com/dist/img/shirts/standard/shirt_4-110.png
2108,Sean Steur,Steur,Steur,https://fantasy.premierleague.com/dist/img/shirts/standard/shirt_4-110.png
1916,Nick Woltemade,Woltemade,Woltemade,https://fantasy.premierleague.com/dist/img/shirts/standard/shirt_4-110.png
1732,Yoane Wissa,Wissa,Wissa,https://fantasy.premierleague.com/dist/img/shirts/standard/shirt_4-110.png
1707,William Osula,Osula,Osula,https://fantasy.premierleague.com/dist/img/shirts/standard/shirt_4-110.png
1517,Sean Neave,Neave,Neave,https://fantasy.premierleague.com/dist/img/shirts/standard/shirt_4-110.png
2109,Aladji Bamba,Bamba,Bamba,https://fantasy.premierleague.com/dist/img/shirts/standard/shirt_4-110.png
2110,Lukás Hornícek,Horníček,Horníček,https://fantasy.premierleague.com/dist/img/shirts/standard/shirt_4-110.png
2111,Amar Dedic,Dedić,Dedić,https://fantasy.premierleague.com/dist/img/shirts/standard/shirt_4-110.png
1917,Leo Shahar,Shahar,Shahar,https://fantasy.premierleague.com/dist/img/shirts/standard/shirt_4-110.png
2151,Matias Fernandez-Pardo,Fernandez-Pardo,Fernandez-Pardo,https://fantasy.premierleague.com/dist/img/shirts/standard/shirt_4-110.png
1014,Liam Delap,Delap,Delap,https://fantasy.premierleague.com/dist/img/shirts/standard/shirt_17-110.png
363,Daniel Muñoz Mejía,Muñoz,Muñoz,https://fantasy.premierleague.com/dist/img/shirts/standard/shirt_17-110.png
1176,Matz Sels,Sels,Sels,https://fantasy.premierleague.com/dist/img/shirts/standard/shirt_17-110.png
1925,John Victor Maciel Furtado,John,J. Furtado,https://fantasy.premierleague.com/dist/img/shirts/standard/shirt_17-110.png
1270,Neco Williams,N.Williams,N.Williams,https://fantasy.premierleague.com/dist/img/shirts/standard/shirt_17-110.png
510,Felipe Rodrigues da Silva,Morato,Morato,https://fantasy.premierleague.com/dist/img/shirts/standard/shirt_17-110.png
1287,Nikola Milenković,Milenković,Milenković,https://fantasy.premierleague.com/dist/img/shirts/standard/shirt_17-110.png
1242,Murillo Costa dos Santos,Murillo,Murillo,https://fantasy.premierleague.com/dist/img/shirts/standard/shirt_17-110.png
1306,Ola Aina,Aina,O. Aina,https://fantasy.premierleague.com/dist/img/shirts/standard/shirt_17-110.png
1920,Jair Paula da Cunha Filho,Jair Cunha,Jair Cunha,https://fantasy.premierleague.com/dist/img/shirts/standard/shirt_17-110.png
1926,Nicolò Savona,Savona,Savona,https://fantasy.premierleague.com/dist/img/shirts/standard/shirt_17-110.png
1325,Omar Richards,O.Richards,O.Richards,https://fantasy.premierleague.com/dist/img/shirts/standard/shirt_17-110.png
1738,Zach Abbott,Abbott,Z. Abbott,https://fantasy.premierleague.com/dist/img/shirts/standard/shirt_17-110.png
1930,Luca Netz,Netz,Netz,https://fantasy.premierleague.com/dist/img/shirts/standard/shirt_17-110.png
2112,Tyler Bindon,Bindon,Bindon,https://fantasy.premierleague.com/dist/img/shirts/standard/shirt_17-110.png
1235,Morgan Gibbs-White,Gibbs-White,Gibbs-White,https://fantasy.premierleague.com/dist/img/shirts/standard/shirt_17-110.png
240,Callum Hudson-Odoi,Hudson-Odoi,Hudson-Odoi,https://fantasy.premierleague.com/dist/img/shirts/standard/shirt_17-110.png
1923,Dan Ndoye,Ndoye,Ndoye,https://fantasy.premierleague.com/dist/img/shirts/standard/shirt_17-110.png
1327,Omari Hutchinson,Hutchinson,Hutchinson,https://fantasy.premierleague.com/dist/img/shirts/standard/shirt_17-110.png
1928,Dilane Bakwa,Bakwa,Bakwa,https://fantasy.premierleague.com/dist/img/shirts/standard/shirt_17-110.png
725,James McAtee,McAtee,J. McAtee,https://fantasy.premierleague.com/dist/img/shirts/standard/shirt_17-110.png
1282,Nicolás Domínguez,Dominguez,Dominguez,https://fantasy.premierleague.com/dist/img/shirts/standard/shirt_17-110.png
638,Ibrahim Sangaré,I.Sangaré,I.Sangaré,https://fantasy.premierleague.com/dist/img/shirts/standard/shirt_17-110.png
1469,Ryan Yates,Yates,Yates,https://fantasy.premierleague.com/dist/img/shirts/standard/shirt_17-110.png
295,Chris Wood,Wood,Wood,https://fantasy.premierleague.com/dist/img/shirts/standard/shirt_17-110.png
1922,Igor Jesus Maciel da Cruz,Igor Jesus,Igor Jesus,https://fantasy.premierleague.com/dist/img/shirts/standard/shirt_17-110.png
1924,Arnaud Kalimuendo,Kalimuendo,Kalimuendo,https://fantasy.premierleague.com/dist/img/shirts/standard/shirt_17-110.png
2113,Xaver Schlager,Schlager,Schlager,https://fantasy.premierleague.com/dist/img/shirts/standard/shirt_17-110.png
2114,Ousmane Diomande,Diomande,Diomande,https://fantasy.premierleague.com/dist/img/shirts/standard/shirt_17-110.png
1559,Steven Benda,Benda,Benda,https://fantasy.premierleague.com/dist/img/shirts/standard/shirt_17-110.png
745,Jan Paul van Hecke,Van Hecke,Van Hecke,https://fantasy.premierleague.com/dist/img/shirts/standard/shirt_6-110.png
1644,Tosin Adarabioyo,Tosin,Tosin,https://fantasy.premierleague.com/dist/img/shirts/standard/shirt_6-110.png
1324,Omar Marmoush,Marmoush,Marmoush,https://fantasy.premierleague.com/dist/img/shirts/standard/shirt_6-110.png
1569,Sávio Moreira de Oliveira,Sávio,Sávio,https://fantasy.premierleague.com/dist/img/shirts/standard/shirt_6-110.png
1500,Sandro Tonali,Tonali,Tonali,https://fantasy.premierleague.com/dist/img/shirts/standard/shirt_6-110.png
585,Guglielmo Vicario,Vicario,Vicario,https://fantasy.premierleague.com/dist/img/shirts/standard/shirt_6-110.png
216,Brandon Austin,Austin,B. Austin,https://fantasy.premierleague.com/dist/img/shirts/standard/shirt_6-110.png
126,Antonín Kinský,Kinsky,Kinsky,https://fantasy.premierleague.com/dist/img/shirts/standard/shirt_6-110.png
1118,Martin Dubravka,Dubravka,Dubravka,https://fantasy.premierleague.com/dist/img/shirts/standard/shirt_6-110.png
1102,Marcos Senesi Barón,Senesi,Senesi,https://fantasy.premierleague.com/dist/img/shirts/standard/shirt_6-110.png
1364,Pedro Porro Sauceda,Pedro Porro,Pedro Porro,https://fantasy.premierleague.com/dist/img/shirts/standard/shirt_6-110.png
334,Cristian Romero,Romero,C. Romero,https://fantasy.premierleague.com/dist/img/shirts/standard/shirt_6-110.png
98,Andrew Robertson,Robertson,A. Robertson,https://fantasy.premierleague.com/dist/img/shirts/standard/shirt_6-110.png
1213,Micky van de Ven,Van de Ven,Van de Ven,https://fantasy.premierleague.com/dist/img/shirts/standard/shirt_6-110.png
421,Djed Spence,Spence,Spence,https://fantasy.premierleague.com/dist/img/shirts/standard/shirt_6-110.png
402,Destiny Udogie,Udogie,Udogie,https://fantasy.premierleague.com/dist/img/shirts/standard/shirt_6-110.png
143,Ashley Phillips,Phillips,A. Phillips,https://fantasy.premierleague.com/dist/img/shirts/standard/shirt_6-110.png
166,Ben Davies,Davies,B. Davies,https://fantasy.premierleague.com/dist/img/shirts/standard/shirt_6-110.png
1983,Jun'ai Byfield,Byfield,Byfield,https://fantasy.premierleague.com/dist/img/shirts/standard/shirt_6-110.png
1984,James Rowswell,Rowswell,Rowswell,https://fantasy.premierleague.com/dist/img/shirts/standard/shirt_6-110.png
1987,João Victor de Souza Menezes,Souza,Souza,https://fantasy.premierleague.com/dist/img/shirts/standard/shirt_6-110.png
1231,Mohammed Kudus,Kudus,Kudus,https://fantasy.premierleague.com/dist/img/shirts/standard/shirt_6-110.png
1981,Xavi Simons,Xavi,Xavi,https://fantasy.premierleague.com/dist/img/shirts/standard/shirt_6-110.png
1150,Mathys Tel,Tel,Tel,https://fantasy.premierleague.com/dist/img/shirts/standard/shirt_6-110.png
723,James Maddison,Maddison,Maddison,https://fantasy.premierleague.com/dist/img/shirts/standard/shirt_6-110.png
1431,Rodrigo Bentancur,Bentancur,Bentancur,https://fantasy.premierleague.com/dist/img/shirts/standard/shirt_6-110.png
1716,Wilson Odobert,Odobert,Odobert,https://fantasy.premierleague.com/dist/img/shirts/standard/shirt_6-110.png
1347,Pape Matar Sarr,P.M.Sarr,P.M.Sarr,https://fantasy.premierleague.com/dist/img/shirts/standard/shirt_6-110.png
327,Conor Gallagher,Gallagher,Gallagher,https://fantasy.premierleague.com/dist/img/shirts/standard/shirt_6-110.png
1034,Lucas Bergvall,Bergvall,Bergvall,https://fantasy.premierleague.com/dist/img/shirts/standard/shirt_6-110.png
393,Dejan Kulusevski,Kulusevski,Kulusevski,https://fantasy.premierleague.com/dist/img/shirts/standard/shirt_6-110.png
129,Archie Gray,Gray,A. Gray,https://fantasy.premierleague.com/dist/img/shirts/standard/shirt_6-110.png
1219,Mikey Moore,Moore,M. Moore,https://fantasy.premierleague.com/dist/img/shirts/standard/shirt_6-110.png
242,Callum Olusesi,Olusesi,Olusesi,https://fantasy.premierleague.com/dist/img/shirts/standard/shirt_6-110.png
1136,Mateus Fernandes,Fernandes,M. Fernandes,https://fantasy.premierleague.com/dist/img/shirts/standard/shirt_6-110.png
1980,Dominic Solanke-Mitchell,Solanke,Solanke,https://fantasy.premierleague.com/dist/img/shirts/standard/shirt_6-110.png
1414,Richarlison de Andrade,Richarlison,Richarlison,https://fantasy.premierleague.com/dist/img/shirts/standard/shirt_6-110.png
349,Dane Scarlett,Scarlett,Scarlett,https://fantasy.premierleague.com/dist/img/shirts/standard/shirt_6-110.png
1243,Mykhailo Mudryk,Mudryk,Mudryk,https://fantasy.premierleague.com/dist/img/shirts/standard/shirt_6-110.png
1986,Luca Williams-Barnett,Williams-Barnett,Williams-Barnett,https://fantasy.premierleague.com/dist/img/shirts/standard/shirt_6-110.png
943,Kevin Danso,Danso,Danso,https://fantasy.premierleague.com/dist/img/shirts/standard/shirt_56-110.png
1965,Robin Roefs,Roefs,Roefs,https://fantasy.premierleague.com/dist/img/shirts/standard/shirt_56-110.png
1934,Anthony Patterson,Patterson,A. Patterson,https://fantasy.premierleague.com/dist/img/shirts/standard/shirt_56-110.png
1973,Melker Ellborg,Ellborg,Ellborg,https://fantasy.premierleague.com/dist/img/shirts/standard/shirt_56-110.png
1936,Daniel Ballard,Ballard,D. Ballard,https://fantasy.premierleague.com/dist/img/shirts/standard/shirt_56-110.png
1967,Nordi Mukiele,Mukiele,Mukiele,https://fantasy.premierleague.com/dist/img/shirts/standard/shirt_56-110.png
1937,Trai Hume,Hume,Hume,https://fantasy.premierleague.com/dist/img/shirts/standard/shirt_56-110.png
1966,Omar Alderete,Alderete,Alderete,https://fantasy.premierleague.com/dist/img/shirts/standard/shirt_56-110.png
1944,Reinildo Mandava,Reinildo,Reinildo,https://fantasy.premierleague.com/dist/img/shirts/standard/shirt_56-110.png
1945,Jenson Seelt,Seelt,Seelt,https://fantasy.premierleague.com/dist/img/shirts/standard/shirt_56-110.png
994,Leo Fuhr Hjelde,Hjelde,Hjelde,https://fantasy.premierleague.com/dist/img/shirts/standard/shirt_56-110.png
1942,Luke O'Nien,O'Nien,O'Nien,https://fantasy.premierleague.com/dist/img/shirts/standard/shirt_56-110.png
138,Arthur Masuaku,Masuaku,Masuaku,https://fantasy.premierleague.com/dist/img/shirts/standard/shirt_56-110.png
2115,Thomas Meunier,Meunier,Meunier,https://fantasy.premierleague.com/dist/img/shirts/standard/shirt_56-110.png
1949,Enzo Le Fée,E.Le Fée,E.Le Fée,https://fantasy.premierleague.com/dist/img/shirts/standard/shirt_56-110.png
1946,Habib Diarra,Diarra,Diarra,https://fantasy.premierleague.com/dist/img/shirts/standard/shirt_56-110.png
583,Granit Xhaka,Xhaka,Xhaka,https://fantasy.premierleague.com/dist/img/shirts/standard/shirt_56-110.png
1953,Noah Sadiki,Sadiki,Sadiki,https://fantasy.premierleague.com/dist/img/shirts/standard/shirt_56-110.png
1537,Simon Adingra,Adingra,Adingra,https://fantasy.premierleague.com/dist/img/shirts/standard/shirt_56-110.png
1441,Romaine Mundle,Mundle,Mundle,https://fantasy.premierleague.com/dist/img/shirts/standard/shirt_56-110.png
1952,Chris Rigg,Rigg,Rigg,https://fantasy.premierleague.com/dist/img/shirts/standard/shirt_56-110.png
1954,Chemsdine Talbi,Talbi,Talbi,https://fantasy.premierleague.com/dist/img/shirts/standard/shirt_56-110.png
1972,Djiamgone Jocelin Ta Bi,Jocelin.T,Jocelin.T,https://fantasy.premierleague.com/dist/img/shirts/standard/shirt_56-110.png
1974,Nilson Angulo,N.Angulo,N.Angulo,https://fantasy.premierleague.com/dist/img/shirts/standard/shirt_56-110.png
1969,Brian Brobbey,Brobbey,Brobbey,https://fantasy.premierleague.com/dist/img/shirts/standard/shirt_56-110.png
1960,Wilson Isidor,Isidor,Isidor,https://fantasy.premierleague.com/dist/img/shirts/standard/shirt_56-110.png
2121,Dayann Méthalie,Methalie,Methalie,https://fantasy.premierleague.com/dist/img/shirts/standard/shirt_56-110.png
2125,Jules Ahoka,Ahoka,Ahoka,https://fantasy.premierleague.com/dist/img/shirts/standard/shirt_56-110.png
2152,Malick Fofana,Fofana,M. Fofana,https://fantasy.premierleague.com/dist/img/shirts/standard/shirt_56-110.png
2153,Juan Angulo,J.Angulo,J.Angulo,https://fantasy.premierleague.com/dist/img/shirts/standard/shirt_56-110.png
